Geneid,baseMean,log2FoldChange,lfcSE,stat,pvalue,padj
ENSG00000000000,14.0,-0.06871275008401437,0.2116991619191048,0.9485118022193901,0.10835796683919904,1.0
ENSG00000000001,9.833333333333334,0.14684138832927118,0.14514352601243372,-0.3814346760351237,0.27122361423092406,1.0
ENSG00000000002,8.5,-0.05658352836636726,0.09059493100910788,-0.5645913928917426,0.5421176419491892,1.0
ENSG00000000003,7.0,0.13750352374993474,0.30138837650181416,-1.9374479729936094,0.24803058334801104,1.0
ENSG00000000004,14.333333333333332,-0.06711419585853691,0.057678986098069984,-0.012124547427128325,0.6052207689932245,1.0
ENSG00000000005,14.333333333333334,0.0,0.0038602950603652446,0.20434943003648348,0.7315702875502126,1.0
ENSG00000000006,17.333333333333336,-0.05549511259170374,0.17823523197898739,0.729307645853595,0.1837423368786441,1.0
ENSG00000000007,12.666666666666666,0.0,0.02063888721726949,-1.9177635997752938,0.860193504488371,1.0
ENSG00000000008,15.0,0.06413033741971587,0.19637334777733037,1.6503282472003318,0.8646302946923781,1.0
ENSG00000000009,10.333333333333332,-0.09310940439148147,0.019024334937875725,0.7489837502894441,0.12917088849314556,1.0
ENSG00000000010,11.833333333333332,0.20353339408513188,0.08867540886351127,0.7033826186034501,0.6905448246210351,1.0
ENSG00000000011,13.833333333333332,-0.03476541816067664,0.1052599497972558,-0.005826106807666052,0.8476127058593014,1.0
ENSG00000000012,9.5,0.6698513983076692,0.2628927319929571,-1.690054552077683,0.6869900515251003,1.0
ENSG00000000013,16.0,-0.06012099243757074,0.42413293636622396,-0.09285427015992957,0.4691990914310616,1.0
ENSG00000000014,8.333333333333334,-0.7062687969432899,0.13796645420369194,1.112866277661617,0.7404368924392808,1.0
ENSG00000000015,13.833333333333332,-0.03476541816067664,0.11947668464592243,-2.340006376502143,0.8133054489247064,1.0
ENSG00000000016,13.166666666666666,0.10962449117449823,0.3641937011539463,-0.20607600766367729,0.46209043047014164,1.0
ENSG00000000017,15.5,-0.28010791919273537,0.023315769055947358,-0.9477328298858384,0.2114533652596891,1.0
ENSG00000000018,16.833333333333332,0.20029865048583131,0.11055872762061299,-0.3847567197594384,0.16899794672434174,1.0
ENSG00000000019,17.5,-0.027480736422107174,0.06908285796305046,0.7591255412298461,0.15366516999652535,1.0
ENSG00000000020,6.0,0.48542682717024166,0.19983513599395233,0.41835446348931826,0.9275711562754719,1.0
ENSG00000000021,12.5,-0.4262647547020982,0.3728293797878487,-2.446258179915583,0.5775336598061579,1.0
ENSG00000000022,10.0,-0.09621531525930334,0.14717716018925212,0.29269130296216717,0.35421421975293615,1.0
ENSG00000000023,22.833333333333332,-0.06319382648719396,0.12168722509367187,-0.05093543531601611,0.7932357741634007,1.0
ENSG00000000024,9.833333333333334,-0.14684138832927113,0.22464410179437166,-0.021252577947982607,0.9861519394122042,1.0
ENSG00000000025,7.0,0.0,0.06922836571948254,-1.8994552516280803,0.054531743369218635,1.0
ENSG00000000026,6.166666666666666,-0.07800251200127305,0.3311564194891603,-0.0066889308509490795,0.11213312048031127,1.0
ENSG00000000027,8.5,0.28379296600059134,0.3942507418212961,-0.3996714592583262,0.3106529203427411,1.0
ENSG00000000028,4.833333333333334,-1.9385994553358568,0.3521335818730401,0.003427623449745427,3.732647887022319e-05,0.003732647887022319
ENSG00000000029,7.5,-0.06413033741971574,0.1167515176452111,-1.1210859587610038,0.44305302941188957,1.0
ENSG00000000030,11.5,-0.12553088208385899,0.34395422359209377,-0.29765075437574556,0.6816005170598838,1.0
ENSG00000000031,6.666666666666666,-0.2895066171949848,0.17853123150526476,-1.2612164017527225,0.8402228174596114,1.0
ENSG00000000032,8.5,0.16992500144231237,0.2939764875497996,-0.1401612655487335,0.41478634269806186,1.0
ENSG00000000033,8.666666666666668,-0.22239242133644802,0.016115527036018748,-1.546435533396997,0.667005948205397,1.0
ENSG00000000034,14.0,0.0687127500840143,0.03821746488374123,-0.8960027018755283,0.3620364234890863,1.0
ENSG00000000035,13.166666666666668,-0.2563397532597857,0.026639451165511304,0.44518054289814196,0.27700019164673095,1.0
ENSG00000000036,18.666666666666664,0.051530300640082086,0.08057368889361177,0.12934947166948788,0.6172711571322697,1.0
ENSG00000000037,11.0,-0.0874628412503396,0.13901015668351324,-0.7072477802632811,0.8660980719318605,1.0
ENSG00000000038,11.333333333333332,-0.08488889758651287,0.2235357338220937,-1.091255861140903,0.39774476895251926,1.0
ENSG00000000039,21.833333333333332,0.06608919045777244,0.030985640729471065,-0.301550042034986,0.6249558812783368,1.0
ENSG00000000040,13.166666666666668,0.03652587602511419,0.19941059127593577,-1.8785279936070949,0.2922630847708072,1.0
ENSG00000000041,22.666666666666668,1.064130337419716,0.01662081739448956,0.5976573385505167,1.6177687396417847e-05,0.0016177687396417846
ENSG00000000042,4.666666666666666,-0.4150374992788438,0.1696422879344464,0.9369517426981504,0.5740129425306151,1.0
ENSG00000000043,11.5,0.12553088208385882,0.0676658420363567,0.9830788108132006,0.6038163383598404,1.0
ENSG00000000044,13.833333333333332,-0.24392558288608923,0.14970687700053859,-0.4012122746126317,0.8810209050191695,1.0
ENSG00000000045,20.166666666666668,-0.07155326102503388,0.30944044326627734,-1.2030914287667236,0.8285444337218058,1.0
ENSG00000000046,4.0,0.0,0.012260802722963988,-2.0574363578515715,0.7504456366461136,1.0
ENSG00000000047,12.5,0.1926450779423961,0.06793873794525314,0.517384012910674,0.9001801893825289,1.0
ENSG00000000048,11.0,0.0,0.05697191668029869,0.47934279253732354,0.7746025553463273,1.0
ENSG00000000049,14.166666666666668,-0.03394733192333771,0.04081027949832187,-0.9905771315116751,0.3726060913383206,1.0
ENSG00000000050,10.0,-0.09621531525930334,0.17540927289743566,0.43872924404538116,0.1329762450609925,1.0
ENSG00000000051,14.666666666666666,0.9510903995190534,0.07596167602039353,-0.06515689606077243,0.6607542336098161,1.0
ENSG00000000052,21.333333333333336,-0.04508788952853804,0.03461258981810767,-0.6740525153157869,0.9580451851262856,1.0
ENSG00000000053,6.5,0.07400058144377708,0.17172992580134613,-0.5899166583407937,0.14709305114398963,1.0
ENSG00000000054,23.0,1.0,0.05886874555773745,0.8400771367809612,0.576031069400933,1.0
ENSG00000000055,8.666666666666668,-0.11103131238874367,0.043148771126102506,0.3537110435839016,0.6809786185309475,1.0
ENSG00000000056,15.666666666666666,-0.12285674778553347,0.20933105442219105,-0.23951591582796417,0.8726580445648311,1.0
ENSG00000000057,10.333333333333332,0.09310940439148145,0.12937290474391505,-1.3610733999761409,0.6635683191375523,1.0
ENSG00000000058,9.333333333333332,0.10309349296410342,0.31951851511944424,0.38159598326027727,0.8456894727768139,1.0
ENSG00000000059,11.5,-1.1926450779423958,0.2343437423039541,1.02068178449596,1.1736052024462367e-05,0.0011736052024462367
ENSG00000000060,10.0,-0.09621531525930334,0.4223900638094777,0.5159714791596014,0.8559945619985831,1.0
ENSG00000000061,9.166666666666668,-0.2630344058337938,0.14329001840692093,0.5012417140510956,0.24289636959965388,1.0
ENSG00000000062,15.166666666666666,0.09515723304034003,0.06932747276032923,-0.7118719099978182,0.6140508588770955,1.0
ENSG00000000063,12.166666666666668,0.27753397552890896,0.23554278406562387,1.1612581733099088,0.5017389184607255,1.0
ENSG00000000064,10.166666666666668,0.04730571477835682,0.08758147449724513,-0.12280984137070718,0.8482764987721585,1.0
ENSG00000000065,8.166666666666668,-0.058893689053568565,0.2287301621634161,0.5462407586133076,0.8042946958363433,1.0
ENSG00000000066,16.166666666666668,0.0892673380970876,0.027668584266544356,-0.17599554412824692,0.3814453226035488,1.0
ENSG00000000067,9.666666666666668,-0.0995356735509144,0.042711264520262665,0.0446679336250836,0.3363630166421494,1.0
ENSG00000000068,9.333333333333332,-0.2064508774674265,0.10310960054014823,-0.7265523153654709,0.35049372890069197,1.0
ENSG00000000069,12.166666666666668,-0.0395283641866375,0.3068738542500379,0.9236854324874979,0.3141792098501595,1.0
ENSG00000000070,7.0,-1.3219280948873622,0.1436649774567629,0.6342136310878319,4.675600153135082e-06,0.0004675600153135082
ENSG00000000071,13.333333333333334,0.0,0.006272374349644946,-0.821467931440074,0.8483097567191636,1.0
ENSG00000000072,14.333333333333332,-0.06711419585853691,0.14908045392064326,1.0249838867982148,0.8019719033508936,1.0
ENSG00000000073,11.666666666666668,0.08246216019197297,0.09759402811793905,-1.0438220326805394,0.8296611907230041,1.0
ENSG00000000074,16.5,0.14585086646345485,0.055658505031552556,-1.12707793754615,0.6253953501027674,1.0
ENSG00000000075,37.833333333333336,1.4443020937840387,0.0011217566910312663,0.015996078777228556,3.424865905307235e-05,0.0034248659053072355
ENSG00000000076,9.0,-0.10691520391651207,0.0060695049432047295,-0.5193433735857252,0.9258439898869322,1.0
ENSG00000000077,15.666666666666668,-0.061400544664143256,0.10997040562121577,0.6110804308939565,0.3264579129972781,1.0
ENSG00000000078,13.333333333333334,0.0,0.13506104286501786,-0.13229120314924112,0.06095353489648186,1.0
ENSG00000000079,13.5,0.03562390973072122,0.27230966835000436,0.953348561334727,0.32558794072836156,1.0
ENSG00000000080,14.5,0.09953567355091437,0.39664836284437965,0.28253134709449573,0.283503565955171,1.0
ENSG00000000081,14.166666666666668,0.16992500144231237,0.0673468729379552,-0.8578028261655085,0.4800965454488538,1.0
ENSG00000000082,6.666666666666666,0.28950661719498477,0.30767353705969386,-1.0746610593724166,0.5792658034055562,1.0
ENSG00000000083,11.0,0.1750867065580911,0.0832468563924999,-0.9131293062833469,0.22399524659263487,1.0
ENSG00000000084,11.833333333333334,0.12199052437861026,0.4057427667033781,-1.2657267984099754,0.0895495678982825,1.0
ENSG00000000085,26.0,-0.03699420748220143,0.28642570803150025,1.4523518415472947,0.9445715615282462,1.0
ENSG00000000086,7.5,-0.32192809488736246,0.03136419525638791,-1.0836980470369917,0.40569406532342533,1.0
ENSG00000000087,12.166666666666666,-1.6114347120823473,0.15952505703569383,0.54799788193632,2.434837644363305e-05,0.002434837644363305
ENSG00000000088,8.5,-0.16992500144231246,0.07754184127219674,-1.5364712035454315,0.2931316874647154,1.0
ENSG00000000089,9.833333333333332,0.0489096004809465,0.08598312808462091,-1.3862043258416368,0.5877144239777079,1.0
ENSG00000000090,12.666666666666668,-0.1520030934450501,0.2761736423383311,0.9206541087078166,0.37858490747567514,1.0
ENSG00000000091,7.166666666666667,-1.917537839808027,0.001523700677314799,0.8849807829023898,2.4099379890791487e-05,0.0024099379890791485
ENSG00000000092,9.333333333333332,-0.2064508774674265,0.08731079960431402,-0.05759099189884128,0.5139316291517372,1.0
ENSG00000000093,12.0,-0.1604646721932459,0.03066239013561264,-0.3441804465089908,0.2076567726119486,1.0
ENSG00000000094,20.333333333333332,0.8259706002249511,0.03548418431426026,-0.406119998499313,0.4425729177072572,1.0
ENSG00000000095,21.833333333333332,0.06608919045777244,0.14100423293473693,1.5533612612143681,0.6622140696865467,1.0
ENSG00000000096,15.833333333333332,0.09114788805819514,0.04405941043907878,-1.4720798935095638,0.2034625819499199,1.0
ENSG00000000097,13.333333333333332,0.0721497857558354,0.02002941253898799,0.8041069310388166,0.5109561639955778,1.0
ENSG00000000098,9.0,0.0,0.04442125676083408,-0.0873981453288258,0.6010160411177932,1.0
ENSG00000000099,16.833333333333336,0.02856915219677092,0.0027144364049301413,-0.1197971674507089,0.6317551249522729,1.0
ENSG00000000100,11.333333333333332,0.08488889758651294,0.013676578742803156,-0.46742762810231303,0.39567211888994114,1.0
ENSG00000000101,9.833333333333332,0.0489096004809465,0.45175675070390364,0.06137689772242083,0.7848881639596983,1.0
ENSG00000000102,9.5,-0.15200309344504995,0.20764658359195431,1.5796428667456262,0.6577543924343011,1.0
ENSG00000000103,9.833333333333332,0.3439544012173614,0.13564615464144544,-1.543683705311225,0.4015045971040027,1.0
ENSG00000000104,12.666666666666666,0.0,0.04284278319366572,-1.6432027710588635,0.9429252572154013,1.0
ENSG00000000105,8.333333333333332,-0.1154772174199359,0.12972189335778592,0.18057641457767884,0.07097579485263433,1.0
ENSG00000000106,19.333333333333336,0.04975303519709973,0.4392843398897718,0.02890391546901781,0.8905062155980211,1.0
ENSG00000000107,10.0,-0.2895066171949848,0.03732476881749907,-2.410978198547683,0.5913082843126212,1.0
ENSG00000000108,19.166666666666664,-0.12553088208385899,0.19863514716368377,1.45601178759858,0.9801755229236744,1.0
ENSG00000000109,14.833333333333332,-0.0324214776923775,0.20519721877623853,1.255300069453826,0.5481799738188163,1.0
ENSG00000000110,18.333333333333336,-0.052467419894135704,0.46383043541484226,1.2359953949866982,0.907698847647933,1.0
ENSG00000000111,10.333333333333332,-0.09310940439148147,0.10015658993329515,0.45470306202600713,0.8168039266606777,1.0
ENSG00000000112,9.5,-0.15200309344504995,0.013597945534432256,0.5579250838746437,0.27495239796363286,1.0
ENSG00000000113,10.333333333333332,-0.09310940439148147,0.03895587339514615,-1.9534542495656768,0.5436776617046302,1.0
ENSG00000000114,11.0,0.9027027986450852,0.3959121534846497,-0.1886936372530633,0.7561887768358732,1.0
ENSG00000000115,7.0,0.2756344426134276,0.13238715360553616,0.9937853336421649,0.14120095417465772,1.0
ENSG00000000116,12.5,-0.1154772174199359,0.028176233156439454,0.19192811847356148,0.5397343902280543,1.0
ENSG00000000117,15.166666666666668,0.03170885972733836,0.1407491404392309,-1.7510453718470917,0.8252102997332394,1.0
ENSG00000000118,13.0,0.14809863898913392,0.02172840972671204,-2.324854679084149,0.7214621509170956,1.0
ENSG00000000119,16.666666666666668,0.0,0.2800360095136381,-0.2973981745136535,0.6641873193198673,1.0
ENSG00000000120,9.0,0.0,0.14572510359948312,0.44781860970007353,0.1604648969402892,1.0
ENSG00000000121,11.5,-0.2094533656289499,0.2029097075995261,-0.6386158865933148,0.9409476721820996,1.0
ENSG00000000122,29.666666666666668,1.5208321633014406,0.03370049141027766,-0.8343075239763535,2.133526214623837e-05,0.002133526214623837
ENSG00000000123,5.333333333333334,0.18057224564182084,0.0938053469930939,-0.8996781216165867,0.9165688500384414,1.0
ENSG00000000124,16.0,-0.18057224564182092,0.025080672111808956,-0.06356558473395592,0.46720073740985313,1.0
ENSG00000000125,13.333333333333332,-0.07214978575583525,0.23342147547683323,0.6681875997369017,0.40862525156804225,1.0
ENSG00000000126,9.833333333333334,-0.9634741239748859,0.050716342740316084,-1.2609531396868767,0.25872064060756583,1.0
ENSG00000000127,6.166666666666667,0.23446525363702297,0.24536578784245122,0.04564555835658963,0.5562152921755513,1.0
ENSG00000000128,16.666666666666664,-0.0577154978562875,0.005943056414309173,-0.05355604405512669,0.11392864687783932,1.0
ENSG00000000129,25.333333333333336,0.07594885323329842,0.09884140977201104,0.9580151837326999,0.5243275405724299,1.0
ENSG00000000130,11.333333333333332,-0.08488889758651287,0.21359408555968862,-1.2187324150457206,0.34122986412079437,1.0
ENSG00000000131,11.833333333333332,-0.04064198449734593,0.16381710384793047,0.25069177577495333,0.4629122173451621,1.0
ENSG00000000132,9.666666666666668,0.19930880822340666,0.03536577948658972,-0.779746897730078,0.23839176371158877,1.0
ENSG00000000133,19.0,-0.05062607306996778,0.3449926163407606,0.6583523424444503,0.28318270848004773,1.0
ENSG00000000134,12.0,0.0,0.21948991528528353,1.2975446379648652,0.3451991560315584,1.0
ENSG00000000135,9.333333333333334,-0.84799690655495,0.27846384027040083,0.8351193134848532,0.653219732682949,1.0
ENSG00000000136,18.833333333333336,0.12775554719837268,0.30764215806674283,-1.1196679445690003,0.6539366141246934,1.0
ENSG00000000137,8.666666666666668,0.22239242133644802,0.23063431271014823,-0.6207521097688888,0.32482335971316795,1.0
ENSG00000000138,12.666666666666668,0.07594885323329842,0.13018863383633486,0.29569987838427225,0.2829198734638913,1.0
ENSG00000000139,13.5,0.03562390973072122,0.1691448235906885,1.022726845357996,0.38290749398283397,1.0
ENSG00000000140,9.333333333333332,-1.4506614090095653,0.15536844406017866,-0.9256315064847639,2.644788117042669e-05,0.002644788117042669
ENSG00000000141,15.833333333333332,0.9772799234999164,0.3092406103695722,1.120789914599576,0.23118188067710949,1.0
ENSG00000000142,8.0,-0.24100809950379493,0.1737673937118447,0.8382186612061595,0.19104221595909726,1.0
ENSG00000000143,13.0,-0.07400058144377693,0.06076674748689969,0.28012921456748574,0.31877637737458714,1.0
ENSG00000000144,9.5,-0.2537565922457832,0.025523843619228027,2.0593419067045367,0.9993042533416937,1.0
ENSG00000000145,7.333333333333334,0.13124453327825272,0.11308962413357376,0.9359513048206425,0.9570993373657638,1.0
ENSG00000000146,5.166666666666666,0.09310940439148145,0.31036831691371725,-0.9636695780416982,0.8464773860580266,1.0
ENSG00000000147,7.833333333333334,-0.061400544664143256,0.00639281824987733,0.17530005404552484,0.23105101779327963,1.0
ENSG00000000148,6.166666666666667,0.23446525363702297,0.29142736228391347,-0.5221357652168388,0.8235253850635421,1.0
ENSG00000000149,12.666666666666668,-0.1520030934450501,0.27880641325384603,0.4511120876428193,0.41801565449589245,1.0
ENSG00000000150,22.5,-0.10691520391651173,0.13136397588404503,-2.093286303987702,0.16065021763142665,1.0
ENSG00000000151,17.5,0.08246216019197297,0.22229900993538976,-0.9714832227088086,0.3672978207837608,1.0
ENSG00000000152,13.0,0.14809863898913392,0.03294603860739966,1.4762518484950837,0.26640223071889346,1.0
ENSG00000000153,7.333333333333333,0.0,0.10992293070136071,-0.07507824340325915,0.7702045834894259,1.0
ENSG00000000154,11.833333333333332,0.20353339408513188,0.20903936869836084,-0.1561228144469625,0.6976577365829582,1.0
ENSG00000000155,9.0,0.0,0.2705003818459769,-0.8476496922941364,0.751231039980356,1.0
ENSG00000000156,14.333333333333334,0.2016338611696504,0.07097821397513068,-1.3314162649239205,0.5204481694770542,1.0
ENSG00000000157,9.0,-0.10691520391651207,0.4357825615327503,-1.3516820355759254,0.26143427478321357,1.0
ENSG00000000158,22.833333333333336,0.02106161552782957,0.018295142394433823,0.4117000374469067,0.22233771144026632,1.0
ENSG00000000159,11.333333333333334,0.0,0.35953029640127276,-0.031138069669310837,0.8228373934385941,1.0
ENSG00000000160,14.5,-0.0995356735509144,0.012283652747183944,-2.1836299021918713,0.9712902478961701,1.0
ENSG00000000161,11.166666666666668,-0.21572869105543707,0.1681209228076288,0.4073421500270347,0.5388100537574062,1.0
ENSG00000000162,14.333333333333334,0.0,0.2122897333344685,0.2669245702993408,0.9307198554515357,1.0
ENSG00000000163,8.0,-0.24100809950379493,0.3746440026554614,0.5877755849105063,0.9004794671225321,1.0
ENSG00000000164,6.5,-1.0,0.4690891191315463,-1.4224614073217372,0.7137846080274649,1.0
ENSG00000000165,9.666666666666666,0.0,0.18029171179580972,-0.7905027158419169,0.2268788080292357,1.0
ENSG00000000166,15.0,0.0,0.13906225111301504,-0.05122244180493512,0.10638009655380683,1.0
ENSG00000000167,10.833333333333334,-0.13326653086346424,0.015808954579075527,-0.3296225231859719,0.5020099371175034,1.0
ENSG00000000168,6.833333333333334,-0.07038932789139786,0.07466159834093673,1.3350021053210015,0.6071836449799365,1.0
ENSG00000000169,9.833333333333334,-0.14684138832927113,0.08688437117751618,0.33480063934827925,0.9296992042335196,1.0
ENSG00000000170,11.833333333333332,-0.203533394085132,0.015016821589309346,-0.31240715780175893,0.30219952889078633,1.0
ENSG00000000171,12.166666666666668,-0.0395283641866375,0.006710611829372614,0.6719616645662256,0.5340594410809778,1.0
ENSG00000000172,13.833333333333332,-0.24392558288608923,0.14140790024859556,-0.4728850404790157,0.7919766398457996,1.0
ENSG00000000173,12.666666666666666,0.0,0.10838067070992047,-0.36859201898873395,0.8202944411349402,1.0
ENSG00000000174,11.5,-0.0418201756946269,0.08368533749497911,0.5391771907141926,0.21135738190736492,1.0
ENSG00000000175,5.333333333333334,-0.36257007938470825,0.08722378984404687,0.9022268318501822,0.6306596394835736,1.0
ENSG00000000176,13.333333333333334,0.0,0.09746258232680415,-0.7277813825212387,0.20773243838211836,1.0
ENSG00000000177,20.833333333333332,0.06926266243711379,0.10007126377378209,0.28404651121840285,0.47391577557105014,1.0
ENSG00000000178,9.333333333333332,-0.2064508774674265,0.48159851098895423,0.6764105247761434,0.7814872986690641,1.0
ENSG00000000179,9.666666666666668,-0.4005379295837285,0.04706567962299227,-0.28605241915317364,0.6468132526537036,1.0
ENSG00000000180,15.0,-0.19264507794239588,0.47683138682796955,0.14170631463072925,0.5472002876766529,1.0
ENSG00000000181,4.0,0.24100809950379498,0.33898911748467525,-0.7160387301353786,0.19966303571198124,1.0
ENSG00000000182,10.666666666666666,0.0,0.11658240849003909,0.27167484963851035,0.1335308126419329,1.0
ENSG00000000183,21.0,-0.0916304754655684,0.3487956337042315,1.0089024803871096,0.9175105588604339,1.0
ENSG00000000184,10.5,-0.13750352374993496,0.13639879553944406,0.16834041446699483,0.7926951426354251,1.0
ENSG00000000185,11.333333333333334,0.0,0.019188464786087895,-1.7188452472388995,0.4581033024505449,1.0
ENSG00000000186,7.0,-0.13750352374993477,0.10706921399163127,0.6910714744381143,0.4341089035976511,1.0
ENSG00000000187,9.0,0.21412480535284734,0.003315287637662262,0.11962302079511966,0.24123600631405095,1.0
ENSG00000000188,16.333333333333336,-0.058893689053568565,0.07568547514697432,-0.42508643626978526,0.15748676255954863,1.0
ENSG00000000189,9.0,0.10691520391651217,0.045038284243857675,-0.3178628922582644,0.6707478936234382,1.0
ENSG00000000190,4.666666666666667,0.0,0.032203870451296746,-0.9574554379939421,0.10533901616015147,1.0
ENSG00000000191,7.833333333333334,0.06140054466414327,0.15839617167971887,1.6703931051078655,0.4102129268524056,1.0
ENSG00000000192,16.166666666666664,0.02974734339405193,0.07753526822916429,-1.2911995331710342,0.7526493855528943,1.0
ENSG00000000193,15.333333333333332,0.06273575534796275,0.27512187379043995,-1.3181173295682618,0.21075118276831717,1.0
ENSG00000000194,8.833333333333332,0.0544477840223765,0.21534957282396291,-0.9770779352848461,0.822177219067162,1.0
ENSG00000000195,25.5,-0.018859027251316038,0.2327240175262782,-0.43469695710285466,0.7907558161697187,1.0
ENSG00000000196,12.5,-0.665580960929441,0.12203933793435423,-0.17524213644486517,0.9937113043127527,1.0
ENSG00000000197,2.666666666666667,0.7369655941662062,0.0349659469545207,-0.9699241959108487,0.7511386010812078,1.0
ENSG00000000198,14.333333333333332,-0.13430109171159105,0.2895802619216538,-1.8311034034251135,0.7689734643816267,1.0
ENSG00000000199,10.0,0.289506617194985,0.0778717145302722,0.00438826175247221,0.6509946877935817,1.0
ENSG00000000200,15.0,0.12832409697553937,0.2711484864494309,0.3767202140771562,0.15790402695858988,1.0
ENSG00000000201,15.833333333333332,0.09114788805819514,0.17006235666615693,0.752464159068006,0.7749479881584581,1.0
ENSG00000000202,6.0,0.0,0.32711074634521786,0.20768584881707702,0.09222130250829691,1.0
ENSG00000000203,9.666666666666668,-0.0995356735509144,0.29536855791687533,0.30857475941897367,0.6125695491423617,1.0
ENSG00000000204,11.0,-0.0874628412503396,0.11423545140318195,0.5547331906542852,0.6229736699822357,1.0
ENSG00000000205,9.833333333333332,-0.048909600480946565,0.11766313951432172,-1.059089396580111,0.10671293116591866,1.0
ENSG00000000206,11.5,0.0418201756946269,0.37204539909191214,0.19018654344586017,0.8668403481435871,1.0
ENSG00000000207,8.333333333333334,-0.23132554610645567,0.08916230106829331,0.10464232184865953,0.07001841012405553,1.0
ENSG00000000208,12.333333333333334,0.0,0.024468643497283043,0.7826540513736586,0.677963876681101,1.0
ENSG00000000209,13.666666666666668,-0.07038932789139786,0.006149510196181162,-1.0473619963612104,0.8512098008871313,1.0
ENSG00000000210,9.833333333333332,0.0489096004809465,0.10351989628330512,0.2817792082364224,0.3637503827952593,1.0
ENSG00000000211,15.666666666666666,0.0,0.3578671657266567,0.2266294203724073,0.6384060871448078,1.0
ENSG00000000212,9.0,0.10691520391651217,0.000708410460398051,0.28611887955991133,0.8959805579134184,1.0
ENSG00000000213,8.166666666666666,-0.17687776208407915,0.11208536444330952,2.766421639515549,0.8176595827494901,1.0
ENSG00000000214,8.166666666666668,-0.058893689053568565,0.5301223497595705,-0.5277856223889098,0.5608268933124754,1.0
ENSG00000000215,7.666666666666667,-0.25153876699596445,0.1299696106110758,-1.3977542086491113,0.7375346559882884,1.0
ENSG00000000216,14.5,0.09953567355091437,0.06280208422807093,0.7323252427629862,0.7273121688762081,1.0
ENSG00000000217,12.5,-0.038474147814635505,0.031804908277799554,0.47627467237793114,0.8675691483402612,1.0
ENSG00000000218,8.0,0.12029423371771175,0.11029593243813014,-0.11501132552450752,0.7828613575268624,1.0
ENSG00000000219,13.166666666666666,-0.10962449117449813,0.16655557555387007,-1.6513414954219987,0.687318382332103,1.0
ENSG00000000220,11.5,0.20945336562895006,0.15320063942552625,-0.8020549858780783,0.6368677384249973,1.0
ENSG00000000221,6.5,0.22239242133644802,0.33094830922370977,0.7709765195984672,0.26345694045616097,1.0
ENSG00000000222,11.5,0.0418201756946269,0.16541957946313246,0.6473972485889345,0.8667605008784617,1.0
ENSG00000000223,9.333333333333334,1.197939377611909,0.22080472349329186,0.3117191561227355,3.6604340258416085e-05,0.0036604340258416085
ENSG00000000224,24.666666666666664,-0.038994131615863736,0.11053782609452928,0.6250137104947227,0.27027861947391346,1.0
ENSG00000000225,6.5,0.07400058144377708,0.19524245879363122,-0.5057932282026444,0.9378977578056409,1.0
ENSG00000000226,13.833333333333332,-0.03476541816067664,0.04465699297847884,-1.3310679142287856,0.1907603221227418,1.0
ENSG00000000227,20.666666666666664,-0.046542585937030354,0.04274644970431257,0.7432804967996265,0.546041921526056,1.0
ENSG00000000228,7.666666666666666,0.12553088208385912,0.11976554216426459,0.3996403444335376,0.2566081933477014,1.0
ENSG00000000229,7.166666666666666,0.06711419585853703,0.34774356339241264,-1.3837527712054223,0.8976692034144286,1.0
ENSG00000000230,16.333333333333336,0.058893689053568614,0.07085120632165647,-0.4202037869701699,0.2268751254856965,1.0
ENSG00000000231,5.0,0.3870231231092475,0.0031926046064031906,0.319775475058046,0.4582171773188319,1.0
ENSG00000000232,6.166666666666666,0.07800251200127316,0.2275361373344886,0.8340207114722088,0.8533702652198052,1.0
ENSG00000000233,6.5,0.22239242133644802,0.07564858615561632,-1.0949770003984163,0.5034955268137272,1.0
ENSG00000000234,12.166666666666666,-0.3575520046180836,0.016396332662844997,0.14368111313546228,0.9026522264637796,1.0
ENSG00000000235,18.0,0.0534392589614601,0.2258948304667924,-0.4729900905292922,0.3005275955043219,1.0
ENSG00000000236,7.833333333333334,-0.1844245711374276,0.007250842349271692,0.5117855004458322,0.8809264624266998,1.0
ENSG00000000237,14.833333333333332,0.1622714288988771,0.2966435186205853,-2.4506174056941026,0.9940436851957895,1.0
ENSG00000000238,17.833333333333332,0.08091999538356746,0.025967390122600978,0.9202357076984347,0.3027786903726833,1.0
ENSG00000000239,14.166666666666668,-0.03394733192333771,0.041329852418671216,-0.004076586284865467,0.8238833509460146,1.0
ENSG00000000240,7.5,-0.32192809488736246,0.1223499165863875,-0.7441889341219295,0.26494979204885516,1.0
ENSG00000000241,26.333333333333336,-0.03652587602511404,0.09826997014218498,-0.6874973754040561,0.5033420803035576,1.0
ENSG00000000242,10.0,-0.2895066171949848,0.010395475484808077,-0.329069393654195,0.5288729650405906,1.0
ENSG00000000243,10.833333333333332,-0.04439411935845356,0.49981858986157734,0.4522993524676862,0.6941583334710532,1.0
ENSG00000000244,16.666666666666664,0.057715497856287434,0.0971334350931359,-0.4969299307022664,0.36028721116106727,1.0
ENSG00000000245,13.666666666666668,0.070389327891398,0.38728995103803904,0.10668190517828668,0.9103531278645425,1.0
ENSG00000000246,8.0,-1.2801079191927354,0.0729179497001271,0.7218895169854379,2.093698835120144e-05,0.002093698835120144
ENSG00000000247,16.833333333333332,-0.08572987402588397,0.24202689770128838,-0.979737867116646,0.8656852819756116,1.0
ENSG00000000248,11.5,-0.0418201756946269,0.2006202734307644,2.545222767317228,0.6703965229360358,1.0
ENSG00000000249,14.166666666666666,-0.10187961401921364,0.03429428201315767,-0.9652732188218359,0.5734289889826171,1.0
ENSG00000000250,17.166666666666664,0.1401776580482605,0.04966891930717743,-1.040965098006765,0.9224880013495729,1.0
ENSG00000000251,2.0,0.0,0.37198447750406344,-0.5303697074540814,0.13462616278335876,1.0
ENSG00000000252,11.5,-0.12553088208385899,0.06717202944828508,0.052158897540048835,0.18196870208135663,1.0
ENSG00000000253,11.166666666666666,0.12928301694496647,0.6571332408166639,-1.0634125209517162,0.9927225068815877,1.0
ENSG00000000254,12.166666666666666,-0.11864449649861908,0.004368526086445767,-0.1554658986134471,0.6398684751064903,1.0
ENSG00000000255,6.5,0.07400058144377708,0.20992890803980982,-0.9394944442740996,0.6480097087901739,1.0
ENSG00000000256,12.0,0.0,0.14494051870607003,0.4430991350184672,0.4085602254070693,1.0
ENSG00000000257,14.333333333333332,0.06711419585853703,0.0183095713883617,0.6946924336884149,0.918012925238967,1.0
ENSG00000000258,4.0,-0.7369655941662062,0.10588366112418429,-0.8353021555832577,0.71656719444672,1.0
ENSG00000000259,13.333333333333334,-1.3093280581077287,0.016470561013827777,-2.1684956956607335,1.9610974774093535e-05,0.0019610974774093536
ENSG00000000260,9.333333333333334,0.9615258521853645,0.07447463253225677,0.1526775573997071,0.22662117597654946,1.0
ENSG00000000261,15.666666666666666,0.0,0.11320246138464585,-0.7901037207505033,0.3933770308975635,1.0
ENSG00000000262,7.5,0.19264507794239583,0.3574792434969251,0.8220626561369309,0.8894706718884158,1.0
ENSG00000000263,10.0,-0.09621531525930334,0.28669514385314654,-1.5398725927149048,0.3558749198739637,1.0
ENSG00000000264,24.0,0.0,0.06480063781875216,0.10805239327196123,0.5157185115321687,1.0
ENSG00000000265,10.5,-0.22948184612276754,0.1700958769645995,0.861148542464795,0.15058747286205798,1.0
ENSG00000000266,13.166666666666668,-0.03652587602511404,0.13913446545742256,-0.8605967491761027,0.9557126476805224,1.0
ENSG00000000267,15.833333333333332,-0.09114788805819511,0.2486162997044751,0.7132552061063908,0.15949539610743688,1.0
ENSG00000000268,20.333333333333332,-0.14201900487242788,0.06315449524821458,0.1747107166567036,0.8666581373586785,1.0
ENSG00000000269,13.666666666666666,0.0,0.21455566521903285,1.4591160449076324,0.5448770950056888,1.0
ENSG00000000270,11.5,0.20945336562895006,0.10642988743156737,0.3693256164464783,0.05986997682484689,1.0
ENSG00000000271,12.0,-0.1604646721932459,0.06271020812838748,0.6061108379479584,0.21522825315924066,1.0
ENSG00000000272,10.166666666666668,-0.0473057147783568,0.2167450856532839,-0.782590049425872,0.27201890911098814,1.0
ENSG00000000273,10.666666666666668,0.09019780897157816,0.0863916774865327,0.8861021835307203,0.8936655694395026,1.0
ENSG00000000274,18.333333333333336,1.0395283641866375,0.04272322110979392,0.5762792825388318,3.6834009965251053e-06,0.0003683400996525105
ENSG00000000275,7.333333333333334,-0.2630344058337938,0.15969053722691068,0.37362761962445146,0.6653011481288444,1.0
ENSG00000000276,7.666666666666666,0.12553088208385912,0.05566081015415693,-0.830631543665161,0.9934051352602038,1.0
ENSG00000000277,10.333333333333332,-1.914270125974116,0.11797265687860939,0.723341810393906,1.4121157986140864e-05,0.0014121157986140863
ENSG00000000278,15.5,-0.09310940439148147,0.21228494327881006,-0.5258750757275178,0.897892598012718,1.0
ENSG00000000279,10.833333333333332,-0.04439411935845356,0.14618787241406028,-1.3454179044471837,0.07071159329360589,1.0
ENSG00000000280,10.5,0.13750352374993502,0.5824562293164692,-0.44517251148908904,0.9487636366505924,1.0
ENSG00000000281,11.166666666666668,-0.04306872189188598,0.014706744209792302,1.0143204660440368,0.886122323945709,1.0
ENSG00000000282,10.0,0.19264507794239583,0.06444486901756692,-1.7151981256717654,0.15801832379666514,1.0
ENSG00000000283,16.333333333333332,0.11783649029385838,0.18332279763103515,1.3596303755563774,0.7636110204189922,1.0
ENSG00000000284,21.0,0.8981203859807864,0.02699818569345827,0.17261041424163426,0.8862332818122272,1.0
ENSG00000000285,20.666666666666664,0.04654258593703024,0.3595607926916831,-1.3079722721189353,0.10473573724437585,1.0
ENSG00000000286,11.666666666666668,-0.16505924627049634,0.13204264181015007,-0.4265053196588392,0.6609483247102873,1.0
ENSG00000000287,7.666666666666667,0.2515387669959644,0.011285485587617782,0.8327720498465329,0.3627841404631556,1.0
ENSG00000000288,14.5,0.16600995143892933,0.0882024818755414,-0.40072234520944805,0.05987113273974423,1.0
ENSG00000000289,14.166666666666668,-0.03394733192333771,0.4729192973610937,-0.8044927260440379,0.3012453873737085,1.0
ENSG00000000290,12.333333333333332,-0.07800251200127305,0.026325637404245622,-0.46027222198437534,0.369415924209485,1.0
ENSG00000000291,6.666666666666666,0.14438990933517493,0.0066478236842457405,-0.2184829691174154,0.5423720517788936,1.0
ENSG00000000292,10.333333333333332,0.09310940439148145,0.09834679136293854,0.6908394509286927,0.8983900468312143,1.0
ENSG00000000293,6.833333333333334,-0.07038932789139786,0.21540895385616904,-0.25039283757845454,0.959951237513044,1.0
ENSG00000000294,5.5,0.0874628412503397,0.1143482771599243,-1.6442072780347547,0.6121287282858083,1.0
ENSG00000000295,10.666666666666668,-0.7369655941662062,0.3217715977925981,-2.6608630795732187,0.1595992766929758,1.0
ENSG00000000296,15.166666666666668,0.03170885972733836,0.16663511878630893,-0.03137349368479736,0.3495143834145721,1.0
ENSG00000000297,11.166666666666668,-0.21572869105543707,0.10218270813421344,0.9260600675265641,0.5251307553207442,1.0
ENSG00000000298,10.333333333333334,0.2801079191927352,0.03546731995681479,-0.8423492510594893,0.9728340112538576,1.0
ENSG00000000299,9.833333333333332,0.0489096004809465,0.10299459007778522,0.53600427101231,0.8003934054084625,1.0
ENSG00000000300,13.166666666666668,-0.03652587602511404,0.29872897337058746,1.0075369632829758,0.43156359425073687,1.0
ENSG00000000301,8.166666666666668,0.058893689053568614,0.3035148987735825,-1.2335199169534126,0.6753812144528061,1.0
ENSG00000000302,11.666666666666668,0.8479969065549499,0.5663100702799101,-0.47087357347236247,0.1526647629158891,1.0
ENSG00000000303,2.6666666666666665,1.1375035237499347,0.03062091275971047,-1.1028882392272452,1.5516619878610744e-05,0.0015516619878610744
ENSG00000000304,13.833333333333334,-0.10433665981473561,0.01444130782752105,0.9936698412762871,0.26750922412961026,1.0
ENSG00000000305,6.166666666666666,-0.5525410230287786,0.011190847538539722,0.6482187663751218,0.6467251579229423,1.0
ENSG00000000306,9.833333333333332,0.24511249783653138,0.28702844711626224,0.8911286396826498,0.6566596671269731,1.0
ENSG00000000307,12.166666666666668,-0.1979393776119089,0.24065299579334165,0.9092910737061369,0.6582708445994029,1.0
ENSG00000000308,10.0,0.289506617194985,0.29714861909835405,-0.5859052014023209,0.8186442681845514,1.0
ENSG00000000309,10.5,-0.04580368961312463,0.07523163794929706,0.6739814739906254,0.1451935711962642,1.0
ENSG00000000310,7.666666666666667,-1.84799690655495,0.10484887415084387,1.1619059142831036,1.6734952249404068e-05,0.0016734952249404067
ENSG00000000311,7.666666666666666,0.12553088208385912,0.20711981338432103,1.5644649028627693,0.3431965903586097,1.0
ENSG00000000312,13.333333333333332,0.0721497857558354,0.13014442281949423,0.41493591017399,0.7507332648041947,1.0
ENSG00000000313,13.0,0.14809863898913392,0.14348386992028547,0.7370289720556833,0.926003160888034,1.0
ENSG00000000314,18.833333333333332,-0.07662128160291251,0.11842422711133874,2.1316401916067003,0.49032136938402543,1.0
ENSG00000000315,11.833333333333332,-0.04064198449734593,0.18748794313491857,0.21651198318201167,0.20095263681289344,1.0
ENSG00000000316,16.833333333333336,-0.14295795384204313,0.21378304987266006,1.5575622877135933,0.44759136210184275,1.0
ENSG00000000317,15.833333333333332,-0.09114788805819511,0.28158794153143285,0.31712125781383194,0.4081909800117902,1.0
ENSG00000000318,13.833333333333334,-0.10433665981473561,0.12689651118998013,0.7322023382053983,0.5688018957604282,1.0
ENSG00000000319,5.833333333333333,-0.758991900496205,0.034156697697784545,-0.22087375313039803,0.390056822316718,1.0
ENSG00000000320,29.166666666666668,1.4876652993662414,0.015751908967801924,-0.6422910194761962,1.1336524490286391e-05,0.001133652449028639
ENSG00000000321,9.166666666666668,0.3692338096657191,0.11986748237446694,-0.9027397968312694,0.7524970030692202,1.0
ENSG00000000322,19.333333333333336,-0.049753035197099615,0.11611840107563845,0.6797543514529658,0.6290159735555224,1.0
ENSG00000000323,6.666666666666666,-0.1443899093351748,0.28174446865684566,-0.47277632261535985,0.4394187278550712,1.0
ENSG00000000324,8.166666666666668,-0.058893689053568565,0.00226308429312669,0.5069089821074796,0.2788855953949753,1.0
ENSG00000000325,5.666666666666666,-0.16992500144231246,0.20653561579140992,0.7201318532182163,0.3179634947750483,1.0
ENSG00000000326,11.333333333333334,0.0,0.2783630327415458,0.42462407018554016,0.08080638427750511,1.0
ENSG00000000327,14.666666666666668,0.06558834162757658,0.3905611639488026,-0.9491782000138602,0.4074280459714521,1.0
ENSG00000000328,4.833333333333334,-0.5025003405291834,0.2539710222372712,-0.033688977945861814,0.3498681826381502,1.0
ENSG00000000329,11.5,0.37851162325372983,0.0949585048460484,-0.5731939126682504,0.468653297170266,1.0
ENSG00000000330,9.5,0.05062607306996784,0.06768246888130754,-1.713895547702441,0.17545423541802607,1.0
ENSG00000000331,14.333333333333332,-0.06711419585853691,0.18921071402629086,1.2079581759548186,0.9460041447590494,1.0
ENSG00000000332,15.5,-0.15527822547791095,0.11194112229846159,-0.21697905756521874,0.7373653978475304,1.0
ENSG00000000333,28.5,0.9621979672876156,0.08379055139925616,2.6618237151688504,0.988210224020651,1.0
ENSG00000000334,11.166666666666666,0.12928301694496647,0.10409758888120331,1.2418953132224155,0.7962361956540916,1.0
ENSG00000000335,9.333333333333334,-0.3103401206121504,0.04289274718103714,0.5465686524119167,0.11266151699901136,1.0
ENSG00000000336,10.0,0.0,0.32068985517877263,0.08078758206858358,0.7403428880092874,1.0
ENSG00000000337,13.333333333333332,-0.07214978575583525,0.1911757595287077,-0.8866311799106334,0.9186657966533687,1.0
ENSG00000000338,11.166666666666668,0.04306872189188593,0.07152712062515489,0.8752892606213405,0.2831639004876857,1.0
ENSG00000000339,9.0,0.21412480535284734,0.03481750737551927,-0.8703885676497203,0.6605602695288955,1.0
ENSG00000000340,7.333333333333333,0.0,0.13337414460750563,-0.3605257804601842,0.5486630821721193,1.0
ENSG00000000341,4.166666666666666,-0.1154772174199359,0.4265258315696125,-0.08504301191015155,0.8457864444356606,1.0
ENSG00000000342,10.0,-1.7162070339994087,0.3375517397724528,-0.07664205883625971,3.226014860822014e-05,0.0032260148608220136
ENSG00000000343,16.833333333333332,-0.08572987402588397,0.11261519431102207,2.0621759360963012,0.7058563652938501,1.0
ENSG00000000344,15.166666666666668,0.03170885972733836,0.09238948412347704,0.7720087402894925,0.38520111735656476,1.0
ENSG00000000345,19.166666666666664,-0.12553088208385899,0.2448620960022838,0.0060147622797577715,0.3079498178300756,1.0
ENSG00000000346,9.333333333333334,0.5208321633014404,0.20678270946282346,0.7838001016942563,0.3623374765468118,1.0
ENSG00000000347,6.0,0.3219280948873626,0.21282665262109576,-1.3178705610925152,0.9412278120555209,1.0
ENSG00000000348,9.833333333333332,0.24511249783653138,0.32066773105295854,1.7865384215789915,0.6141667844128779,1.0
ENSG00000000349,7.333333333333333,-1.5849625007211563,0.12660701143233902,-1.812664816396706,2.3356932067843393e-05,0.002335693206784339
ENSG00000000350,27.833333333333332,1.3523017439308813,0.23453916997744956,0.8135737864574804,2.4143904282498107e-05,0.002414390428249811
ENSG00000000351,8.0,-1.0,0.019410197164556,0.15926702256580322,0.7164013086177938,1.0
ENSG00000000352,13.0,0.07400058144377708,0.5031094251193133,-1.1997072881221829,0.13002116268158564,1.0
ENSG00000000353,9.0,-0.21412480535284714,0.5742931976954629,-0.4128785987961262,0.36967814641735036,1.0
ENSG00000000354,13.5,-0.035623909730721215,0.14745411769391079,-0.678609115220506,0.05586195330899239,1.0
ENSG00000000355,4.333333333333334,-0.22239242133644802,0.08017318707965032,-0.34337128407202155,0.38179656418065955,1.0
ENSG00000000356,22.166666666666664,0.021695071099318976,0.20491199408684335,-0.1570237097998654,0.8071873738213027,1.0
ENSG00000000357,3.6666666666666665,0.0,0.21662435480187994,0.2554329555806814,0.2710323372147447,1.0
ENSG00000000358,10.333333333333332,-0.18641312423088133,0.09987902672343772,-0.2821924346434823,0.8417306550719202,1.0
ENSG00000000359,17.333333333333336,0.11103131238874364,0.24496946442780787,-1.129738595486536,0.17298422783012107,1.0
ENSG00000000360,14.333333333333332,-0.06711419585853691,0.3728899203948943,-1.3114260675580587,0.8115639603920465,1.0
ENSG00000000361,10.833333333333332,-0.04439411935845356,0.14130953880189087,0.0830900803186555,0.43416385554123166,1.0
ENSG00000000362,10.166666666666668,0.23703919730084938,0.087894085318731,0.8167713629582687,0.4053279662331281,1.0
ENSG00000000363,8.833333333333334,-0.16349873228287934,0.04872345478937984,1.446520115422653,0.982737591939289,1.0
ENSG00000000364,11.333333333333334,0.0,0.14728317763419202,0.8822092886293349,0.6924664348145657,1.0
ENSG00000000365,5.833333333333334,-0.08246216019197282,0.21446074112635838,-0.284133683844173,0.10701699608480505,1.0
ENSG00000000366,7.666666666666666,-0.12553088208385899,0.3338332986327502,1.5630178928594602,0.31337906377437674,1.0
ENSG00000000367,8.5,-0.2837929660005913,0.22888882790938642,2.4662060826696988,0.3011138421974589,1.0
ENSG00000000368,17.333333333333336,-0.05549511259170374,0.042338732372104775,0.5296839218262402,0.7917417679624563,1.0
ENSG00000000369,14.5,-0.033166863935199124,0.26172711871904664,-2.0365439434245833,0.2459822552189544,1.0
ENSG00000000370,16.333333333333336,0.058893689053568614,0.1799669620467365,0.5086365313552776,0.08787677501014432,1.0
ENSG00000000371,8.5,-0.05658352836636726,0.022221657031334496,-0.5686151943218787,0.1985326171700244,1.0
ENSG00000000372,11.333333333333332,-0.08488889758651287,0.4577584767093303,-0.16614939435006224,0.8183828732355034,1.0
ENSG00000000373,8.666666666666668,0.11103131238874364,0.025528880584656178,-0.5675034230651985,0.15377407098881227,1.0
ENSG00000000374,18.0,-0.053439258961460276,0.04547055469975969,-0.8612810888073529,0.14492911117454582,1.0
ENSG00000000375,7.333333333333334,-0.3959286763311394,0.11458280965834432,-0.9722052072279642,0.5277012836775803,1.0
ENSG00000000376,8.166666666666668,-0.058893689053568565,0.049271421225246484,-0.7336331953725639,0.4477574006486703,1.0
ENSG00000000377,14.833333333333334,-0.09729720135491486,0.1647693862296662,2.632691479462288,0.38909757776038184,1.0
ENSG00000000378,13.666666666666668,0.070389327891398,0.09104470857117951,0.42643805145590913,0.866180525111143,1.0
ENSG00000000379,13.5,-0.24997825300834742,0.06127942834258659,0.14859107234704047,0.10168265494371906,1.0
ENSG00000000380,13.0,0.07400058144377708,0.22686952163612706,1.4440457295191318,0.6149395840704057,1.0
ENSG00000000381,10.833333333333334,-0.9668331360648009,0.11338528384040009,0.6374050087283539,0.8867481218247751,1.0
ENSG00000000382,7.666666666666666,0.3785116232537296,0.10691936710191577,0.5976044989549949,0.4937982385387028,1.0
ENSG00000000383,20.166666666666668,0.07155326102503407,0.33470160254563086,-0.4468064601826213,0.34631332464700754,1.0
ENSG00000000384,12.333333333333334,0.0,0.061678680226870425,1.185385844182931,0.48825535185268715,1.0
ENSG00000000385,8.166666666666666,-0.9125371587496602,0.13655397592449187,-1.219558101175665,0.6545854793548427,1.0
ENSG00000000386,32.16666666666667,-0.014950341465971607,0.3429660337851532,1.2730129989007062,0.999975174263944,1.0
ENSG00000000387,16.666666666666664,0.11547721741993588,0.20873487313029854,-0.2795434462474938,0.1559438332388976,1.0
ENSG00000000388,8.333333333333334,0.0,0.18432664276428387,0.05116755914510561,0.8425583749754156,1.0
ENSG00000000389,11.833333333333334,0.12199052437861026,0.244428758673291,0.769882735627237,0.18579016729543213,1.0
ENSG00000000390,9.5,0.2537565922457833,0.1255036191827349,0.6008543223560889,0.6632833348499748,1.0
ENSG00000000391,11.0,0.1750867065580911,0.14931201011182155,0.6658578572847279,0.6554127401434354,1.0
ENSG00000000392,15.833333333333332,0.09114788805819514,0.18157015287956982,-0.3694260985588594,0.13866379232827825,1.0
ENSG00000000393,17.0,0.0,0.23652814079433032,-2.3883756726374905,0.5874261198490178,1.0
ENSG00000000394,5.833333333333333,-0.758991900496205,0.2868352937742459,1.362381662198637,0.565720303474147,1.0
ENSG00000000395,13.833333333333334,-1.2976805486406853,0.06864234091350634,-0.5700774452518093,2.05570477234164e-06,0.000205570477234164
ENSG00000000396,20.0,0.0,0.15078031731703034,-0.32088643761445595,0.40074373182982664,1.0
ENSG00000000397,17.0,0.0,0.31346473853969536,-0.2847027905302905,0.5102834459880825,1.0
ENSG00000000398,9.166666666666668,-0.052467419894135704,0.4710136254674005,0.3646309539637984,0.7208371488303608,1.0
ENSG00000000399,5.5,0.0874628412503397,0.042031811355584356,0.5819612828789884,0.9524222724242349,1.0
ENSG00000000400,14.833333333333332,0.1622714288988771,0.13700633120059572,-0.5275186002289995,0.6748327449877989,1.0
ENSG00000000401,17.333333333333336,0.11103131238874364,0.09882430133414993,1.0212485470299804,0.650973166351973,1.0
ENSG00000000402,18.333333333333336,-0.052467419894135704,0.3252394741739736,0.6475832917320022,0.3343540247300342,1.0
ENSG00000000403,7.166666666666666,-1.5405683813627027,0.0319189654018657,-0.5664941663041977,2.558987106904176e-05,0.002558987106904176
ENSG00000000404,11.333333333333332,0.08488889758651294,0.10469510315875902,-0.1522872155329039,0.2975255546012868,1.0
ENSG00000000405,22.666666666666664,0.08488889758651294,0.38087701606603025,2.487920407234893,0.7379723478917742,1.0
ENSG00000000406,5.166666666666667,-0.28010791919273537,0.12834363536168597,-2.6637760176460703,0.39904638273423915,1.0
ENSG00000000407,20.666666666666664,0.04654258593703024,0.22503416997577977,-0.48146229194348844,0.19448968353459772,1.0
ENSG00000000408,21.333333333333336,0.8831863350172501,0.1700980903783066,1.289612614339787,0.2232782136023988,1.0
ENSG00000000409,6.666666666666667,0.0,0.0022269284714380847,-0.036058373317565104,0.10443288651852616,1.0
ENSG00000000410,12.5,0.2700891633677442,0.2419975740554886,-1.2233244691156073,0.707561763275249,1.0
ENSG00000000411,12.333333333333334,-0.23446525363702297,0.13544487020594523,0.11939021573784926,0.6821852358765825,1.0
ENSG00000000412,5.0,0.0,0.2395095806147159,-1.0076271432409794,0.21714978325967088,1.0
ENSG00000000413,3.5,-0.13750352374993477,0.0569926160491981,-2.122338423120204,0.9751840762538774,1.0
ENSG00000000414,13.666666666666668,-0.07038932789139786,0.21907525140792036,1.4408305988248775,0.29610281565131363,1.0
ENSG00000000415,9.833333333333334,-0.14684138832927113,0.36155152202399976,0.6582243813430042,0.5075163647663636,1.0
ENSG00000000416,8.5,0.05658352836636721,0.41211549744112635,1.643444108201791,0.10704907822526559,1.0
ENSG00000000417,13.5,0.10691520391651188,0.060442192849047775,-0.2298431817684394,0.17707683215568376,1.0
ENSG00000000418,11.5,-0.12553088208385899,0.13793581150244502,0.08497159808128665,0.8781872086452249,1.0
ENSG00000000419,15.166666666666668,-0.03170885972733814,0.21463065605959977,0.2364860589600156,0.912605425471295,1.0
ENSG00000000420,10.166666666666666,0.14201900487242786,0.24480112451672156,-0.5854944631564881,0.4868242724858351,1.0
ENSG00000000421,11.666666666666666,-0.24792751344358557,0.021855567042314897,-0.7948560878940624,0.6991737156176375,1.0
ENSG00000000422,19.0,-0.05062607306996778,0.18951143241251286,1.579903603702508,0.22433339186241658,1.0
ENSG00000000423,14.0,0.0,0.010547911660299843,-0.0822974307316086,0.9743956870521414,1.0
ENSG00000000424,25.833333333333332,0.05585323473351745,0.1279060417045591,0.8253692885319996,0.7013609193272731,1.0
ENSG00000000425,9.166666666666668,0.052467419894135794,0.32841575214508373,-0.3971236100133604,0.8568566303243528,1.0
ENSG00000000426,7.333333333333334,-0.8073549220576042,0.020511056665437268,1.077566383606064,0.060077360205647745,1.0
ENSG00000000427,7.833333333333333,0.30812229536233166,0.08655488697720087,0.22143091789606884,0.976612979564393,1.0
ENSG00000000428,11.333333333333334,0.0,0.007915656997395612,-0.33075059352824326,0.6087816270820353,1.0
ENSG00000000429,11.666666666666668,0.16505924627049648,0.12256473940277411,2.112249183516754,0.38269157994412667,1.0
ENSG00000000430,13.5,0.1783372412585127,0.06466520036798211,-1.1456871703659177,0.29828280724376394,1.0
ENSG00000000431,9.0,0.8813555035013809,0.31597329048267625,-0.4083312406340867,0.9874944991071243,1.0
ENSG00000000432,11.0,0.1750867065580911,0.24570795807138024,-1.8527465292302485,0.10412484932510219,1.0
ENSG00000000433,11.833333333333334,-0.1219905243786103,0.3141771744356855,2.915063434862583,0.7636366876620581,1.0
ENSG00000000434,17.666666666666664,-0.05444778402237646,0.11818488867802289,-0.2695058308588485,0.7757115669673106,1.0
ENSG00000000435,16.166666666666664,-0.029747343394051905,0.2932565628648344,2.1283664419470796,0.3797929474665354,1.0
ENSG00000000436,9.333333333333332,0.10309349296410342,0.03690955359948746,0.8764343501557457,0.916449284248739,1.0
ENSG00000000437,14.5,-0.23266075679027481,0.12438690300909971,-1.8089758751909166,0.8809909941373197,1.0
ENSG00000000438,8.833333333333334,-0.16349873228287934,0.4226413158574911,-0.9264910034023438,0.3062041541087714,1.0
ENSG00000000439,19.5,0.07400058144377678,0.17809033227251228,0.9473631249465709,0.6348316397204259,1.0
ENSG00000000440,17.333333333333332,0.0,0.12704819955669064,-1.3034748656799746,0.8034855699402883,1.0
ENSG00000000441,10.333333333333332,-0.18641312423088133,0.021096231980485085,0.5301960611047812,0.41293146018125904,1.0
ENSG00000000442,21.5,-0.02236781302845459,0.2107976003907397,1.9178264913026555,0.26077575016944304,1.0
ENSG00000000443,9.666666666666666,0.0,0.17528223725571287,0.6120175665469741,0.28757605995996083,1.0
ENSG00000000444,11.0,0.0874628412503397,0.3635965982332283,-0.6984018562719415,0.651686338626381,1.0
ENSG00000000445,7.833333333333333,0.30812229536233166,0.22946579571089776,-1.3211285042650713,0.9486831541129361,1.0
ENSG00000000446,6.0,-0.32192809488736246,0.13474358772225603,-1.5975575795138863,0.8771064459265124,1.0
ENSG00000000447,17.166666666666668,0.08406426478847455,0.22104392947851134,0.35261357104164137,0.4150851521046311,1.0
ENSG00000000448,16.666666666666668,0.0,0.2874504614496864,0.33110995396002446,0.29837830632897966,1.0
ENSG00000000449,15.333333333333332,0.3785116232537296,0.08151975295612934,0.06251689753604048,0.45166439896592264,1.0
ENSG00000000450,18.166666666666664,0.02647221136119086,0.4584389296421958,-0.8747682145031836,0.12589232498371353,1.0
ENSG00000000451,20.166666666666664,-0.02384674195436761,0.29546942406734333,-0.9442919707875292,0.833029186978619,1.0
ENSG00000000452,14.833333333333332,-0.16227142889887697,0.2566219434624097,-0.9146986059719833,0.4766803879323304,1.0
ENSG00000000453,17.333333333333336,-0.05549511259170374,0.11444550890742454,0.2126605503596663,0.2528924961981034,1.0
ENSG00000000454,10.166666666666668,-0.3325753390868709,0.1712231674819161,0.4248662744437865,0.3159178912113044,1.0
ENSG00000000455,32.0,1.4671260104272978,0.06366403766724382,-1.4380031714560175,5.733973741793106e-06,0.0005733973741793106
ENSG00000000456,15.333333333333334,0.0,0.09773267316419405,0.7365070872331161,0.7786363661847605,1.0
ENSG00000000457,10.5,-0.04580368961312463,0.06960717194465502,0.8007884570817237,0.4546675094883994,1.0
ENSG00000000458,9.166666666666668,-0.052467419894135704,0.029631892747559646,-0.30972973296725786,0.7320881831600629,1.0
ENSG00000000459,9.333333333333332,-0.10309349296410344,0.3453295909416765,1.5431577435770778,0.1148930948064484,1.0
ENSG00000000460,15.333333333333332,-0.0627357553479626,0.4825443052063461,1.0762335295357706,0.3370487267026285,1.0
ENSG00000000461,8.333333333333334,0.3479233034203071,0.053351467677615894,0.40300780238181033,0.6342698445789501,1.0
ENSG00000000462,9.166666666666668,-0.052467419894135704,0.021620473068877204,-0.6478662392025014,0.12405273711653007,1.0
ENSG00000000463,15.166666666666668,0.03170885972733836,0.20122587183100948,0.4118685977910636,0.5532952990765965,1.0
ENSG00000000464,14.666666666666666,-0.19703684705955363,0.14789051852303747,-2.0315457963208683,0.4449887978731279,1.0
ENSG00000000465,6.166666666666666,-0.5525410230287786,0.19832849603879066,0.9101967897584078,0.4635145204953077,1.0
ENSG00000000466,12.0,-0.0801703486839835,0.05330011992006231,0.41116698834522314,0.4771114795377796,1.0
ENSG00000000467,9.833333333333332,-0.048909600480946565,0.04308517171674346,0.9362377014298835,0.2096666567669997,1.0
ENSG00000000468,16.333333333333336,0.058893689053568614,0.10073936054540943,-1.7728338809708708,0.695322824108859,1.0
ENSG00000000469,14.333333333333334,-0.20163386116965057,0.1911968105550772,-0.48328541043331,0.8164718549609384,1.0
ENSG00000000470,8.833333333333332,0.27301849440641585,0.03383850055618481,-0.3345550199391874,0.4093896673343065,1.0
ENSG00000000471,11.5,-0.2094533656289499,0.12733827530191508,-0.3590010523112517,0.19035861333548793,1.0
ENSG00000000472,10.833333333333332,0.044394119358453436,0.10284125260171822,-1.927310398800596,0.5634727750589326,1.0
ENSG00000000473,11.333333333333332,-0.16992500144231246,0.014373611938309789,-0.32897011811870713,0.2573637766502949,1.0
ENSG00000000474,22.0,0.13124453327825272,0.060774792213944134,0.4244680106799483,0.7284196361454928,1.0
ENSG00000000475,6.0,-0.1604646721932459,0.07753639625373078,0.8210211249566084,0.9303438154707393,1.0
ENSG00000000476,14.166666666666668,0.03394733192333784,0.03259736420241383,0.41793535058384546,0.21239090164785568,1.0
ENSG00000000477,10.5,0.22948184612276745,0.09393898086390393,-2.0037383797818373,0.8004142629422484,1.0
ENSG00000000478,11.833333333333334,-0.1219905243786103,0.10156611609494613,-0.9975674005060426,0.08779055524485817,1.0
ENSG00000000479,10.0,-0.19264507794239571,0.08156568460205332,0.45232541462436704,0.2999095415745881,1.0
ENSG00000000480,10.666666666666666,-1.4671260104272978,0.3635726127493386,1.7304208233622607,2.175285414822001e-05,0.002175285414822001
ENSG00000000481,12.666666666666666,0.0,0.01890659041542798,0.5024549355147534,0.27865353514393626,1.0
ENSG00000000482,14.833333333333334,-0.09729720135491486,0.09111265308700006,-0.44588548302606934,0.7409444957598317,1.0
ENSG00000000483,10.666666666666668,0.09019780897157816,0.0151587396499625,2.0454332383531897,0.25509723207198337,1.0
ENSG00000000484,9.5,-0.05062607306996778,0.0764614683969242,-0.6982203820465762,0.18922928393235516,1.0
ENSG00000000485,13.666666666666668,-0.07038932789139786,0.2115320171920843,-0.5320956593674543,0.6700507109996349,1.0
ENSG00000000486,14.666666666666666,-0.19703684705955363,0.24652589404058822,2.241575539242917,0.21941183698264405,1.0
ENSG00000000487,11.666666666666668,-0.08246216019197282,0.21998576954863786,0.4823222496438355,0.8821382693327204,1.0
ENSG00000000488,13.0,0.0,0.22763492483025372,0.7308538275669039,0.08079240932997833,1.0
ENSG00000000489,9.833333333333332,0.0489096004809465,0.17773319620978908,0.6680192245769272,0.29019701196742465,1.0
ENSG00000000490,8.166666666666668,-0.058893689053568565,0.05523157644143706,1.4239896387675963,0.403148701381625,1.0
ENSG00000000491,12.166666666666668,0.27753397552890896,0.11598686633041325,1.2915334137979289,0.8647630809518617,1.0
ENSG00000000492,13.5,0.10691520391651188,0.13195078960629109,0.17480150272950462,0.5810692409537425,1.0
ENSG00000000493,8.333333333333332,0.11547721741993588,0.24980145482487626,0.709901406571328,0.6727601798661629,1.0
ENSG00000000494,16.666666666666664,0.11547721741993588,0.1402521126721839,-1.4300901159653354,0.8732896703578354,1.0
ENSG00000000495,16.666666666666664,-0.1154772174199359,0.012427294285609786,-1.116759063605078,0.6047762153748515,1.0
ENSG00000000496,8.0,0.12029423371771175,0.040704561084346266,-0.9819605838894737,0.1160729890034421,1.0
ENSG00000000497,9.333333333333332,-0.7369655941662062,0.3066863827774852,0.32004036897745614,0.3573066611934199,1.0
ENSG00000000498,6.666666666666667,0.0,0.06444660481478603,0.9562455409602394,0.47216048194377713,1.0
ENSG00000000499,6.0,-0.32192809488736246,0.1839632816049261,-0.12405653833633269,0.38537939110088887,1.0
ENSG00000000500,15.833333333333332,0.03037364904351901,0.00032457297625283516,-0.23556081095405124,0.41797967335865216,1.0
ENSG00000000501,15.333333333333332,-0.0627357553479626,0.430659569852471,1.0408792503495272,0.8555440251938579,1.0
ENSG00000000502,6.0,-0.1604646721932459,0.0646161516530249,1.0100518338781677,0.07903520269677806,1.0
ENSG00000000503,7.833333333333334,0.06140054466414327,0.09953343815408965,0.14929237129408507,0.9761100465763713,1.0
ENSG00000000504,12.333333333333332,0.15611920191728193,0.15200461097519247,-1.9443643423637074,0.9731141239448947,1.0
ENSG00000000505,16.833333333333332,0.9151111024134871,0.07110053722419728,0.506387679387055,0.6958188215527149,1.0
ENSG00000000506,3.833333333333333,-0.12553088208385899,0.19741376502381455,-0.1899106580187796,0.3951645866279908,1.0
ENSG00000000507,10.5,-0.04580368961312463,0.001437863671131489,-0.6759428020694296,0.19277692963523502,1.0
ENSG00000000508,9.166666666666668,-0.052467419894135704,0.19972596319944133,-2.1952635840300005,0.3624412199775877,1.0
ENSG00000000509,8.0,-0.12029423371771193,0.09735105773535054,0.09635843129732413,0.7527187586286304,1.0
ENSG00000000510,10.666666666666668,-0.18057224564182092,0.2685516470560622,0.17786426402148814,0.3661263692775573,1.0
ENSG00000000511,14.166666666666666,-0.10187961401921364,0.388613564677519,-0.364515041447399,0.40437699614399614,1.0
ENSG00000000512,7.666666666666666,-0.12553088208385899,0.18550213591520925,-2.447736493810374,0.867707007674091,1.0
ENSG00000000513,17.0,0.0,0.012910298668887774,-0.5704764676825121,0.9763661710262971,1.0
ENSG00000000514,6.666666666666667,0.0,0.21851437772890248,-1.899767893356971,0.6541827585727404,1.0
ENSG00000000515,7.666666666666666,0.12553088208385912,0.10798667012850777,-0.8658911072948949,0.3068118562771147,1.0
ENSG00000000516,11.333333333333332,0.08488889758651294,0.32403105638669133,-0.3395138597016066,0.28437801521278866,1.0
ENSG00000000517,10.333333333333332,-0.09310940439148147,0.1288555817176629,2.350864718096347,0.5764229375306088,1.0
ENSG00000000518,9.833333333333332,0.0489096004809465,0.07723931917588459,-0.9466504811587741,0.3584969581926754,1.0
ENSG00000000519,26.166666666666664,-0.01837852931485452,0.0453239013327644,1.7190518595204825,0.6819386854031718,1.0
ENSG00000000520,6.833333333333333,-0.21150410519371174,0.08766084848285387,-0.3523547316496788,0.6627474108538934,1.0
ENSG00000000521,9.166666666666668,0.052467419894135794,0.10211722470065349,-1.9227365655309352,0.8726396281426034,1.0
ENSG00000000522,7.833333333333333,-0.3081222953623318,0.17552659844640367,-0.05885143945415528,0.6263289269944583,1.0
ENSG00000000523,8.166666666666668,0.058893689053568614,0.04758719634440653,2.0428010184065033,0.752731099453523,1.0
ENSG00000000524,13.333333333333334,0.0,0.0648308674512149,-0.6324975461251405,0.13060496344180522,1.0
ENSG00000000525,9.333333333333332,0.20645087746742652,0.02215107981044498,0.5557339846715174,0.25094615495046774,1.0
ENSG00000000526,10.0,0.09621531525930327,0.09482363949545865,0.4824750765752649,0.8827751667258144,1.0
ENSG00000000527,14.333333333333334,0.0,0.37845533665921843,-0.5475572398664038,0.254922148889509,1.0
ENSG00000000528,8.666666666666668,-0.22239242133644802,0.07013187737545479,0.5282743909955926,0.9718904536469738,1.0
ENSG00000000529,5.0,0.19264507794239583,0.35613341634492257,0.23251613752932446,0.3478443427696534,1.0
ENSG00000000530,12.5,-0.038474147814635505,0.11453601188013872,0.8149105393661576,0.8333034682575657,1.0
ENSG00000000531,14.5,-0.16600995143892924,0.40785871037792276,0.6309312794121964,0.7048446945182409,1.0
ENSG00000000532,16.166666666666664,-0.760812336120574,0.07029736067503052,-0.07527675177615188,0.8450915301345803,1.0
ENSG00000000533,9.0,-0.10691520391651207,0.10557637469824868,-0.9803864595328984,0.847503524964653,1.0
ENSG00000000534,17.333333333333336,-0.11103131238874367,0.008294427241646692,1.353158304904339,0.3895070268096515,1.0
ENSG00000000535,19.5,0.024662054234269343,0.23548131614206672,-1.1982003311014033,0.3581818282289789,1.0
ENSG00000000536,17.833333333333332,0.08091999538356746,0.19936712252601457,1.164070626326694,0.7991502560733379,1.0
ENSG00000000537,7.666666666666667,0.0,0.10628383684636802,-0.3195479707483393,0.5156976844964228,1.0
ENSG00000000538,11.666666666666668,-0.08246216019197282,0.23978100760717808,0.24107456998685456,0.6169568583622798,1.0
ENSG00000000539,12.166666666666668,0.03952836418663759,0.3008541315898243,2.472583913387582,0.11605859161051563,1.0
ENSG00000000540,9.333333333333332,0.20645087746742652,0.058195201402496205,1.1798950714788932,0.16369888189839948,1.0
ENSG00000000541,17.5,-0.13750352374993477,0.20525874562620647,-0.7216500940043474,0.2974349103713426,1.0
ENSG00000000542,15.833333333333332,0.03037364904351901,0.012767329325856315,0.15919736699312714,0.6698936741580878,1.0
ENSG00000000543,9.833333333333334,-0.14684138832927113,0.26713076459712826,-0.8143399210118539,0.44135658316742366,1.0
ENSG00000000544,17.5,0.13750352374993474,0.33512111823134805,0.7687401243645217,0.7085614523587789,1.0
ENSG00000000545,7.666666666666666,0.12553088208385912,0.19877421384201963,-1.5282232443854398,0.17560183369236249,1.0
ENSG00000000546,10.166666666666666,-0.14201900487242788,0.08931785162848033,-0.1412575628143003,0.41162077096501654,1.0
ENSG00000000547,9.333333333333334,-0.5208321633014404,0.07544924789520416,0.39680808730923756,0.4908314525064411,1.0
ENSG00000000548,13.5,0.03562390973072122,0.45052343315200016,-0.4900330155063487,0.18837447625608011,1.0
ENSG00000000549,9.0,0.0,0.15478720548192,1.7221720400658815,0.5832166086778734,1.0
ENSG00000000550,16.833333333333332,0.08572987402588404,0.20081296629982637,0.10488636386383708,0.3229918445625531,1.0
ENSG00000000551,7.833333333333334,0.06140054466414327,0.3166631943060228,-0.33992896181862414,0.882905384985803,1.0
ENSG00000000552,5.5,-0.2630344058337938,0.15943310134384653,-1.3295167792458398,0.26407722773833187,1.0
ENSG00000000553,14.0,0.20645087746742624,0.021068909177907387,-1.0325665556399595,0.8187553338873612,1.0
ENSG00000000554,14.5,0.09953567355091437,0.11958142874129137,-0.07677675875662361,0.16622431092526624,1.0
ENSG00000000555,15.333333333333334,0.0,0.1251274717323866,1.0494074706153944,0.5417416847127824,1.0
ENSG00000000556,12.833333333333332,0.03747470541866296,0.10147450997539764,0.6127692046388709,0.5337105590985305,1.0
ENSG00000000557,9.166666666666666,0.15754127698648002,0.16816839854646864,-1.3674494527509955,0.8392564707350648,1.0
ENSG00000000558,5.666666666666666,-0.16992500144231246,0.11222863324377173,-1.0435667397832886,0.17200869157746784,1.0
ENSG00000000559,11.833333333333332,-0.203533394085132,0.17459064258851723,-0.35880284576396865,0.5526941140024365,1.0
ENSG00000000560,10.166666666666668,-0.2370391973008493,0.12736871278682244,-0.27162838317901883,0.9056790252744338,1.0
ENSG00000000561,4.666666666666666,0.20645087746742652,0.3667581483081732,-0.22200385899136,0.24965032230681816,1.0
ENSG00000000562,22.666666666666664,-0.08488889758651287,0.0919194036818004,1.4981982183620732,0.48079862565496767,1.0
ENSG00000000563,11.666666666666668,0.16505924627049648,0.26178196128939757,-0.7651107747658953,0.23714758339754166,1.0
ENSG00000000564,13.666666666666666,-0.21150410519371174,0.08983657749495604,-1.5498808511042348,0.45285901420308894,1.0
ENSG00000000565,13.166666666666666,-0.10962449117449813,0.1507343265530341,1.0480483868904333,0.4820663532985267,1.0
ENSG00000000566,8.5,-0.05658352836636726,0.21956309661633822,0.627869112652419,0.8621236353416369,1.0
ENSG00000000567,13.666666666666666,0.0,0.12567105369538037,0.0005156770775705346,0.4418993622927868,1.0
ENSG00000000568,7.333333333333333,0.0,0.2769697562697216,-1.456782703749107,0.3166140718383749,1.0
ENSG00000000569,16.333333333333332,0.11783649029385838,0.30667134220281833,0.7751211243869212,0.4910007205542082,1.0
ENSG00000000570,10.166666666666666,-0.14201900487242788,0.14508296090177014,-0.5328197030414654,0.090582734284287,1.0
ENSG00000000571,7.166666666666667,0.2016338611696504,0.3426597935469113,0.02231337782512144,0.2280823632124227,1.0
ENSG00000000572,13.666666666666666,0.0,0.26820728174686703,-1.1052235593437554,0.30913818222910844,1.0
ENSG00000000573,13.833333333333334,0.10433665981473553,0.14006478115351567,0.5101821577653,0.16119682938085272,1.0
ENSG00000000574,19.5,0.024662054234269343,0.14622483231960465,-0.13327098145098354,0.7030450135824698,1.0
ENSG00000000575,9.666666666666668,0.09953567355091437,0.004132180847809883,-0.5013703450275607,0.49123755274077735,1.0
ENSG00000000576,11.666666666666666,0.0,0.05699641845994944,0.08988855749275358,0.8057238066669934,1.0
ENSG00000000577,8.333333333333334,0.0,0.28967071848916576,0.13103540431180297,0.8511088655615086,1.0
ENSG00000000578,20.666666666666668,-0.13972476366661327,0.16646689348167043,-1.3601032381215123,0.053585898331016915,1.0
ENSG00000000579,9.666666666666668,0.09953567355091437,0.2313298671738458,0.26310291939998226,0.742777584741846,1.0
ENSG00000000580,15.0,0.12832409697553937,0.046553738602020694,0.8547004348862682,0.12393341601041306,1.0
ENSG00000000581,5.0,0.0,0.2830645328040217,-2.5001329560452996,0.5066555204960519,1.0
ENSG00000000582,12.5,0.11547721741993588,0.043648528972131784,1.8406288304271545,0.6182600482914659,1.0
ENSG00000000583,15.666666666666666,0.30812229536233166,0.10006001741583781,-0.185260698515841,0.7005345932084458,1.0
ENSG00000000584,9.5,0.05062607306996784,0.17149993313232514,0.0946454064304064,0.1113044688097807,1.0
ENSG00000000585,22.333333333333336,0.08615664374971455,0.009244790948546276,-0.025647547849300106,0.4706286842350838,1.0
ENSG00000000586,30.0,1.418713157422242,0.2647308204355154,-0.5105919584575805,1.509940069051793e-06,0.00015099400690517928
ENSG00000000587,9.166666666666668,-0.052467419894135704,0.06298207816770628,0.27627209844167566,0.22903834201889245,1.0
ENSG00000000588,7.666666666666667,0.2515387669959644,0.1356171093958064,-0.8653922617287539,0.7226028496634815,1.0
ENSG00000000589,5.666666666666666,0.3410369178350669,0.018349107005436602,1.1501555228090508,0.20858799226059388,1.0
ENSG00000000590,8.0,-1.5849625007211563,0.07632700768310886,-1.7966766281189703,1.3782609731595015e-05,0.0013782609731595014
ENSG00000000591,12.833333333333332,0.03747470541866296,0.06745513404193135,0.4244123138215981,0.36035058070045156,1.0
ENSG00000000592,9.666666666666668,0.19930880822340666,0.06521047463059222,0.11716887864721066,0.88818670184221,1.0
ENSG00000000593,11.5,-0.2094533656289499,0.0002878344247893868,-0.7093021148608808,0.06435187955390877,1.0
ENSG00000000594,5.0,0.0,0.15079834601422148,1.4247853289886303,0.9167598885304459,1.0
ENSG00000000595,8.666666666666666,0.0,0.2690017511231,-1.272492135367949,0.08002204787717457,1.0
ENSG00000000596,11.166666666666668,0.215728691055437,0.17482069363065478,-0.9091207805464528,0.5649813981469105,1.0
ENSG00000000597,8.5,-0.16992500144231246,0.03222271205611082,0.4471610719646611,0.6398177600729215,1.0
ENSG00000000598,13.166666666666668,-0.03652587602511404,0.39222098720449255,-1.6865682064627832,0.6847236177819833,1.0
ENSG00000000599,35.166666666666664,0.9795358974402842,0.5824476592515279,0.34562717418842986,0.2640382075448807,1.0
ENSG00000000600,15.0,-0.06413033741971574,0.41700651630880303,-1.0276586976446553,0.3781775074540122,1.0
ENSG00000000601,6.5,-0.37196877738695766,0.06139535002737182,1.1274383823961731,0.9429015401850598,1.0
ENSG00000000602,12.333333333333332,-0.156119201917282,0.11062222869775165,-0.5294432884192151,0.7588295778888657,1.0
ENSG00000000603,12.5,-0.19264507794239608,0.15786001475190295,-0.5625014661653457,0.12929120484907353,1.0
ENSG00000000604,13.833333333333334,0.10433665981473553,0.4122977016594311,0.014874297248611924,0.7598012607307589,1.0
ENSG00000000605,7.666666666666666,-0.12553088208385899,0.012422226343286331,1.2706847211868144,0.22629532327113316,1.0
ENSG00000000606,29.333333333333332,1.5415699052077756,0.5324547233645992,-0.8687839476805825,3.781125961277369e-05,0.003781125961277369
ENSG00000000607,3.666666666666667,-0.2630344058337938,0.20984778423576822,-0.44154572310802126,0.4775501717779233,1.0
ENSG00000000608,11.833333333333332,0.04064198449734608,0.1232142238252866,-2.3474739524394406,0.8499595905982303,1.0
ENSG00000000609,12.333333333333332,-0.156119201917282,0.02791219164922884,-0.6315018675424489,0.0688925706402646,1.0
ENSG00000000610,22.166666666666664,1.269186632815389,0.2529986515668058,-0.024936116894294532,3.528989521803075e-05,0.003528989521803075
ENSG00000000611,9.333333333333332,0.20645087746742652,0.05983824318167677,0.5932073559624423,0.16032094864767044,1.0
ENSG00000000612,12.833333333333334,-0.1124747292584125,0.4382051879582305,1.465229669945005,0.9678857767858844,1.0
ENSG00000000613,7.166666666666666,0.06711419585853703,0.19926837419684928,1.1781392453856752,0.4957418879851178,1.0
ENSG00000000614,14.0,0.13750352374993474,0.20877768801000443,1.290660523985618,0.6717158298960769,1.0
ENSG00000000615,13.166666666666666,-0.10962449117449813,0.13984192957025518,0.5775796717235178,0.35420875648309774,1.0
ENSG00000000616,7.0,0.0,0.011593238986953969,0.8834061839765727,0.5455180616069544,1.0
ENSG00000000617,13.666666666666668,0.070389327891398,0.14827275895922262,-0.2531713484255554,0.2191823346910522,1.0
ENSG00000000618,9.5,-0.15200309344504995,0.2398158374260818,-0.2812616243367175,0.9940513739081677,1.0
ENSG00000000619,18.0,0.10691520391651217,0.4216750947664067,1.5586000440334566,0.32201281622243094,1.0
ENSG00000000620,9.666666666666668,-0.0995356735509144,0.10276038842341924,0.8157844194919045,0.6485564363589009,1.0
ENSG00000000621,10.5,0.13750352374993502,0.22306191527511895,-0.34447513683075254,0.2977982151773816,1.0
ENSG00000000622,7.833333333333334,0.9541963103868754,0.09875960605445697,-0.9441762097456601,0.6517135370754256,1.0
ENSG00000000623,11.833333333333332,0.04064198449734608,0.10574192679047434,-0.9074399566794615,0.8015363668093562,1.0
ENSG00000000624,12.166666666666666,-0.11864449649861908,0.08926868249375258,-0.8330588183148009,0.5853597094199945,1.0
ENSG00000000625,19.5,-0.07400058144377693,0.3230867110476706,-0.8570335814853295,0.18523152212241123,1.0
ENSG00000000626,14.5,0.16600995143892933,0.11310418305605466,0.4814284032964965,0.7055094550526096,1.0
ENSG00000000627,12.833333333333332,0.03747470541866296,0.0027419534602584946,-0.22476071596788738,0.8213969054689947,1.0
ENSG00000000628,8.5,-0.8744691179161412,0.26807450819101825,0.6375996308209928,0.5409494453809401,1.0
ENSG00000000629,11.5,-0.0418201756946269,0.153321824493997,-0.08091382113061672,0.05936398843369136,1.0
ENSG00000000630,28.833333333333336,-0.016678741146630344,0.056575573721996675,-1.2346694947811039,0.8975841924665248,1.0
ENSG00000000631,20.5,0.02345897282398896,0.29254280050352194,0.2736885208636553,0.4623003707283645,1.0
ENSG00000000632,20.666666666666668,0.13972476366661318,0.045416998634997444,-0.6702929227822378,0.49854074298334056,1.0
ENSG00000000633,13.5,-0.1783372412585126,0.08191683679485628,-1.7488802369950527,0.8132580332193007,1.0
ENSG00000000634,16.833333333333332,0.08572987402588404,0.12444056372350197,0.9301928163744395,0.0636190500765258,1.0
ENSG00000000635,10.5,0.045803689613124754,0.31241952497836484,-0.8779462769807804,0.2698180246684509,1.0
ENSG00000000636,10.666666666666666,0.2713020218173943,0.013695435185150812,-1.2491879025228683,0.3902549657586463,1.0
ENSG00000000637,11.833333333333332,0.04064198449734608,0.1524524363141777,-0.3611320002966569,0.7373891917721178,1.0
ENSG00000000638,17.166666666666664,-0.02801437616959647,0.017364016855859043,-1.6747436323381808,0.838066953721378,1.0
ENSG00000000639,14.0,-0.20645087746742632,0.21875101241740647,-1.3460682621311104,0.7067759920147809,1.0
ENSG00000000640,11.333333333333332,-0.08488889758651287,0.383090921064349,1.489556406742953,0.48672403111945184,1.0
ENSG00000000641,6.666666666666667,0.0,0.25162091537735337,0.8344522036685518,0.8329431525520419,1.0
ENSG00000000642,13.333333333333332,0.0721497857558354,0.24001866698611984,-0.04459429538646311,0.10662412408152394,1.0
ENSG00000000643,10.5,-0.04580368961312463,0.00214677797606154,-1.649856808950862,0.9513116323688804,1.0
ENSG00000000644,12.166666666666668,0.03952836418663759,0.2422117034695801,-0.8685318941369001,0.2073391821462709,1.0
ENSG00000000645,22.0,1.4150374992788437,0.3581951076284885,-0.8490938010931635,1.9541615675915243e-05,0.0019541615675915244
ENSG00000000646,11.166666666666668,-0.04306872189188598,0.23812778083140898,-0.052741097187075356,0.15058373676599146,1.0
ENSG00000000647,12.5,0.1926450779423961,0.16882733811118822,1.3904694767244898,0.7437121697562877,1.0
ENSG00000000648,16.333333333333332,0.0,0.23638547923309844,-0.11648985205590957,0.7229981266479488,1.0
ENSG00000000649,16.0,-0.06012099243757074,0.2456182720783894,-1.0414026756558905,0.44809726247914844,1.0
ENSG00000000650,20.333333333333336,-0.0473057147783568,0.050049140597576286,0.2772561244291602,0.5611045456405445,1.0
ENSG00000000651,23.5,1.4909863525121423,0.01724906362775919,0.6798484135769907,1.137230918853275e-05,0.001137230918853275
ENSG00000000652,8.333333333333332,0.11547721741993588,0.6477579640634707,-0.8773272090523543,0.799598395896223,1.0
ENSG00000000653,14.333333333333334,0.0,0.2201320268170219,-1.2038990629769664,0.19071047362816024,1.0
ENSG00000000654,9.833333333333332,0.0489096004809465,0.06525913296518812,2.1633922367973146,0.5318946732676283,1.0
ENSG00000000655,11.0,0.0,0.1111567608510603,1.5243057504195965,0.19659623229426837,1.0
ENSG00000000656,11.166666666666668,0.04306872189188593,0.0030560909260196655,0.5185243239489569,0.5550028090248493,1.0
ENSG00000000657,8.333333333333334,-0.23132554610645567,0.14057612323223154,1.1642117985545597,0.8322042222807107,1.0
ENSG00000000658,13.833333333333334,-0.10433665981473561,0.14457795071346383,-0.5597903010520164,0.901971536182817,1.0
ENSG00000000659,6.666666666666666,-0.2895066171949848,0.005448704465392085,1.3706198957817954,0.4088981139774754,1.0
ENSG00000000660,19.166666666666664,0.12553088208385912,0.04363010107386398,0.8821374273199544,0.864823790296074,1.0
ENSG00000000661,9.5,0.6698513983076692,0.14143062224369463,0.859702032399012,0.5322456089896827,1.0
ENSG00000000662,8.666666666666666,0.33441903907055903,0.0432265505396126,-2.582912311429463,0.0645812471864687,1.0
ENSG00000000663,20.0,0.048094288201044895,0.19485439375866506,-0.3096874199379696,0.33239958346681864,1.0
ENSG00000000664,11.666666666666666,0.0,0.15827131506989045,-1.0334857739130627,0.3134254081994043,1.0
ENSG00000000665,11.5,-0.0418201756946269,0.3182340211927995,0.3762131438247811,0.3341014050136198,1.0
ENSG00000000666,14.5,-0.2995602818589078,0.218202891928986,0.03315330446521618,0.943913200172894,1.0
ENSG00000000667,12.333333333333332,0.07800251200127316,0.017573213589208183,0.7016998339782804,0.31562595699806967,1.0
ENSG00000000668,9.166666666666668,-0.052467419894135704,0.0004265467595894526,0.3060907902152767,0.5450250718034468,1.0
ENSG00000000669,10.0,-0.09621531525930334,0.11830528930478837,0.9075402079931333,0.9503567947388739,1.0
ENSG00000000670,9.833333333333332,-0.048909600480946565,0.025339164405783418,-0.03569832734275834,0.37906335959668236,1.0
ENSG00000000671,12.5,-0.038474147814635505,0.0466045834770588,-0.3276136992155161,0.39271772877354116,1.0
ENSG00000000672,6.666666666666666,0.14438990933517493,0.13599636599010553,0.19378391618425023,0.3977601270029499,1.0
ENSG00000000673,5.166666666666666,-0.09310940439148147,0.2768703472082758,1.3343277273275442,0.5967302979391421,1.0
ENSG00000000674,5.166666666666666,-0.09310940439148147,0.031200877273328556,-1.217803707050511,0.6317792264705895,1.0
ENSG00000000675,9.0,0.0,0.22678599983811326,1.8999295184834981,0.057280818978205535,1.0
ENSG00000000676,18.833333333333336,0.025535092107137478,0.19330194364844988,3.326780537643981,0.35223035827877996,1.0
ENSG00000000677,10.0,0.0,0.1995129104748489,-0.7854354832391661,0.2883694551451386,1.0
ENSG00000000678,6.666666666666666,-1.0544477840223765,0.3593838287860107,-0.24964044982656203,3.0473560448087432e-05,0.0030473560448087433
ENSG00000000679,10.0,0.09621531525930327,0.0860552716991419,0.9042702316231014,0.4782612162193893,1.0
ENSG00000000680,16.0,0.0,0.38277905371690807,2.2676191933543253,0.930927874853131,1.0
ENSG00000000681,5.166666666666666,-0.09310940439148147,0.25221471955769775,-0.8946314219600534,0.6872698651097415,1.0
ENSG00000000682,10.166666666666666,-0.14201900487242788,0.328004142390199,-0.9618496586153173,0.35440384750241394,1.0
ENSG00000000683,17.0,-0.05658352836636726,0.06629242968712105,-0.26740207529038673,0.40952664623631235,1.0
ENSG00000000684,8.0,0.12029423371771175,0.2335862388887313,0.47569590075222346,0.9260476117541918,1.0
ENSG00000000685,7.5,-0.4525122046975065,0.1557011968768774,0.21857739522313235,0.9873197370360154,1.0
ENSG00000000686,8.5,-0.05658352836636726,0.05839215705123612,0.13176679441750327,0.39129201223433024,1.0
ENSG00000000687,12.166666666666668,0.19793937761190883,0.07013317476533146,1.1702627748711174,0.7995229778296377,1.0
ENSG00000000688,13.333333333333332,0.0721497857558354,0.18935463128313762,-0.940316100049891,0.6570072650834632,1.0
ENSG00000000689,11.0,0.0,0.30434457990171326,-0.5761184143913367,0.35890594581792756,1.0
ENSG00000000690,11.833333333333334,0.12199052437861026,0.02683360449117211,1.4725755301909893,0.14566844594673972,1.0
ENSG00000000691,4.166666666666666,-0.1154772174199359,0.03780561822230922,-0.2136432396380992,0.589752200303649,1.0
ENSG00000000692,19.5,0.024662054234269343,0.23319462600133567,-0.07168440097032107,0.8094160587074365,1.0
ENSG00000000693,7.333333333333334,0.3959286763311393,0.021807131524390955,0.6632128100602828,0.7024617286820587,1.0
ENSG00000000694,18.333333333333332,-0.15754127698647993,0.13574794207047533,0.20247603382456572,0.14376500543451157,1.0
ENSG00000000695,5.0,-1.0,0.028469335521457192,-0.6467607014530672,0.5698876434955885,1.0
ENSG00000000696,14.0,0.0687127500840143,0.21917613191794652,-2.2426997074709627,0.675091154161847,1.0
ENSG00000000697,8.166666666666666,-0.29545588352617136,0.0819287376977084,-0.9806879385527925,0.2641224309924955,1.0
ENSG00000000698,9.5,-1.234465253637023,0.2225196861111659,0.5115988544966338,2.3955897129711607e-05,0.0023955897129711605
ENSG00000000699,8.333333333333332,-0.1154772174199359,0.2601523057517318,0.8169799185720482,0.346750220387852,1.0
ENSG00000000700,12.833333333333334,-0.1124747292584125,0.14782781578318457,0.39567438104262437,0.7058608998977745,1.0
ENSG00000000701,10.166666666666668,-0.3325753390868709,0.19804634627514361,-0.5033735691511264,0.6818352947781546,1.0
ENSG00000000702,6.0,-0.1604646721932459,0.30191634764213027,-0.26293785304404416,0.5253431711350854,1.0
ENSG00000000703,13.5,0.03562390973072122,0.048042777005551485,0.1766936834264988,0.1302897337031576,1.0
ENSG00000000704,11.833333333333332,0.20353339408513188,0.583426794484376,1.2581062788651298,0.2470860766751088,1.0
ENSG00000000705,9.5,-0.05062607306996778,0.3451629444169659,0.8948256264602157,0.9894160259973458,1.0
ENSG00000000706,13.0,0.22239242133644802,0.2242786996483034,-0.930849896324706,0.9051414251167863,1.0
ENSG00000000707,11.666666666666668,-0.16505924627049634,0.05010374795167919,0.4964074335236851,0.5196532054389165,1.0
ENSG00000000708,11.833333333333332,0.20353339408513188,0.17744428189405925,1.2564509040777,0.693609054693964,1.0
ENSG00000000709,10.0,0.19264507794239583,0.09832909538843028,-0.468028011768486,0.7718065416845487,1.0
ENSG00000000710,16.666666666666664,-0.0577154978562875,0.09217014526364672,0.7541939364163607,0.3940551766018336,1.0
ENSG00000000711,11.5,0.29373120305671,0.12358397974635871,0.7283014104799544,0.5881496757006307,1.0
ENSG00000000712,6.833333333333334,0.070389327891398,0.08155645755657377,-1.2090205238536111,0.7437756873314,1.0
ENSG00000000713,11.833333333333332,0.04064198449734608,0.07702032473613268,1.5737330683330315,0.6468007983654767,1.0
ENSG00000000714,9.333333333333334,0.0,0.13313181280605035,-0.019389538479447774,0.6510409641311988,1.0
ENSG00000000715,14.166666666666668,0.9493739269300322,0.12648735793774354,-1.0939197924832245,0.545786690667582,1.0
ENSG00000000716,14.5,-0.0995356735509144,0.10089750359674295,0.47441563300022177,0.5710439617979929,1.0
ENSG00000000717,9.5,0.05062607306996784,0.12053865210631523,-0.07695201471150685,0.29789262254020954,1.0
ENSG00000000718,5.5,-1.0,0.10132423371052512,-1.5015036284169125,0.3412273151946617,1.0
ENSG00000000719,8.166666666666666,0.17687776208407918,0.2728752188394444,1.20126604321065,0.3519105879346582,1.0
ENSG00000000720,10.166666666666668,-0.0473057147783568,0.47964076389379795,0.44454033131596155,0.6775952465245908,1.0
ENSG00000000721,16.166666666666664,-0.029747343394051905,0.10870085615152876,0.08879203742522275,0.8199695959602357,1.0
ENSG00000000722,11.666666666666668,-0.16505924627049634,0.021712481255184643,-1.3111739526556176,0.4600120170706519,1.0
ENSG00000000723,11.166666666666668,-0.21572869105543707,0.2775976336732114,0.07742236194171567,0.4647170925634469,1.0
ENSG00000000724,13.666666666666666,-1.2730184944064158,0.11759833181047796,-0.7892257239096072,2.6567775529534273e-05,0.0026567775529534273
ENSG00000000725,10.166666666666666,-0.14201900487242788,0.3556561663290608,0.781223530472001,0.61230140261451,1.0
ENSG00000000726,7.0,-0.5563933485243854,0.4239848895014558,-0.6415977173902092,0.5857671857237051,1.0
ENSG00000000727,5.833333333333333,0.2479275134435855,0.0033345340365444143,-1.5498418309077275,0.7375407160730464,1.0
ENSG00000000728,16.166666666666668,0.0892673380970876,0.13181284034786098,-0.18912024875320826,0.4852638401018674,1.0
ENSG00000000729,14.666666666666668,-0.13124453327825267,0.10014511613566475,-0.8292234197059316,0.48500414222265725,1.0
ENSG00000000730,15.5,0.03102689562062432,0.09372511109408269,-1.7745261909725352,0.593182996409269,1.0
ENSG00000000731,6.666666666666666,-0.1443899093351748,0.11383878470514125,0.017158108265024043,0.8114894330764968,1.0
ENSG00000000732,8.666666666666668,0.11103131238874364,0.04144867208056757,0.6854294284081961,0.8516618386305387,1.0
ENSG00000000733,9.0,0.10691520391651217,0.15487019741186156,-0.38616273490778263,0.5709376465406957,1.0
ENSG00000000734,10.0,0.0,0.08314083964542907,-0.20439461381491617,0.19702067127314088,1.0
ENSG00000000735,13.166666666666666,-0.10962449117449813,0.016498579589464043,0.20045850199477536,0.28088022170800475,1.0
ENSG00000000736,10.166666666666668,-0.0473057147783568,0.1622475000690824,0.5390883298497756,0.20172741642782238,1.0
ENSG00000000737,10.5,-0.04580368961312463,0.18838889900639333,-0.8079417350878535,0.3483359571166593,1.0
ENSG00000000738,7.0,-0.84799690655495,0.05123385197773194,-0.6251937483130056,0.42359817711305464,1.0
ENSG00000000739,24.666666666666664,-0.038994131615863736,0.17458620352865303,1.8132332071916604,0.831115008993636,1.0
ENSG00000000740,20.666666666666664,0.04654258593703024,0.30908966542149685,-1.8374691718304994,0.32451413497702725,1.0
ENSG00000000741,16.333333333333336,0.058893689053568614,0.022180658216282203,-0.13398464083893397,0.6827197870488818,1.0
ENSG00000000742,12.5,-0.1154772174199359,0.216273482314211,0.176516307789078,0.3460158213745767,1.0
ENSG00000000743,11.666666666666668,-0.16505924627049634,0.2827423581549943,-0.5435590213448985,0.24031820560829265,1.0
ENSG00000000744,12.166666666666668,-0.1979393776119089,0.19412424250278504,-0.47425015975833246,0.8941539610462012,1.0
ENSG00000000745,14.0,0.0687127500840143,0.08568121851964319,-0.7373785507920522,0.7501610761407835,1.0
ENSG00000000746,17.166666666666664,-0.02801437616959647,0.035054842578697114,0.7884837321752486,0.44642791084792244,1.0
ENSG00000000747,8.666666666666666,0.0,0.07520364762589456,-0.7836968954509846,0.4736623567845328,1.0
ENSG00000000748,4.0,-0.24100809950379493,0.00848721582785218,-0.327991387057241,0.43079844687267,1.0
ENSG00000000749,8.0,-0.12029423371771193,0.02587356001341494,0.10004667886696739,0.36950262370394094,1.0
ENSG00000000750,14.0,-0.13750352374993477,0.1946224374652179,0.8065181565734423,0.7722005705767466,1.0
ENSG00000000751,10.666666666666668,0.09019780897157816,0.09613566473160637,0.6557527066535875,0.12910808492470727,1.0
ENSG00000000752,14.0,0.0687127500840143,0.23746102881247164,-1.6885727968809516,0.18828211372174336,1.0
ENSG00000000753,9.166666666666666,0.15754127698648002,0.05317399057734371,0.9795576158031062,0.35978358079108363,1.0
ENSG00000000754,10.666666666666666,0.2713020218173943,0.18364433221028073,0.5089444107005475,0.9647261577515687,1.0
ENSG00000000755,15.333333333333332,-0.0627357553479626,0.101572661442389,-0.014711959897199107,0.5258313688016439,1.0
ENSG00000000756,15.666666666666666,-0.12285674778553347,0.24661007571310842,-1.7290261740108024,0.29211796083239827,1.0
ENSG00000000757,21.0,0.0,0.03867962778911596,1.7939571807162191,0.7086569062252703,1.0
ENSG00000000758,5.833333333333334,0.08246216019197297,0.42063867652943465,-0.05027764937550174,0.12298560902089681,1.0
ENSG00000000759,8.833333333333332,0.27301849440641585,0.0801794725136136,-1.200656721272348,0.6747728285677871,1.0
ENSG00000000760,12.166666666666668,0.03952836418663759,0.03932091184039563,-0.7898686555310777,0.9678131963005066,1.0
ENSG00000000761,8.833333333333334,0.16349873228287926,0.06743814099823456,-1.1021923138574257,0.13611581759610897,1.0
ENSG00000000762,13.833333333333334,0.10433665981473553,0.20490450927912499,0.13080272707311655,0.47179574644889705,1.0
ENSG00000000763,3.666666666666667,0.2630344058337938,0.05269650212539204,0.879329026548271,0.8263782303854239,1.0
ENSG00000000764,8.5,-0.05658352836636726,0.33471818943993115,-0.28475446761569134,0.5151610112283135,1.0
ENSG00000000765,10.0,0.0,0.11636404976740398,-0.19240313857567512,0.5452348844087148,1.0
ENSG00000000766,10.166666666666668,0.04730571477835682,0.27439698018142283,0.5243628037468203,0.2772696584869337,1.0
ENSG00000000767,16.5,0.029146345659516827,0.4313830527685769,0.17371177434054627,0.2116460639545425,1.0
ENSG00000000768,5.0,0.0,0.1823891177710201,-2.211513509257759,0.4840641029803879,1.0
ENSG00000000769,17.333333333333336,0.11103131238874364,0.23458432404915244,0.7545487247819783,0.7924518077884225,1.0
ENSG00000000770,13.666666666666668,0.1408625358398497,0.027181402663227928,-0.5087109244450072,0.548502739928173,1.0
ENSG00000000771,27.5,1.4594316186372975,0.006030572456232647,-0.10079042790358163,7.787656684008261e-06,0.0007787656684008261
ENSG00000000772,7.333333333333334,0.2630344058337938,0.04609406847219626,0.5979967527101597,0.7398067965247139,1.0
ENSG00000000773,14.0,0.2756344426134276,0.031354051111898616,-1.3505382689238472,0.4318716217238709,1.0
ENSG00000000774,7.333333333333334,-1.0995356735509143,0.2723919820699065,-1.0113844897202995,2.0691545202230505e-05,0.0020691545202230505
ENSG00000000775,21.833333333333332,0.1985456793820801,0.009671915893045826,3.938502977082583,0.22467119133180624,1.0
ENSG00000000776,10.333333333333334,0.0,0.04277966140312247,0.5593806763702074,0.8325971015475573,1.0
ENSG00000000777,10.833333333333332,-0.04439411935845356,0.21791967061557813,0.8309568166512528,0.34010301081790906,1.0
ENSG00000000778,9.666666666666666,0.29956028185890793,0.053898796659292016,1.2625341384985065,0.9682171709555607,1.0
ENSG00000000779,7.666666666666666,0.12553088208385912,0.14584025777062715,-0.15658206820474344,0.7951263412845164,1.0
ENSG00000000780,16.833333333333336,0.1429579538420431,0.13867429844171614,-0.15369510384957796,0.7214304293505752,1.0
ENSG00000000781,8.166666666666668,0.058893689053568614,0.09377757492410033,0.8921886467599507,0.34123315361282225,1.0
ENSG00000000782,15.666666666666668,1.4646682670034443,0.06772060083947805,-1.823054117598208,3.427966002898776e-05,0.003427966002898776
ENSG00000000783,13.833333333333334,0.10433665981473553,0.26659954723614054,1.3685948032025164,0.8319725606736587,1.0
ENSG00000000784,12.166666666666668,0.27753397552890896,0.22793431246721052,0.3980289139222102,0.536395844423835,1.0
ENSG00000000785,10.833333333333332,0.7725895038969275,0.014420627296704994,0.6238035349605079,0.4699288218335616,1.0
ENSG00000000786,15.0,0.19264507794239583,0.04389806991603941,-0.730982503583159,0.3605285421449741,1.0
ENSG00000000787,12.0,-0.0801703486839835,0.1400895137978796,0.379521006043499,0.5902064581847419,1.0
ENSG00000000788,17.166666666666664,-0.1963972128035033,0.043797362366040045,-0.8627657386726013,0.946762793557624,1.0
ENSG00000000789,13.333333333333332,0.0721497857558354,0.035370759020236044,-1.2718397660012517,0.6832601667048747,1.0
ENSG00000000790,12.833333333333334,0.11247472925841265,0.12249184922996417,1.3750531830276702,0.36809195380126136,1.0
ENSG00000000791,6.0,0.0,0.15900669559117087,0.4028091059703823,0.7293655943188502,1.0
ENSG00000000792,22.166666666666664,-0.10852445677816921,0.11949295735336592,-1.4656404283160973,0.1939869936975412,1.0
ENSG00000000793,14.166666666666666,0.10187961401921365,0.23285228470158673,0.8269320257302971,0.9422174136907504,1.0
ENSG00000000794,12.833333333333332,-0.18762700317577133,0.2022700523506285,1.4867315203334983,0.10318489673597293,1.0
ENSG00000000795,22.166666666666664,0.021695071099318976,0.024319530351653587,-1.711939007369041,0.69197524744403,1.0
ENSG00000000796,11.833333333333332,-0.04064198449734593,0.1399796341738952,-1.526587324142757,0.39361766132191456,1.0
ENSG00000000797,11.166666666666668,-0.04306872189188598,0.1685340486620171,0.40068682684114515,0.2449625882203204,1.0
ENSG00000000798,5.833333333333334,0.08246216019197297,0.078782045366005,0.8596781801050425,0.07167167728096797,1.0
ENSG00000000799,4.0,-0.24100809950379493,0.07302331371264154,0.1235585107599072,0.19900653390798073,1.0
ENSG00000000800,11.833333333333334,-1.3504972470841332,0.0002120309235191031,1.5815542595408423,3.2201572611738345e-05,0.0032201572611738347
ENSG00000000801,11.0,0.0,0.241395827601841,-0.3224049040155275,0.8297646537708382,1.0
ENSG00000000802,5.0,-0.19264507794239571,0.2321380918999506,1.2162753782995375,0.7698542271027666,1.0
ENSG00000000803,16.0,0.12029423371771175,0.6289924645928753,0.5550810077006411,0.6491760554431322,1.0
ENSG00000000804,6.5,-0.523561956057013,0.102808829395871,0.004830367629899082,0.9907340167143018,1.0
ENSG00000000805,11.333333333333332,-0.08488889758651287,0.11451678763350213,0.33894292567965445,0.6451444756277994,1.0
ENSG00000000806,10.833333333333332,0.22239242133644774,0.08847715287832644,-0.5190250123061511,0.6510504903866856,1.0
ENSG00000000807,11.666666666666668,-0.16505924627049634,0.22234350516977194,-1.1271354966899507,0.8097880522972529,1.0
ENSG00000000808,7.833333333333334,-0.061400544664143256,0.13505223501289484,-0.13581431002850128,0.7678080689288418,1.0
ENSG00000000809,12.666666666666668,-0.07594885323329845,0.0404605564681676,-1.0442906330751995,0.6058701234726033,1.0
ENSG00000000810,14.0,0.0,0.20542850906172372,-1.320667728516694,0.7906562022408054,1.0
ENSG00000000811,13.5,-0.1069152039165119,0.07532532557036305,-0.03843448158803194,0.34968035270254966,1.0
ENSG00000000812,8.166666666666668,-0.058893689053568565,0.012474657351055823,2.182024548474946,0.7088231058537481,1.0
ENSG00000000813,14.5,-0.033166863935199124,0.02883688981010297,1.11287933444595,0.9410007185532195,1.0
ENSG00000000814,18.0,0.9402937538757322,0.01615252346843694,0.4804163064846694,0.7291554896396004,1.0
ENSG00000000815,9.666666666666666,0.0,0.020922187131797606,0.6558194361027492,0.8479802276616503,1.0
ENSG00000000816,23.333333333333332,0.0,0.4288763497659135,-2.5567057033080696,0.20119653377616808,1.0
ENSG00000000817,6.0,-0.1604646721932459,0.09352625505653721,-0.01693081673919884,0.6365026289526435,1.0
ENSG00000000818,12.0,-0.1604646721932459,0.33325584870609876,1.1449389017228533,0.3267452795690053,1.0
ENSG00000000819,14.333333333333332,-0.13430109171159105,0.2832730440086328,0.014137810251394444,0.7836186202476284,1.0
ENSG00000000820,9.166666666666668,-0.052467419894135704,0.1140829537484037,-1.6065673314957507,0.400547731935268,1.0
ENSG00000000821,9.5,-0.05062607306996778,0.20905186812748325,0.37879622615665093,0.5534698923270652,1.0
ENSG00000000822,11.5,0.20945336562895006,0.17413859107621044,-0.07920726785026967,0.9145098050073378,1.0
ENSG00000000823,11.666666666666668,-0.08246216019197282,0.5405605660567923,-1.3292289062699563,0.8072119301216345,1.0
ENSG00000000824,7.166666666666667,0.2016338611696504,0.14845878378867847,0.3194230755873035,0.6160044329742915,1.0
ENSG00000000825,17.666666666666664,-0.05444778402237646,0.14095729398378387,0.5247883970893782,0.9545388854496815,1.0
ENSG00000000826,10.5,0.045803689613124754,0.046951612304900366,-1.3113295622637138,0.39210492352134707,1.0
ENSG00000000827,15.666666666666668,-0.061400544664143256,0.076339656302227,0.47022250603478316,0.4411600716257891,1.0
ENSG00000000828,24.833333333333336,-0.13565509935756612,0.3587005019063273,1.6578590338964756,0.8552262730697054,1.0
ENSG00000000829,15.166666666666668,0.8826430493618415,0.08687515269483731,-0.14538268830403425,0.8669144130039319,1.0
ENSG00000000830,4.833333333333334,-0.5025003405291834,0.03509655379883771,-1.6715205768675778,0.7623626256282546,1.0
ENSG00000000831,17.5,0.027480736422107237,0.11382709614011798,-1.0200786756199811,0.27841784389077423,1.0
ENSG00000000832,13.0,0.29698173775713155,0.24104180085912852,-0.15372009861315092,0.457244479786575,1.0
ENSG00000000833,7.333333333333334,0.3959286763311393,0.17535003739269273,-1.551562393955787,0.44399790945330575,1.0
ENSG00000000834,6.333333333333334,0.3048545815284207,0.30474619237680484,1.4309588138841496,0.2563763172999233,1.0
ENSG00000000835,8.833333333333332,-0.2730184944064158,0.2150667033404468,-1.2028261271443312,0.37897983392697654,1.0
ENSG00000000836,15.0,0.06413033741971587,0.08732652235102945,0.5943468014406925,0.5842974851613271,1.0
ENSG00000000837,12.166666666666668,-0.0395283641866375,0.10367499264056182,-1.052267876670692,0.08811360044068328,1.0
ENSG00000000838,15.166666666666666,-0.09515723304034009,0.02172519384544273,-0.8276672634667452,0.22067224079309267,1.0
ENSG00000000839,13.833333333333332,-0.24392558288608923,0.11683670064508041,1.4511662848830906,0.6930869805648173,1.0
ENSG00000000840,11.333333333333334,-0.2552570552420746,0.1451772927451683,1.2590117547344168,0.5041423648196959,1.0
ENSG00000000841,14.0,0.0,0.449394481695241,-1.3112672496445927,0.795527900704574,1.0
ENSG00000000842,8.0,0.24100809950379498,0.22604551090175642,-0.5691948733279913,0.7306050673232632,1.0
ENSG00000000843,17.0,-0.05658352836636726,0.09323854874424188,0.6592636090447078,0.46507114551650436,1.0
ENSG00000000844,9.833333333333334,-0.14684138832927113,0.15334446825347708,2.1145976194557816,0.06080915351619068,1.0
ENSG00000000845,7.333333333333334,0.2630344058337938,0.2561000876294919,-0.04786042277208181,0.10683196116668225,1.0
ENSG00000000846,14.666666666666668,-0.06558834162757671,0.25112692577260376,-0.20981413504933114,0.6482617045470102,1.0
ENSG00000000847,10.333333333333334,-0.28010791919273537,0.1383683063262029,-1.2078839735933908,0.4413419998514788,1.0
ENSG00000000848,17.5,0.027480736422107237,0.3369121951798668,-1.3896282421620496,0.33038620534344376,1.0
ENSG00000000849,6.333333333333334,0.15200309344505006,0.1326441715433466,-1.0920125909190643,0.07147787022670482,1.0
ENSG00000000850,19.0,-0.1012833358371819,0.4263178225463506,0.7604999100371871,0.07075232685322703,1.0
ENSG00000000851,11.5,0.12553088208385882,0.0032687521256919553,-1.0866802092524661,0.26614613922238123,1.0
ENSG00000000852,9.0,0.0,0.03453148705762254,-0.294765129845773,0.2829410591214792,1.0
ENSG00000000853,13.666666666666668,-0.07038932789139786,0.206156625788715,3.162417284935565,0.10811919279011242,1.0
ENSG00000000854,7.0,0.13750352374993474,0.5142210612741991,-2.269722478808547,0.05600984587834268,1.0
ENSG00000000855,9.666666666666668,-0.8171359428501895,0.24174888271341693,0.09429869128782524,0.625418553961019,1.0
ENSG00000000856,12.333333333333334,0.0,0.3965916477107417,0.34532305626242976,0.13090748149079376,1.0
ENSG00000000857,21.833333333333336,-0.02202630632999891,0.3154206914823199,-1.2105881829874345,0.586492378591071,1.0
ENSG00000000858,10.833333333333332,0.044394119358453436,0.03740494266859258,-0.1179414691092398,0.9921274199727839,1.0
ENSG00000000859,16.666666666666664,-0.0577154978562875,0.3719122378762104,-0.8273760659527897,0.1148483295490008,1.0
ENSG00000000860,11.833333333333332,-0.28540221886224837,0.02754692513962565,0.2645422666434413,0.27248104608126744,1.0
ENSG00000000861,10.833333333333332,-0.04439411935845356,0.07820526563018569,-1.9326747338073484,0.2972038769371836,1.0
ENSG00000000862,17.166666666666668,0.08406426478847455,0.08219508111297873,0.0858549430067526,0.06760608991822548,1.0
ENSG00000000863,14.0,-0.13750352374993477,0.31839899725857534,-0.2604243870277324,0.5622423633526135,1.0
ENSG00000000864,13.333333333333332,0.0721497857558354,0.22869723177194046,-1.1628655179803165,0.36327961631228534,1.0
ENSG00000000865,11.166666666666668,-0.04306872189188598,0.24760476012590169,0.22581187780577905,0.19466017213242254,1.0
ENSG00000000866,4.666666666666666,-0.2064508774674265,0.1500709369499097,0.875069941336684,0.19702378301414963,1.0
ENSG00000000867,21.666666666666668,0.0,0.15821234082155108,0.5677678986831728,0.406980663004901,1.0
ENSG00000000868,13.833333333333332,-0.03476541816067664,0.0211548356504573,0.8210504002028359,0.5551501702662147,1.0
ENSG00000000869,14.333333333333332,0.8271634031377842,0.16366471702361995,0.17909480108442352,0.09640347829225795,1.0
ENSG00000000870,8.5,-0.2837929660005913,0.04217200325533013,-0.652764019860803,0.3180183134116189,1.0
ENSG00000000871,12.5,0.1926450779423961,0.16061916744709623,-0.4877176881259738,0.999426085904382,1.0
ENSG00000000872,17.0,-0.1132106104479911,0.5575685738350672,1.0654929744875785,0.5719510262058365,1.0
ENSG00000000873,8.333333333333334,0.23132554610645553,0.19470199359900933,-1.0355678272560318,0.9493210644408013,1.0
ENSG00000000874,7.0,0.0,0.21319275869654228,1.1773009085217967,0.18324412281772995,1.0
ENSG00000000875,22.166666666666664,-0.021695071099318897,0.284612798362308,-0.4093277915413138,0.8126032783933699,1.0
ENSG00000000876,15.666666666666668,-0.061400544664143256,0.036510850965418284,1.5097382776144372,0.6820645850323582,1.0
ENSG00000000877,7.833333333333334,-0.061400544664143256,0.1328445742240237,1.0095050081837735,0.9202637246442203,1.0
ENSG00000000878,12.0,0.0,0.018392962452009772,0.4991469945315488,0.9510562102813219,1.0
ENSG00000000879,9.666666666666668,-0.19930880822340666,0.09510981817490283,0.47175402637845143,0.6693624635882112,1.0
ENSG00000000880,18.833333333333332,-0.07662128160291251,0.05214970703258899,0.07101576044968302,0.06341736745621951,1.0
ENSG00000000881,8.166666666666668,-0.058893689053568565,0.03316052745015909,1.4311279704965119,0.2697797904063626,1.0
ENSG00000000882,7.666666666666666,0.3785116232537296,0.20239755586846742,-1.4928368618038836,0.26039670058196596,1.0
ENSG00000000883,15.166666666666666,0.09515723304034003,0.29149039423411677,0.03568996174451995,0.5109695005865605,1.0
ENSG00000000884,21.166666666666664,0.02272007650008345,0.16051792339199666,0.43201282683197934,0.6871098906790474,1.0
ENSG00000000885,13.833333333333332,-0.03476541816067664,0.24151970899703548,0.4205325226942676,0.5562640629169522,1.0
ENSG00000000886,13.166666666666668,-0.03652587602511404,0.20393215346536175,-0.04548853382034362,0.899739020202849,1.0
ENSG00000000887,7.833333333333334,0.18442457113742758,0.05564069280205833,-0.013084835344001877,0.36767636874013504,1.0
ENSG00000000888,12.5,-0.1154772174199359,0.011546900747048092,-0.6729158473572311,0.08031438191260035,1.0
ENSG00000000889,13.333333333333334,0.0,0.028540205770760205,0.947031654333045,0.3692837864256451,1.0
ENSG00000000890,10.166666666666668,0.23703919730084938,0.04268091934314564,1.9652387264669202,0.7719015123798655,1.0
ENSG00000000891,13.166666666666668,-0.18286405714981036,0.44132977156241654,0.861241540486224,0.7574844177768685,1.0
ENSG00000000892,6.333333333333334,0.3048545815284207,0.0448812842393922,1.2005310975099255,0.4640145908822659,1.0
ENSG00000000893,12.0,-0.0801703486839835,0.0038690208420454203,-1.3345953273882323,0.4084313407541998,1.0
ENSG00000000894,18.5,-0.8845227825800641,0.0024120529266894856,0.6092776078858257,0.28978390405585097,1.0
ENSG00000000895,7.166666666666666,-0.33703498727757075,0.05355902868746995,-0.5055071496093169,0.058500860194794266,1.0
ENSG00000000896,13.166666666666668,-0.03652587602511404,0.12564074960121477,0.2157782729667862,0.13755469961339545,1.0
ENSG00000000897,7.833333333333334,0.18442457113742758,0.38638627888439087,-1.0037257978431733,0.9490734875660081,1.0
ENSG00000000898,9.5,-0.05062607306996778,0.08898071005275815,0.44800676647526283,0.5697710114223745,1.0
ENSG00000000899,13.166666666666666,0.10962449117449823,0.009979021654908778,-0.18252200021850631,0.6187479089885254,1.0
ENSG00000000900,12.166666666666666,-0.3575520046180836,0.22565614607139317,-1.550755852072095,0.2673757560763002,1.0
ENSG00000000901,14.5,0.03316686393519906,0.010058351184467676,-0.38061771159410984,0.11313880754859118,1.0
ENSG00000000902,5.333333333333334,0.18057224564182084,0.1817515809108261,-0.2764146010895311,0.8038951406352627,1.0
ENSG00000000903,5.0,0.0,0.011580160783297638,0.6160963086209064,0.589122842358197,1.0
ENSG00000000904,18.166666666666668,-0.23878685958711662,0.10209433124196679,0.5396005626195278,0.7023030179966728,1.0
ENSG00000000905,13.5,-0.1069152039165119,0.16970669199957944,0.5060595350317236,0.1194627920880527,1.0
ENSG00000000906,11.0,0.0,0.2306421479904283,-1.1839089639313372,0.5112722159605637,1.0
ENSG00000000907,10.833333333333334,-0.13326653086346424,0.15187543035857196,-0.290947159029826,0.5175899792134444,1.0
ENSG00000000908,8.833333333333332,0.0544477840223765,0.056971590547318755,-0.8964454086404662,0.36343694735751053,1.0
ENSG00000000909,9.166666666666666,0.15754127698648002,0.003053700821120289,0.8248300983765676,0.48223920259639647,1.0
ENSG00000000910,6.833333333333334,0.070389327891398,0.16082877901507198,0.9472078938417337,0.931250950348588,1.0
ENSG00000000911,10.833333333333332,0.22239242133644774,0.017664127388958648,1.5004011548168559,0.38737906231535024,1.0
ENSG00000000912,7.833333333333333,1.0931094043914815,0.2394466220193494,0.18253157241098722,2.889293692450596e-05,0.002889293692450596
ENSG00000000913,20.666666666666664,-0.046542585937030354,0.12006354077121568,-0.18561136063561495,0.11133066066463712,1.0
ENSG00000000914,11.0,0.0874628412503397,0.06705217990987576,1.3338918829804765,0.5532482697804755,1.0
ENSG00000000915,6.166666666666666,0.07800251200127316,0.10818724133241125,-0.15942270144826146,0.9600100219597657,1.0
ENSG00000000916,5.833333333333333,0.7589919004962051,0.04985493211141313,1.8600417808592529,0.7916349641403054,1.0
ENSG00000000917,15.333333333333332,-0.7705181538772325,0.015580156056495004,-1.3701449314030656,0.3600716810307989,1.0
ENSG00000000918,13.0,-1.4405725913859815,0.3145220111957361,1.9846201408029078,2.6981854962328993e-05,0.0026981854962328995
ENSG00000000919,20.5,0.02345897282398896,0.06490591065937394,-0.6496637247917695,0.5627097221127353,1.0
ENSG00000000920,9.5,0.15200309344505006,0.17516545880523982,2.3860961513676977,0.7475432416061368,1.0
ENSG00000000921,9.833333333333334,-0.14684138832927113,0.017039082880411113,0.24770228382510412,0.4898509680320044,1.0
ENSG00000000922,16.166666666666664,-0.029747343394051905,0.30015289213981167,-0.2837428333470112,0.2102265803347353,1.0
ENSG00000000923,15.333333333333332,1.3439544012173614,0.07255251430881098,-0.5027960993767681,1.751065260749293e-05,0.0017510652607492933
ENSG00000000924,15.5,0.7286979781826056,0.10477221230184322,0.7346678752342279,0.4699636102575489,1.0
ENSG00000000925,15.5,0.03102689562062432,0.1784494863652668,-0.9907052861817837,0.8571840253948078,1.0
ENSG00000000926,7.833333333333334,-0.1844245711374276,0.21097615201947653,-0.8279439502969239,0.3848632975419435,1.0
ENSG00000000927,12.666666666666668,-0.07594885323329845,0.027581878529067308,-0.28165596363981155,0.7648617568819551,1.0
ENSG00000000928,11.5,0.12553088208385882,0.3539332565707729,0.8183429103447353,0.24789147482158191,1.0
ENSG00000000929,9.833333333333332,-0.048909600480946565,0.005030740078630422,-2.2396199164325816,0.6524348962991086,1.0
ENSG00000000930,15.5,0.03102689562062432,0.06064145925657119,-0.4266092971841069,0.6579912880289129,1.0
ENSG00000000931,13.5,0.03562390973072122,0.2201233234668304,-0.57623952372891,0.8959713462868736,1.0
ENSG00000000932,14.666666666666668,0.13124453327825272,0.00010308606720863027,-0.5897576298065668,0.28844026472028683,1.0
ENSG00000000933,12.833333333333332,0.03747470541866296,0.11321699676974895,0.7315695816996579,0.897857941384362,1.0
ENSG00000000934,15.166666666666668,0.15869774601905823,0.12770089632204926,-0.02871721373166279,0.9144389857031296,1.0
ENSG00000000935,12.833333333333334,0.11247472925841265,0.581274317594726,-0.9339886299550806,0.07652838877936415,1.0
ENSG00000000936,10.833333333333334,0.1332665308634641,0.04133962337986043,0.39995241708407075,0.12591727455346086,1.0
ENSG00000000937,20.333333333333336,0.09463687413807527,0.35586207373524775,0.9141477063216497,0.8112182405624047,1.0
ENSG00000000938,9.166666666666668,-0.052467419894135704,0.2675640429936931,1.2478498255633292,0.4184672183357643,1.0
ENSG00000000939,9.166666666666668,0.052467419894135794,0.031368976618869095,1.3825141190465233,0.32097716626334444,1.0
ENSG00000000940,17.166666666666664,0.1401776580482605,0.12677758809778142,0.4458191803030506,0.47157176663516054,1.0
ENSG00000000941,10.833333333333332,-0.04439411935845356,0.014553561470853191,-0.19821016840328315,0.4929811298376744,1.0
ENSG00000000942,13.833333333333332,0.034765418160676624,0.27677729798721823,-0.26400377155395416,0.10545841975598305,1.0
ENSG00000000943,20.166666666666664,0.11929892837234443,0.5100403084187825,0.5519731449890005,0.6129553471576109,1.0
ENSG00000000944,11.166666666666666,0.12928301694496647,0.12775581386419974,0.457363052439717,0.9101462134118801,1.0
ENSG00000000945,16.333333333333332,0.0,0.03795477188863812,-0.30564664474380393,0.5922359174500489,1.0
ENSG00000000946,10.0,0.09621531525930327,0.1944065364845582,-0.09400402436845126,0.9143673293846084,1.0
ENSG00000000947,6.833333333333334,-0.07038932789139786,0.11547903965006029,-1.1559975537818332,0.20769901731198592,1.0
ENSG00000000948,15.833333333333332,0.03037364904351901,0.11983854004474621,1.4783977370508414,0.39800936014649335,1.0
ENSG00000000949,6.333333333333334,0.15200309344505006,0.3014194067527012,0.664494210072774,0.5755869546492985,1.0
ENSG00000000950,9.833333333333334,0.14684138832927118,0.2619973999090301,-0.36870248720729004,0.8981758066786344,1.0
ENSG00000000951,6.666666666666667,0.0,0.1277072155578211,0.3783243606120013,0.5203420389317271,1.0
ENSG00000000952,11.166666666666668,0.04306872189188593,0.05183988067354578,0.024697350301530228,0.08060408124659206,1.0
ENSG00000000953,13.833333333333334,-0.10433665981473561,0.05138905916710121,0.2980136055977819,0.5214131937963409,1.0
ENSG00000000954,19.0,0.05062607306996784,0.038719994117335226,1.0470936569068277,0.6240727357340151,1.0
ENSG00000000955,2.3333333333333335,0.0,0.24275195400511707,-0.1105773940748394,0.5123859559597915,1.0
ENSG00000000956,9.5,0.05062607306996784,0.20364716016553946,0.49493523673947365,0.9347580585089792,1.0
ENSG00000000957,6.666666666666666,-0.2895066171949848,0.20176636379458707,0.7555401702090132,0.7481114545254851,1.0
ENSG00000000958,15.666666666666668,-0.1844245711374276,0.24329621094183695,-0.15011450143987504,0.5300378047903826,1.0
ENSG00000000959,14.333333333333334,0.0,0.0959061728748127,0.020251156656921475,0.8516245508726854,1.0
ENSG00000000960,10.166666666666668,-0.0473057147783568,0.28296577263346595,-0.8684699215848495,0.7966742951811023,1.0
ENSG00000000961,6.166666666666666,-0.07800251200127305,0.41670851199160375,2.128632220314836,0.9348009186143983,1.0
ENSG00000000962,19.0,0.10128333583718169,0.11927510212976628,-0.27592781665416066,0.5753436086606112,1.0
ENSG00000000963,12.166666666666668,0.03952836418663759,0.1425946054256978,1.6444180973898774,0.8074177218384032,1.0
ENSG00000000964,19.0,-0.1012833358371819,0.21139482455356942,-0.9859588763567569,0.971001039529579,1.0
ENSG00000000965,12.5,-0.19264507794239608,0.1600753198757252,0.6509289977304586,0.2800314162200231,1.0
ENSG00000000966,13.0,-0.1480986389891337,0.25955132419789906,1.3058717217406512,0.6172584673583573,1.0
ENSG00000000967,14.666666666666666,0.0,0.10460430516068962,-1.5284558058813196,0.08776966534923822,1.0
ENSG00000000968,11.333333333333332,-0.08488889758651287,0.12306689380899077,0.5321712962942319,0.8222860482651693,1.0
ENSG00000000969,12.666666666666666,0.0,0.16201112660670905,-0.21298491145149262,0.09887389957241688,1.0
ENSG00000000970,12.833333333333332,0.03747470541866296,0.23652812011984903,-0.5432619088910885,0.5858462749261764,1.0
ENSG00000000971,4.833333333333333,0.29956028185890793,0.21201176109190378,-0.4345967295089502,0.6154092848071392,1.0
ENSG00000000972,12.833333333333334,-0.1124747292584125,0.10194052261562259,0.7587466916715326,0.7150820919360499,1.0
ENSG00000000973,10.666666666666668,0.3625700793847081,0.010519327840067198,-0.8006674943199541,0.22710379351174825,1.0
ENSG00000000974,22.166666666666664,-0.021695071099318897,0.05161172835501911,-1.6338206416829455,0.8397290147593358,1.0
ENSG00000000975,4.5,-0.10691520391651207,0.043353018066235205,-0.042855654466539016,0.2027632807753908,1.0
ENSG00000000976,13.333333333333334,0.0,0.23350138223337333,1.233049176131866,0.9151926144607802,1.0
ENSG00000000977,13.0,-0.1480986389891337,0.03028623491985932,0.3509563286098245,0.887138347053222,1.0
ENSG00000000978,30.666666666666668,0.9415833137746781,0.013564531196828516,0.019442581162632942,0.939174724403031,1.0
ENSG00000000979,8.666666666666668,0.11103131238874364,0.08993849162387653,-0.8238727642994851,0.7657577516017994,1.0
ENSG00000000980,12.0,-0.0801703486839835,0.19795335474020506,0.7758771037406309,0.525387076952196,1.0
ENSG00000000981,11.666666666666666,0.0,0.05438508680170595,0.2623363625385364,0.8134819508426504,1.0
ENSG00000000982,13.833333333333332,-0.24392558288608923,0.06585889392795992,0.5837075489797872,0.4419457051962987,1.0
ENSG00000000983,15.666666666666666,0.12285674778553338,0.23515811185083196,-0.4964040077333767,0.8470223848474067,1.0
ENSG00000000984,16.166666666666668,-0.08926733809708741,0.22710638107683906,0.1292088858933108,0.13198829782644506,1.0
ENSG00000000985,9.166666666666668,-0.052467419894135704,0.22195447627178955,-0.739258724484041,0.0680417000477575,1.0
ENSG00000000986,13.666666666666668,-0.07038932789139786,0.020992559691093253,1.5499568535296324,0.17081729753122887,1.0
ENSG00000000987,15.666666666666666,0.12285674778553338,0.13022798061073734,-1.0838389982480487,0.8672594246018016,1.0
ENSG00000000988,8.333333333333332,-0.1154772174199359,0.10843653936174605,-0.5067860304644594,0.7968132156950581,1.0
ENSG00000000989,12.666666666666666,0.0,0.2581905204005423,0.5260724990076316,0.9600862258947758,1.0
ENSG00000000990,9.666666666666668,0.09953567355091437,0.0331575631462098,0.033421192438285084,0.5559546663916635,1.0
ENSG00000000991,12.833333333333334,0.11247472925841265,0.36341367940184655,0.8074477120311598,0.5480729034942258,1.0
ENSG00000000992,15.5,-0.03102689562062438,0.15861487440368,-0.8011942717243318,0.21092107839105423,1.0
ENSG00000000993,15.5,0.21759143507262685,0.30362976765996574,-0.510941575670587,0.20925687902599732,1.0
ENSG00000000994,17.833333333333332,0.08091999538356746,0.1576601470090614,-1.3831041287282322,0.5679248984406656,1.0
ENSG00000000995,12.166666666666666,-0.3575520046180836,0.10628537651487868,0.86457690398575,0.9227019033729474,1.0
ENSG00000000996,12.333333333333332,0.07800251200127316,0.15625644336191996,0.789841814550901,0.566613001352356,1.0
ENSG00000000997,11.5,0.12553088208385882,0.10365030259439696,-0.2609189840853147,0.6996051494321074,1.0
ENSG00000000998,8.666666666666668,-0.11103131238874367,0.154613412541886,0.2143039399555994,0.4540444585487738,1.0
ENSG00000000999,6.666666666666666,-0.1443899093351748,0.4618433750905018,0.26681699408445936,0.5424859836024956,1.0
