Geneid,Length,counts,fpkm
ENSG00000227232.6,1380,39,0.9223391656996403
ENSG00000279457.4,1397,70,1.6353351211678
ENSG00000292994.1,8224,16,0.06349536309814943
ENSG00000290385.1,6204,11,0.05786634154689505
ENSG00000225972.1,372,4680,410.58969311790435
ENSG00000225630.1,1044,39088,1221.9349338401905
ENSG00000237973.1,1543,27068,572.5262080409101
ENSG00000229344.1,682,773,36.99135580188112
ENSG00000240409.1,207,16,2.5226370343921785
ENSG00000248527.1,681,150158,7196.254156087
ENSG00000198744.5,547,3884,231.73787751449936
ENSG00000291215.1,7026,45,0.20903042249646972
ENSG00000237491.10,8413,27,0.10474131095639103
ENSG00000225880.6,3312,24,0.23649722197426673
ENSG00000228794.12,17958,2437,4.428969525185307
ENSG00000288531.1,3292,44,0.4362123729731918
ENSG00000188976.11,5540,733,4.318166063462992
ENSG00000187961.15,3402,26,0.24942740518626363
ENSG00000187583.11,3451,15,0.14185721515118288
ENSG00000187642.10,3561,3920,35.92685683774202
ENSG00000272512.1,2086,43,0.672758636239357
ENSG00000188290.11,1118,57,1.6639419928887136
ENSG00000187608.10,867,31,1.1669378496031293
ENSG00000188157.15,10761,174,0.527717804483421
ENSG00000131591.18,6322,23,0.11873492289565368
ENSG00000186827.12,1975,22,0.3635471219817082
ENSG00000078808.20,4686,731,5.091200759351276
ENSG00000176022.7,2805,124,1.442759523145687
ENSG00000160087.21,4691,435,3.0264182978288705
ENSG00000162572.21,4025,76,0.6162441898300892
ENSG00000131584.19,8707,544,2.0390857296488054
ENSG00000169972.13,2640,16,0.1977976765602958
ENSG00000127054.22,8216,1337,5.310997618985401
ENSG00000240731.1,386,52,4.396642655148543
ENSG00000224051.7,2555,762,9.733503668855572
ENSG00000169962.5,3475,27,0.2535794673600339
ENSG00000107404.21,3882,3523,29.618444203018328
ENSG00000162576.17,3622,303,2.7302304913395883
ENSG00000175756.14,1381,1225,28.94993148062982
ENSG00000221978.13,6842,1629,7.770395862943453
ENSG00000224870.9,2532,90,1.1600693115799339
ENSG00000242485.6,2767,919,10.839555722884155
ENSG00000272455.1,1523,29,0.6214457533427548
ENSG00000235098.9,2644,69,0.8517120074277487
ENSG00000179403.12,5065,172,1.1082918185155368
ENSG00000160072.20,7686,142,0.6029663754628845
ENSG00000197785.14,3344,236,2.303301891524497
ENSG00000205090.10,2009,11,0.17869725383620552
ENSG00000160075.12,6919,1787,8.429199873129935
ENSG00000215014.5,2349,11,0.15283217665259125
ENSG00000272106.1,2038,351,5.6209285760498195
ENSG00000197530.13,8723,1458,5.455025455704501
ENSG00000248333.9,3490,714,6.6769467838305
ENSG00000189339.12,8462,976,3.7642800559288627
ENSG00000008128.23,5085,24,0.15403712864872593
ENSG00000268575.1,5079,29,0.18634807685391128
ENSG00000293188.1,2361,86,1.1887967091870382
ENSG00000290854.1,3264,37,0.3699616468751856
ENSG00000008130.15,5570,263,1.5410108032915684
ENSG00000078369.19,9030,1231,4.449133452330507
ENSG00000231050.3,1417,15,0.34548288601745386
ENSG00000169885.10,2040,475,7.599212206084894
ENSG00000178821.13,1600,1930,39.36791881289137
ENSG00000162585.17,10916,144,0.4305306701239124
ENSG00000157933.11,6687,597,2.913722166826968
ENSG00000287356.1,5794,10,0.05632829933111635
ENSG00000116151.14,11337,53,0.1525748153409003
ENSG00000292993.1,2407,17,0.2305037319283879
ENSG00000157916.20,5689,764,4.382910020599558
ENSG00000157911.11,3782,206,1.7776687007626797
ENSG00000157881.16,5072,83,0.5340771254915716
ENSG00000177133.14,6044,12,0.06479804758262503
ENSG00000142611.17,9767,21,0.07017190020286936
ENSG00000162591.17,9021,92,0.3328421161939131
ENSG00000158109.15,2401,1589,21.599160278617724
ENSG00000116213.16,7634,158,0.6754762153427969
ENSG00000293478.1,9700,241,0.8108685163319755
ENSG00000130764.10,4509,1410,10.205728421324643
ENSG00000116198.14,11885,579,1.589953809860148
ENSG00000169598.17,3870,46,0.3879287765097274
ENSG00000198912.12,4883,271,1.8112887789051049
ENSG00000236423.8,4676,19,0.13261242857496305
ENSG00000196581.11,12528,19,0.04949678448407785
ENSG00000131697.18,13167,52,0.12889071655558124
ENSG00000069424.16,17212,19,0.036026941437167524
ENSG00000116251.11,4665,1697,11.87231263135383
ENSG00000158286.13,6595,159,0.7868418566428144
ENSG00000116237.16,4910,1080,7.1787262653858885
ENSG00000158292.7,4198,16,0.12438920107650805
ENSG00000097021.21,3500,11,0.10257222370198196
ENSG00000215788.11,4263,92,0.704332331734762
ENSG00000171680.23,6935,173,0.8141506384158103
ENSG00000162408.11,7271,501,2.248789015659036
ENSG00000204859.13,4510,93,0.6729945336624699
ENSG00000162413.17,6670,2475,12.110288780406416
ENSG00000116273.6,3632,172,1.5455666466908575
ENSG00000041988.16,4067,106,0.8506224153035588
ENSG00000007923.17,12182,801,2.145947292939706
ENSG00000237436.1,415,18,1.4155640949013941
ENSG00000171735.21,15672,859,1.7888497758597195
ENSG00000049245.13,2733,1930,23.047446066822612
ENSG00000269925.1,393,10,0.8304482603676542
ENSG00000049246.15,8128,1251,5.02318004517636
ENSG00000116288.13,2397,3148,42.861939574029556
ENSG00000284747.1,4116,26,0.20615938591925875
ENSG00000116285.13,4179,201,1.5697439442742784
ENSG00000162426.16,2600,24,0.3012610766072198
ENSG00000142599.20,14288,3036,6.9348241948568425
ENSG00000232912.6,1178,18,0.49869193496101744
ENSG00000074800.16,5216,907,5.67511719433111
ENSG00000142583.18,6632,1039,5.113004324655354
ENSG00000180758.12,5304,1825,11.229605081866339
ENSG00000049239.13,9322,2513,8.798092426232982
ENSG00000171621.14,3389,266,2.561622904759924
ENSG00000284693.2,3456,32,0.30219089474489635
ENSG00000235263.1,708,11,0.5070660776227922
ENSG00000171612.7,3865,388,3.2763278792729977
ENSG00000231181.1,559,13,0.7589910844755535
ENSG00000188807.13,6981,683,3.1930682079877575
ENSG00000171608.18,9567,34,0.11598672159540707
ENSG00000171603.18,5241,843,5.249507311802012
ENSG00000178585.15,3339,488,4.769891858830493
ENSG00000162441.12,5459,483,2.887614184552624
ENSG00000173614.14,4610,693,4.906111784444039
ENSG00000202415.1,319,14,1.432328002678004
ENSG00000162444.12,862,59,2.233828748624686
ENSG00000130939.20,9237,2082,7.356223430633151
ENSG00000054523.20,18915,17514,30.21928118956957
ENSG00000284735.1,2381,15,0.20560657265297444
ENSG00000142657.21,3333,374,3.662194605621318
ENSG00000160049.12,6625,575,2.832612009608764
ENSG00000142655.13,2932,285,3.1723859959917835
ENSG00000130940.15,11336,651,1.874244656644687
ENSG00000272078.1,7923,12,0.04943069539181947
ENSG00000175262.15,3612,481,4.346127519437396
ENSG00000120948.19,6187,2471,13.034601535280588
ENSG00000009724.18,5113,151,0.9638429711519204
ENSG00000116649.10,1894,692,11.924254862542014
ENSG00000171824.14,5991,689,3.7534015789946973
ENSG00000198793.14,13373,1557,3.7998363939821127
ENSG00000120942.14,5090,386,2.4749968605354105
ENSG00000132879.14,3527,98,0.9068297221377893
ENSG00000116670.16,5431,200,1.201863989410746
ENSG00000116663.11,1735,68,1.2791296432314228
ENSG00000177674.16,2435,56,0.7505751669064202
ENSG00000177000.13,11513,448,1.2699734431804972
ENSG00000011021.23,8173,462,1.8448693116592865
ENSG00000285646.2,3071,18,0.1912924452569451
ENSG00000116685.17,3281,821,8.166614524608493
ENSG00000083444.17,5320,849,5.208362315967864
ENSG00000116688.18,10234,10212,32.56645779270737
ENSG00000116691.11,2821,241,2.788168950166665
ENSG00000120949.15,3812,10,0.08561546860558449
ENSG00000028137.19,3778,112,0.9675227799984824
ENSG00000048707.15,20768,2285,3.590845002173802
ENSG00000162496.9,3515,422,3.9182509868829007
ENSG00000162494.6,2168,129,1.9419389047905422
ENSG00000162493.17,3707,497,4.375613290080134
ENSG00000116731.23,10933,1464,4.370255808095221
ENSG00000189337.17,13860,27,0.06357782460866651
ENSG00000142634.13,2534,77,0.9917203949086654
ENSG00000132906.18,5269,274,1.6971783938680913
ENSG00000116138.13,8563,962,3.666521686373438
ENSG00000116771.6,3095,801,8.446504013761386
ENSG00000235084.3,447,10,0.7301256517326354
ENSG00000197312.13,12178,1949,5.223252243114035
ENSG00000116786.13,4134,2465,19.460391872033455
ENSG00000237938.5,1533,11,0.23418315913694515
ENSG00000162461.8,3338,832,8.134710916176575
ENSG00000162458.13,4351,29,0.21752743790876014
ENSG00000233954.7,2180,341,5.10508544571791
ENSG00000179743.4,2473,182,2.4018860602934424
ENSG00000065526.13,15120,1340,2.8923985639868652
ENSG00000116809.12,4240,303,2.3322865187811295
ENSG00000173641.18,3193,22632,231.32850223162586
ENSG00000186510.12,3476,10,0.09389130216469738
ENSG00000142627.13,4141,128,1.0088111395685697
ENSG00000288398.1,2662,17,0.20842317158212986
ENSG00000037637.11,9009,706,2.55760365662214
ENSG00000055070.17,4742,1834,12.622428280031865
ENSG00000157191.20,5510,153,0.9062436197395041
ENSG00000226029.1,3245,22,0.2212651975081275
ENSG00000290842.1,6811,46,0.22042054985943987
ENSG00000219481.11,12212,134,0.35811551168916966
ENSG00000291072.1,4899,166,1.1058743337388246
ENSG00000215908.12,2773,21,0.24715793338673814
ENSG00000186301.8,2291,10,0.14245576880160982
ENSG00000236698.1,435,90,6.7524034411963045
ENSG00000058453.17,8875,220,0.8090203559592943
ENSG00000238142.4,2149,45,0.6834098410703565
ENSG00000159363.19,5253,219,1.3606356448707955
ENSG00000117118.11,2445,5043,67.31552461244964
ENSG00000117115.13,6000,10811,58.80574373556735
ENSG00000179051.14,4079,127,1.0161437392304484
ENSG00000074964.17,7954,1848,7.582658729791978
ENSG00000009709.12,6473,132,0.6655389147973494
ENSG00000159423.17,3632,1240,11.142457220329437
ENSG00000169991.11,6179,114,0.6021321081241566
ENSG00000127481.15,24661,3991,5.281729734402626
ENSG00000127463.16,15030,716,1.5547450105677543
ENSG00000053372.5,2556,227,2.8984788636799217
ENSG00000270728.1,525,23,1.4297946334215665
ENSG00000053371.13,1779,549,10.071670900064303
ENSG00000040487.13,2686,81,0.9842017673970042
ENSG00000077549.19,19094,2929,5.0064234899152895
ENSG00000173436.15,5480,371,2.2095227683646907
ENSG00000158747.15,3448,148,1.4008756559171762
ENSG00000162542.14,4027,77,0.6240425827411369
ENSG00000169914.6,6885,345,1.635386018619439
ENSG00000162545.6,2605,85,1.06491839299737
ENSG00000090432.7,2428,556,7.473623907595361
ENSG00000183114.8,2448,36,0.4799502445948354
ENSG00000158825.6,820,12,0.4776090238894948
ENSG00000158828.8,4833,3339,22.54783011292087
ENSG00000117242.7,4443,62,0.45542881638798693
ENSG00000244038.11,2721,559,6.704839653634282
ENSG00000117245.13,4470,16,0.11682010427722167
ENSG00000127483.19,9815,4433,14.740511618099394
ENSG00000075151.24,11885,2044,5.612893933254132
ENSG00000117298.16,7308,566,2.5276854151568178
ENSG00000187952.9,1234,29,0.7669869386880189
ENSG00000142794.19,6812,51,0.244343430454329
ENSG00000162551.14,2980,11,0.12047073253588486
ENSG00000090686.16,9497,937,3.220017877709227
ENSG00000187942.12,4494,17,0.1234584963844303
ENSG00000142798.20,18118,2768,4.986099726162839
ENSG00000218510.9,3764,39,0.33815835511835907
ENSG00000070831.18,24398,33,0.044143304732798205
ENSG00000162552.15,4650,31,0.21757744421632536
ENSG00000184677.18,9169,683,2.431105808699153
ENSG00000173372.18,2640,22,0.2719718052704067
ENSG00000159189.13,1736,37,0.6955960918206255
ENSG00000004487.18,18325,1169,2.0819757076852743
ENSG00000169641.15,9651,233,0.7879319941312374
ENSG00000261326.5,6182,99,0.5226504442918848
ENSG00000125944.22,8704,1371,5.140717072964994
ENSG00000125945.16,4786,304,2.0730320635738484
ENSG00000249087.9,2901,53,0.5962566982143354
ENSG00000271420.1,650,21,1.0544137681252692
ENSG00000204219.11,3675,9569,84.97953321249051
ENSG00000088280.21,5194,551,3.4622209789139955
ENSG00000117318.9,1496,333,7.264701429549099
ENSG00000285802.1,1322,13,0.32093495932060095
ENSG00000142676.14,2659,4636,56.90235227831241
ENSG00000011007.13,5348,1191,7.268176965079755
ENSG00000057757.10,2173,588,8.831261196447262
ENSG00000011009.11,2021,245,3.956442887159801
ENSG00000117308.15,3955,41,0.33833155042488017
ENSG00000117305.15,5628,625,3.6243577461408143
ENSG00000179163.12,2043,273,4.36113379376335
ENSG00000189266.13,2763,1102,13.016848182757359
ENSG00000188529.15,11860,1474,4.0561865865286295
ENSG00000142661.19,9214,6081,21.539316881042023
ENSG00000185436.12,4940,90,0.5945942301458285
ENSG00000001460.18,8511,40,0.1533855792853898
ENSG00000001461.17,9396,387,1.3442284628307457
ENSG00000117602.13,7138,49,0.22403953698374776
ENSG00000133226.19,7994,2638,10.770001835926939
ENSG00000169504.15,4467,1376,10.05327613303102
ENSG00000020633.19,4922,18,0.1193537381926206
ENSG00000117614.10,3773,860,7.439037981422204
ENSG00000284602.1,2190,43,0.6408102809110954
ENSG00000117616.18,6730,1299,6.299400446590044
ENSG00000272432.1,485,10,0.6729199305659548
ENSG00000261349.1,459,11,0.7821411393397317
ENSG00000224183.1,480,18,1.2238731237168303
ENSG00000183726.11,3010,487,5.280409401994209
ENSG00000188672.19,2433,18,0.241454623667932
ENSG00000204178.11,3979,1345,11.031980238915216
ENSG00000157978.12,5371,420,2.552109287959132
ENSG00000117643.16,7934,127,0.5224162228788756
ENSG00000162430.18,4403,855,6.337566936348792
ENSG00000117640.18,5797,2723,15.330258252571694
ENSG00000182749.6,3244,35,0.3521213261824008
ENSG00000117632.23,6247,182,0.9508346769818605
ENSG00000158006.14,3795,358,3.0787638351559083
ENSG00000158008.10,4542,554,3.980776225093932
ENSG00000158022.7,2576,6033,76.43505750914737
ENSG00000175087.10,4560,209,1.495844928987237
ENSG00000197245.6,2799,23,0.2681822731498116
ENSG00000142675.18,3960,1278,10.532726276835751
ENSG00000130695.16,5145,3722,23.61000721204557
ENSG00000270733.1,358,46,4.193531746068841
ENSG00000142669.15,876,138,5.141384811961113
ENSG00000158062.21,4691,126,0.8766177138538798
ENSG00000169442.9,934,14,0.4891998210431298
ENSG00000117682.18,7156,204,0.9303898536919448
ENSG00000198830.12,3189,1137,11.636197275350986
ENSG00000117676.14,5884,16,0.08874674815077853
ENSG00000117713.21,15939,1018,2.084451705366264
ENSG00000060642.12,8084,90,0.36334679575957357
ENSG00000204160.12,5460,181,1.0819098187679916
ENSG00000142751.15,4966,222,1.4589868893281583
ENSG00000198746.13,2226,128,1.87667876413003
ENSG00000090273.14,2848,1009,11.562621552717994
ENSG00000253368.4,1979,27,0.44526965592527423
ENSG00000158246.8,2382,12,0.1644162046974751
ENSG00000090020.11,6195,122,0.6427227165712275
ENSG00000214973.3,640,143,7.29224402881278
ENSG00000142784.16,5911,2760,15.238887143555864
ENSG00000186501.15,4476,285,2.0780687534065927
ENSG00000142765.18,5584,10,0.05844666302372638
ENSG00000142733.18,5507,266,1.5764191073599751
ENSG00000158195.11,5681,849,4.877396148732448
ENSG00000126705.15,8297,956,3.760468301870683
ENSG00000000938.13,3382,28,0.27020262143955254
ENSG00000126709.16,936,26,0.906572684234689
ENSG00000009780.16,4046,497,4.00899616073333
ENSG00000117758.14,3801,475,4.0785037885854205
ENSG00000117751.18,2815,482,5.588223522856243
ENSG00000130775.16,4621,24,0.16950417640743806
ENSG00000117748.10,1981,660,10.873380604450384
ENSG00000158156.9,5180,132,0.8316666786647187
ENSG00000158161.16,6424,383,1.9458007736967455
ENSG00000228589.3,681,121,5.798870209289729
ENSG00000169403.12,4208,18,0.13960529928328863
ENSG00000126698.11,2891,889,10.035957172690068
ENSG00000130770.18,2225,1340,19.655310691002878
ENSG00000270605.1,1945,284,4.765449420881985
ENSG00000130766.5,3462,91,0.8578660062255462
ENSG00000130772.14,2017,95,1.5371733168481094
ENSG00000204138.13,7317,786,3.5058604172618235
ENSG00000180198.17,3888,93,0.7806598114243156
ENSG00000242125.3,4088,117,0.9340714642848607
ENSG00000180098.9,4311,155,1.1734343720783031
ENSG00000197989.15,4266,56,0.4284225343218783
ENSG00000120656.14,8610,354,1.3418539242609615
ENSG00000188060.8,2301,12,0.170203998083175
ENSG00000229388.1,978,16,0.5339323784449702
ENSG00000162419.13,6413,202,1.028005077148707
ENSG00000198492.16,3729,813,7.11546509042126
ENSG00000116329.12,9317,68,0.23819791037957702
ENSG00000159023.23,19993,800,1.3059217379062193
ENSG00000253304.2,2606,15,0.18785466212077212
ENSG00000116350.18,8806,1572,5.82611416604696
ENSG00000116353.16,4138,512,4.038170061820636
ENSG00000060656.20,6682,390,1.9048608929444826
ENSG00000162511.8,3228,13,0.13143618842064264
ENSG00000162512.16,7065,280,1.2934540208189194
ENSG00000134644.16,6621,2041,10.060615397497058
ENSG00000084628.10,3320,374,3.6765345242577876
ENSG00000060688.13,3887,315,2.6448505889429827
ENSG00000121766.16,1921,347,5.895318048651607
ENSG00000121769.8,1398,14211,331.75891199122316
ENSG00000168528.12,3452,397,3.7534000008928667
ENSG00000142910.16,5281,518,3.2012435931847154
ENSG00000162517.13,2223,220,3.2298945835082042
ENSG00000084636.18,9253,119,0.41972953412530073
ENSG00000184007.22,6708,7201,35.03522307249014
ENSG00000121774.18,3544,1220,11.23495267821319
ENSG00000121775.18,2787,128,1.49891888372926
ENSG00000025800.14,7457,2443,10.692135501283683
ENSG00000084652.16,5114,633,4.039690717313277
ENSG00000160050.16,3873,956,8.055927059287647
ENSG00000160051.12,2463,16,0.2120121259111575
ENSG00000160055.20,3571,16,0.14622959006417835
ENSG00000084623.12,9526,1790,6.132641588503398
ENSG00000291132.1,3496,38,0.35474583296140005
ENSG00000116478.12,3966,250,2.0572753802602626
ENSG00000175130.7,1546,135,2.8498986063263834
ENSG00000162526.7,1849,17,0.3000662426996375
ENSG00000225828.2,2845,30,0.3441470998149259
ENSG00000160058.19,6741,864,4.183064348084226
ENSG00000160062.15,7077,163,0.751698249412061
ENSG00000176261.16,3531,261,2.4123922234690283
ENSG00000162521.19,9470,1014,3.494564864340347
ENSG00000162520.15,3722,544,4.770101947354151
ENSG00000162522.11,6020,59,0.31986052845755475
ENSG00000134684.13,9775,761,2.5408148600811806
ENSG00000116497.18,9190,201,0.7138150101329935
ENSG00000160097.21,3354,9301,90.50482149624519
ENSG00000116514.17,2734,232,2.7694568612758315
ENSG00000004455.18,17967,2027,3.6819959878651827
ENSG00000142920.18,9530,19,0.06506775614024422
ENSG00000116525.14,3976,30,0.24625213756877873
ENSG00000160094.15,3384,366,3.529846834360598
ENSG00000225313.5,4015,47,0.3820475670548179
ENSG00000134686.21,5550,907,5.333587619032625
ENSG00000121903.15,10444,70,0.21874407930595713
ENSG00000163866.9,10337,447,1.411296085392727
ENSG00000187513.9,1716,169,3.214212244104807
ENSG00000163867.17,9568,151,0.5150636613189559
ENSG00000197056.11,5205,138,0.8652935821859626
ENSG00000116560.12,7720,2253,9.52464990581699
ENSG00000146463.12,7905,1148,4.739637684256955
ENSG00000142687.19,20873,2053,3.210030850688325
ENSG00000020129.16,4917,187,1.2412136079454805
ENSG00000126067.12,4528,1136,8.187985091533093
ENSG00000142686.8,3049,306,3.2754361067659348
ENSG00000134698.11,7423,984,4.326341205217516
ENSG00000092847.14,14043,638,1.4827431041445802
ENSG00000126070.20,21153,574,0.8856151821030405
ENSG00000116863.11,1651,204,4.032628584506091
ENSG00000054116.12,3527,401,3.7105991691556484
ENSG00000116871.16,5271,4053,25.09508768949251
ENSG00000054118.15,4720,4790,33.12063425199784
ENSG00000214193.11,8142,32,0.12826967971485653
ENSG00000196182.11,5618,2148,12.47836463625846
ENSG00000181817.6,1506,775,16.795071640204398
ENSG00000116885.18,2788,62,0.7257784186556048
ENSG00000116898.12,2863,2658,30.299730006653487
ENSG00000284650.1,1039,15,0.4711734836253437
ENSG00000233621.3,3462,54,0.5090633443536209
ENSG00000163874.11,3091,90,0.9502735350761542
ENSG00000163875.16,6061,577,3.1069671336286024
ENSG00000163877.11,5718,185,1.0559241128022088
ENSG00000237749.4,253,25,3.2249621178309096
ENSG00000163879.11,4456,71,0.5200179041525729
ENSG00000134697.13,5747,520,2.953026039476837
ENSG00000116922.15,4443,174,1.2781389363146731
ENSG00000185090.15,2973,33,0.36226315131880615
ENSG00000196449.4,1848,54,0.9536673691299976
ENSG00000197982.14,2231,188,2.7501944988347717
ENSG00000188786.10,7989,445,1.8179114283940065
ENSG00000204084.14,8926,309,1.1298134146792158
ENSG00000183431.12,3894,938,7.8616195175236205
ENSG00000212541.1,108,28,8.461345052857098
ENSG00000183386.10,2004,22686,369.4582260098471
ENSG00000183520.12,3381,2940,28.37966663691201
ENSG00000185668.8,2965,17,0.18712394021977397
ENSG00000116954.8,5116,170,1.0844849154644833
ENSG00000228436.4,2099,11,0.17103515148019857
ENSG00000214114.9,2773,80,0.9415540319494786
ENSG00000158315.11,2826,11,0.12703566275900102
ENSG00000174574.16,2688,604,7.333525463541323
ENSG00000168653.11,548,2623,156.21504639947665
ENSG00000127603.32,70573,3740,1.729570036775517
ENSG00000183682.8,5636,44,0.2547926067827799
ENSG00000291129.1,6081,106,0.5689000761453006
ENSG00000090621.15,10274,10442,33.17028916449586
ENSG00000163909.8,4077,154,1.2327787494228886
ENSG00000116981.4,9068,7200,25.9135023989448
ENSG00000116983.13,4758,54,0.3704029630416636
ENSG00000084072.17,11124,470,1.3789293255349637
ENSG00000043514.17,6533,161,0.8043005170402966
ENSG00000131236.18,3814,604,5.168462623492155
ENSG00000131238.18,3372,448,4.336062945236378
ENSG00000117000.9,6232,517,2.7074985235840874
ENSG00000259943.2,1639,194,3.863028448258126
ENSG00000084073.10,4022,463,3.7570247391406753
ENSG00000084070.12,3601,168,1.522619159747681
ENSG00000187801.15,2566,12,0.15262642228736775
ENSG00000260920.2,2449,11,0.1465915814442372
ENSG00000187815.10,3173,38,0.3908576842209438
ENSG00000238287.1,605,28,1.510454984642259
ENSG00000164002.12,2574,24,0.3043041177850705
ENSG00000117010.17,3101,64,0.6735709334010719
ENSG00000117016.10,7259,20,0.08992042053299024
ENSG00000272145.2,1695,25,0.48136602702726855
ENSG00000066136.21,5990,1040,5.6664576457006275
ENSG00000117013.17,4408,79,0.5849121401913465
ENSG00000179862.7,1310,244,6.078881265891227
ENSG00000171793.17,11958,181,0.4939979604008391
ENSG00000281207.1,4800,12,0.08159154158112202
ENSG00000171790.16,4318,10,0.07558271568422605
ENSG00000010803.17,4602,1112,7.886118577853775
ENSG00000204060.8,2495,24,0.31393939846844543
ENSG00000127124.16,14625,112,0.2499351154074712
ENSG00000198815.9,6896,1801,8.523571136171737
ENSG00000177181.15,10638,32,0.09817369169377343
ENSG00000066185.13,2181,70,1.0474842568873988
ENSG00000127125.9,3412,470,4.495665245384214
ENSG00000186409.19,25199,20,0.025903104593395614
ENSG00000171960.12,5095,143,0.9160031753562669
ENSG00000285728.3,3472,45,0.4229976234044344
ENSG00000065978.19,3395,26449,254.25798919341338
ENSG00000117385.16,6766,92,0.44377309047964675
ENSG00000164008.17,5612,203,1.1805476080518722
ENSG00000177868.12,1353,88,2.1227067728421987
ENSG00000164010.15,5720,101,0.5762759230554773
ENSG00000164011.18,2036,144,2.3082872274423516
ENSG00000117395.13,3561,300,2.749504349827195
ENSG00000066056.14,6705,369,1.7961091032622833
ENSG00000066322.15,2506,110,1.432572956731592
ENSG00000159479.17,2704,144,1.7380446727339598
ENSG00000198198.17,26354,596,0.7380823978500224
ENSG00000142949.17,10712,18,0.05484121540179971
ENSG00000066135.13,5184,121,0.7617728805027595
ENSG00000236200.7,4302,23,0.17448679278157198
ENSG00000126091.21,19448,188,0.31549176917422744
ENSG00000229444.1,469,228,15.86598846950603
ENSG00000233674.2,271,21,2.5290367132155898
ENSG00000237950.3,2224,23,0.3375189669722673
ENSG00000117408.11,5072,3676,23.653825461530325
ENSG00000132768.14,2930,309,3.441882095367468
ENSG00000117410.14,3239,570,5.743399654367342
ENSG00000117411.18,5472,708,4.222720134461578
ENSG00000159214.13,3563,10,0.09159869950168062
ENSG00000196517.13,5249,16,0.09948292362720154
ENSG00000178028.14,5599,547,3.188467458108501
ENSG00000117419.16,2785,745,8.730441433096718
ENSG00000233602.1,619,14,0.7381464181813947
ENSG00000187147.19,9678,758,2.556164022256271
ENSG00000126106.14,3561,45,0.4124256524740793
ENSG00000142937.12,2781,6369,74.74383722835901
ENSG00000173846.13,3327,32,0.31390794476656503
ENSG00000222009.9,3479,25,0.23452584530359877
ENSG00000117425.14,5334,102,0.6240972809354666
ENSG00000070785.17,3411,1062,10.161268502978784
ENSG00000126107.15,5072,767,4.935387412675125
ENSG00000126088.14,4029,632,5.119469275678244
ENSG00000162415.7,6095,47,0.25166874187450267
ENSG00000186603.7,1816,14,0.2516038727171163
ENSG00000132773.12,2358,56,0.7750850430098105
ENSG00000070759.17,3319,147,1.4454904022205408
ENSG00000280670.3,2757,24,0.28410547666984814
ENSG00000132763.15,5049,296,1.9133370020211617
ENSG00000117450.15,1682,1394,27.048420681113935
ENSG00000117448.14,3121,243,2.5410758864739056
ENSG00000132780.17,8304,868,3.411438251079668
ENSG00000159588.15,3323,44,0.43214298279498875
ENSG00000159592.11,7433,2363,10.375396892570501
ENSG00000225447.1,382,18,1.537851045508059
ENSG00000234329.1,788,10,0.4141702618331067
ENSG00000159596.7,1465,522,11.628883195998824
ENSG00000197429.11,3708,459,4.039969534599245
ENSG00000230896.1,598,53,2.8925429456852623
ENSG00000086015.23,8062,4831,19.556871117757403
ENSG00000117461.15,7397,275,1.2133391339628798
ENSG00000085998.15,9028,1298,4.692327025799574
ENSG00000085999.13,4078,19,0.1520587827406884
ENSG00000132128.18,8614,722,2.7355046678230828
ENSG00000173660.12,1341,2995,72.89087756464144
ENSG00000117481.11,7856,240,0.9970453146369289
ENSG00000117480.16,2724,104,1.2460382267895285
ENSG00000079277.22,8071,507,2.050150493452056
ENSG00000142961.16,5832,489,2.7365064357454503
ENSG00000123472.13,5654,5267,30.402734312541188
ENSG00000159658.15,16312,2612,5.226020269982606
ENSG00000142973.16,3459,100,0.9435275117793815
ENSG00000186377.8,2447,87,1.1603537584891892
ENSG00000162367.12,5705,78,0.446214916271868
ENSG00000226252.1,4036,17,0.13746840504252472
ENSG00000123473.17,7821,18,0.0751130417317579
ENSG00000162368.15,4437,2316,17.035475348377606
ENSG00000269113.4,7524,17,0.07374036187554887
ENSG00000132122.12,5938,63,0.34626252068781993
ENSG00000235105.1,1257,152,3.946512114663659
ENSG00000162373.13,2142,57,0.8684813949811306
ENSG00000185104.21,7549,1900,8.214276275222245
ENSG00000123080.12,3018,342,3.698383992146286
ENSG00000123091.5,3112,4049,42.46325859408265
ENSG00000085831.16,9491,53,0.1822506249625737
ENSG00000085832.18,8329,3235,12.676126162321033
ENSG00000227070.2,519,12,0.7546038527733828
ENSG00000117859.19,10273,2264,7.192572768992903
ENSG00000078618.23,6640,9354,45.97634216565153
ENSG00000266993.3,1819,12,0.21530478262198224
ENSG00000117862.13,2864,12,0.1367456004152883
ENSG00000198841.4,1708,21,0.40126987662846897
ENSG00000134717.18,5948,1190,6.529518122497324
ENSG00000157077.16,7980,1416,5.791159041547306
ENSG00000154222.15,7507,406,1.7650814376947137
ENSG00000134748.13,5617,523,3.038801940318805
ENSG00000134744.14,16199,2014,4.0576668867060866
ENSG00000116157.6,1692,176,3.394825370751176
ENSG00000182183.15,2684,15,0.18239539846748587
ENSG00000162377.6,4148,610,4.799502445948354
ENSG00000162378.13,8206,10351,41.16763572538114
ENSG00000228929.1,455,35,2.510508971726831
ENSG00000121310.17,11572,2869,8.09146674027788
ENSG00000230953.2,175,50,9.324747609271089
ENSG00000116171.19,8253,2891,11.432504384394706
ENSG00000174348.14,4899,199,1.3257168217712416
ENSG00000162383.13,5413,78,0.4702856267007217
ENSG00000157184.7,10089,330,1.0675075318374572
ENSG00000162384.14,4504,841,6.094004126973679
ENSG00000162385.11,1363,197,4.717104531615859
ENSG00000157193.18,19668,17,0.028209400180579103
ENSG00000058804.12,4720,231,1.5972581445117955
ENSG00000058799.15,2036,260,4.167740827326469
ENSG00000081870.12,3006,108,1.1725730526628315
ENSG00000116212.16,2411,146,1.9763359719359295
ENSG00000116209.12,9149,2211,7.887152625898383
ENSG00000280378.1,1755,11,0.20455999028885294
ENSG00000116205.14,12168,425,1.1399212745554523
ENSG00000215883.11,8926,225,0.8226796708829242
ENSG00000116221.15,2549,2359,30.203914725753915
ENSG00000157216.17,6930,453,2.133389225757476
ENSG00000198711.5,2624,43,0.5348226048762571
ENSG00000162390.18,9770,363,1.2125989598340754
ENSG00000162391.12,2006,11,0.17896449798451491
ENSG00000184313.20,9088,44,0.1580117882732997
ENSG00000243725.7,3488,18,0.16842290693350875
ENSG00000162396.6,2356,104,1.4406655898873837
ENSG00000116133.13,6214,1290,6.775222957170737
ENSG00000162402.15,12042,4973,13.477984928846364
ENSG00000260971.4,7878,65,0.2692790151192146
ENSG00000162407.9,5272,538,3.3305196791080154
ENSG00000162409.12,9355,6250,21.804260176676113
ENSG00000187889.13,4648,122,0.8566409701288199
ENSG00000173406.16,7551,13,0.05618805671061243
ENSG00000162600.12,3718,462,4.0554375697125735
ENSG00000185839.3,690,56,2.6487688861117875
ENSG00000162601.12,27812,1212,1.4222486465744266
ENSG00000177606.9,3624,2502,22.532233668429058
ENSG00000234807.8,6160,16,0.08477043281155534
ENSG00000232453.7,2068,26,0.4103249673325285
ENSG00000224609.8,7581,91,0.3917599411097271
ENSG00000270457.1,338,10,0.9655803737410888
ENSG00000172456.18,12174,470,1.259997520720465
ENSG00000134716.11,2973,538,5.905987133621749
ENSG00000226476.7,15496,69,0.14532308645063033
ENSG00000231252.4,4379,18,0.13415371075224447
ENSG00000162599.18,59428,2338,1.2839807781965624
ENSG00000237928.6,6214,19,0.09979010557073179
ENSG00000162604.13,5516,428,2.532355315208138
ENSG00000132849.22,11813,1901,5.252028123108878
ENSG00000162607.13,3869,476,4.015257047569302
ENSG00000116641.18,24890,167,0.21897609391799722
ENSG00000125703.15,3116,130,1.3616046733691736
ENSG00000230798.7,2242,14,0.2037968924416964
ENSG00000088035.18,5487,87,0.5174750586883626
ENSG00000142856.17,5459,95,0.5679572412681145
ENSG00000203965.13,5704,62,0.3547458329614001
ENSG00000079739.17,4077,27639,221.25176529415074
ENSG00000244256.3,305,16,1.712084806948134
ENSG00000185483.13,6718,24,0.11659404572473524
ENSG00000158966.16,7022,155,0.7204038134476737
ENSG00000162437.15,6090,1220,6.538041427190072
ENSG00000162434.14,13174,3829,9.485775397422689
ENSG00000226891.9,7863,56,0.23243679656837507
ENSG00000265996.1,88,35,12.980472524269413
ENSG00000162433.15,7578,51,0.21964468834189615
ENSG00000116675.16,6958,10,0.04690516906071975
ENSG00000213625.9,5237,933,5.8143905514750305
ENSG00000116678.20,11370,72,0.2066698678571956
ENSG00000184588.18,8930,379,1.385137480817256
ENSG00000118473.23,25445,154,0.19752560272733802
ENSG00000152760.10,3360,28,0.2719718052704067
ENSG00000152763.17,6673,14,0.06847184667380238
ENSG00000198160.15,8273,557,2.1973401987518417
ENSG00000116704.8,6193,538,2.8352171400383432
ENSG00000081985.14,7496,131,0.5703570942970643
ENSG00000142864.15,7676,9016,38.33399368918166
ENSG00000116717.13,1925,100,1.6954086562311068
ENSG00000172380.6,4715,742,5.136027474289929
ENSG00000232284.9,3645,16,0.14326086861980272
ENSG00000116729.14,4459,221,1.6175582587511073
ENSG00000033122.21,30043,120,0.13035961774436164
ENSG00000066557.6,2843,301,3.4553716519054136
ENSG00000116754.14,8473,2863,11.027809916051094
ENSG00000118454.13,6184,502,2.6493501858811936
ENSG00000197568.15,1241,20,0.5259728707888606
ENSG00000116761.12,2414,39,0.5272692827943262
ENSG00000050628.21,10287,14,0.04441650946381679
ENSG00000132485.14,4985,2045,13.38854182815603
ENSG00000207721.1,86,13,4.9334420490910995
ENSG00000229956.11,14877,33,0.07239418894070111
ENSG00000172260.15,13208,134,0.3311104352474364
ENSG00000259030.8,9896,21,0.0692571694908473
ENSG00000254685.8,5622,110,0.6385677391621076
ENSG00000116791.14,4085,566,4.521988987506983
ENSG00000162623.16,4616,315,2.2271521315470917
ENSG00000137968.17,6299,86,0.4455864471170975
ENSG00000117054.15,13774,11466,27.16795747841281
ENSG00000137955.16,5920,976,5.380631390755074
ENSG00000057468.7,3270,25,0.24951541767927224
ENSG00000184005.12,7200,65,0.29463612237627396
ENSG00000226415.1,750,259,11.270511610405656
ENSG00000142892.15,5514,497,2.9416754563523857
ENSG00000226084.5,555,251,14.759983377918287
ENSG00000036549.13,9008,579,2.0977576632091317
ENSG00000077254.14,6918,690,3.2551699156388665
ENSG00000180488.17,10129,568,1.8301508783918377
ENSG00000219201.4,921,105,3.7207869124941633
ENSG00000235613.2,1693,15,0.28916080891124163
ENSG00000235927.4,2292,36,0.5126170151693531
ENSG00000162614.19,4436,30565,224.87335152632951
ENSG00000162613.18,7619,1679,7.192135362367968
ENSG00000162616.9,3702,2633,23.212374822592572
ENSG00000137960.6,3904,38,0.31767198566420457
ENSG00000285928.1,1795,180,3.272752642808237
ENSG00000122420.10,5764,17,0.0962565029062508
ENSG00000137959.17,11610,288,0.8095904901072571
ENSG00000137965.11,2038,123,1.969727107846518
ENSG00000162618.15,5798,489,2.7525535586870413
ENSG00000117114.21,24178,286,0.38605642968319787
ENSG00000137941.17,10547,307,0.9499802129668895
ENSG00000271576.2,1631,43,0.8604380841172893
ENSG00000142875.21,6844,320,1.5259668793663965
ENSG00000203943.9,3405,28,0.2683774642315908
ENSG00000117133.11,2290,601,8.5653303913108
ENSG00000174021.12,5026,366,2.376641800134553
ENSG00000122432.19,4365,11,0.08224576929139446
ENSG00000117151.13,6934,100,0.47067517497041833
ENSG00000117155.17,8563,135,0.5145326690856695
ENSG00000055732.13,6624,25,0.12317563644493058
ENSG00000280099.1,1717,19,0.36115067910106424
ENSG00000097096.10,7113,21,0.09635441435138829
ENSG00000162642.14,3420,297,2.834232497028449
ENSG00000142867.14,4346,89,0.6683522504113999
ENSG00000223653.6,4769,11,0.0752784195757888
ENSG00000153904.21,4587,920,6.545822389765185
ENSG00000142871.18,3698,291,2.5682140183998383
ENSG00000117174.11,6203,287,1.5100288527346133
ENSG00000171502.15,9568,10,0.03411017624628847
ENSG00000122417.16,11465,209,0.5949457371288094
ENSG00000236915.3,8476,15,0.05775710824524918
ENSG00000097033.15,6881,5604,26.579799390821552
ENSG00000230721.1,555,17,0.9996801491020354
ENSG00000183291.18,2201,746,11.061751934487418
ENSG00000153936.18,8469,203,0.7822922631228135
ENSG00000267272.5,6717,20,0.09717616981524135
ENSG00000143013.13,5421,735,4.424997827863839
ENSG00000237505.8,16635,38,0.07455313688205918
ENSG00000065243.20,6897,742,3.5111453590368296
ENSG00000207234.1,107,15,4.575226630717123
ENSG00000137947.12,2524,217,2.805921477512437
ENSG00000137944.18,2196,234,3.477672264113397
ENSG00000213516.10,5087,274,1.7578991463123597
ENSG00000117226.12,4284,82,0.6246971437583572
ENSG00000117228.11,6103,277,1.481294905323336
ENSG00000234518.2,483,122,8.24361745167444
ENSG00000162645.13,7223,407,1.8390008264442288
ENSG00000162654.9,6141,310,1.6475087373488244
ENSG00000154451.15,10960,18,0.05360028279051811
ENSG00000197147.15,8267,198,0.7816680891768313
ENSG00000231999.8,12510,43,0.1121802170419903
ENSG00000171488.15,11724,299,0.8323395064058507
ENSG00000171492.14,4852,141,0.9484259985934216
ENSG00000228175.3,729,11,0.49245923588057183
ENSG00000162664.17,10988,439,1.3039201585042797
ENSG00000233593.12,14454,147,0.33192075861145526
ENSG00000232882.1,621,338,17.763569117178257
ENSG00000122482.22,7604,968,4.154687651263867
ENSG00000162669.16,5814,58,0.3255802828830462
ENSG00000069702.11,8577,393,1.495416851644209
ENSG00000189195.15,8342,89,0.34819694081610447
ENSG00000273487.1,1293,27,0.6815070758515992
ENSG00000174842.17,2910,130,1.4579931828929018
ENSG00000122484.9,17048,665,1.2730730913056347
ENSG00000067208.17,14589,163,0.3646424368420835
ENSG00000122406.14,3687,8014,70.93839047801593
ENSG00000154511.12,3091,339,3.579363648786847
ENSG00000143033.18,5907,363,2.0056021394242283
ENSG00000117500.13,9211,2330,8.255706954033842
ENSG00000122483.18,7613,111,0.47585241641952153
ENSG00000223745.8,6284,145,0.7530727898957793
ENSG00000117505.13,10925,1359,4.059785995743517
ENSG00000137942.18,5811,1034,5.8073071068580395
ENSG00000137936.18,6919,311,1.4669732291793003
ENSG00000260464.1,1766,19,0.3511300770195511
ENSG00000067334.14,7518,936,4.0632978409114235
ENSG00000023909.10,5426,1005,6.044931757392379
ENSG00000137962.13,18370,1261,2.2403251809209546
ENSG00000117528.14,7655,1016,4.33165284109314
ENSG00000117525.14,2886,76,0.8594535218524287
ENSG00000117519.16,2783,338,3.9637716211885365
ENSG00000235501.8,3332,19,0.18610315606738514
ENSG00000172339.10,9641,56,0.18957063908485977
ENSG00000152078.10,7385,918,4.056928106782397
ENSG00000226026.7,4619,32,0.2261034276333323
ENSG00000122481.17,1927,85,1.4396016677520231
ENSG00000228852.6,1418,19,0.43730304373520973
ENSG00000137970.7,747,595,25.995698656368194
ENSG00000117569.20,20122,693,1.1240023519673503
ENSG00000188641.14,7131,198,0.9061912905938667
ENSG00000162627.17,2067,38,0.5999958548781106
ENSG00000117600.14,5201,28,0.17570183920564636
ENSG00000099260.12,8074,3059,12.365049576252279
ENSG00000156869.14,8624,71,0.2686919968580549
ENSG00000162688.17,8157,27779,111.14534429726558
ENSG00000117620.15,18235,275,0.49218917323407857
ENSG00000156876.10,3972,67,0.5505169472240861
ENSG00000122435.11,4132,652,5.1498243088956
ENSG00000122477.14,1940,6629,111.51965549304286
ENSG00000137992.15,11616,1092,3.0681116875545884
ENSG00000224616.5,10037,47,0.1528266396059673
ENSG00000137996.13,3028,739,7.965145208513761
ENSG00000079335.20,6510,50,0.2506652583137389
ENSG00000162692.12,6049,46,0.2481871987258464
ENSG00000162694.14,4015,272,2.2109986859342654
ENSG00000162695.12,8600,172,0.6527323326489761
ENSG00000117543.22,5951,296,1.623330284524424
ENSG00000233184.9,9868,48,0.15875127668803635
ENSG00000225938.3,2070,17,0.26803018490416897
ENSG00000170989.10,5223,696,4.3490494306307435
ENSG00000183298.5,880,15,0.5563059653258319
ENSG00000185946.16,6867,913,4.339191930308106
ENSG00000240038.8,7491,709,3.088954904873342
ENSG00000243480.8,1599,23,0.4694447670708709
ENSG00000232952.1,1779,24,0.44029162404652694
ENSG00000198890.9,4340,47,0.35343801422237187
ENSG00000224550.1,246,15,1.9900375995395616
ENSG00000134215.16,7306,16,0.07147356503136887
ENSG00000085491.17,6726,358,1.7371258927173168
ENSG00000162636.16,9350,55,0.19198009783793418
ENSG00000162639.16,2426,50,0.672642552193916
ENSG00000134186.12,6955,758,3.5569454216241834
ENSG00000116266.11,5892,564,3.1240753191957107
ENSG00000121957.15,19578,175,0.29172581012761983
ENSG00000121940.17,19957,649,1.0613400909184385
ENSG00000085433.17,4417,847,6.258368641087648
ENSG00000244716.3,555,323,18.993922832938672
ENSG00000197780.11,2764,792,9.351736748516446
ENSG00000273382.1,2888,15,0.16951151298017042
ENSG00000215717.7,3613,429,3.8752030266594346
ENSG00000031698.13,3849,1281,10.861913719451005
ENSG00000143126.8,12830,632,1.6076649814269406
ENSG00000134243.12,9127,3709,13.262760062424961
ENSG00000143106.13,5734,613,3.4890558067127864
ENSG00000143028.9,4042,8936,72.1525992646122
ENSG00000162650.17,5422,426,2.564219602623237
ENSG00000174151.15,5690,87,0.4990132947316425
ENSG00000181754.7,5141,719,4.564428585631334
ENSG00000065135.12,9044,313,1.1295069666028832
ENSG00000116337.20,9301,35,0.1228127708994418
ENSG00000168765.19,5352,1021,6.226081013028818
ENSG00000213366.13,9116,1131,4.049145832744581
ENSG00000134201.12,6067,25,0.1344841628170793
ENSG00000134202.12,4750,749,5.146279127937717
ENSG00000184371.14,5238,94,0.5856895691962939
ENSG00000168710.18,5035,2761,17.896663062997252
ENSG00000143093.15,7344,399,1.773149514753142
ENSG00000258634.3,4216,86,0.6657374360509006
ENSG00000116396.15,26071,201,0.25161903813134173
ENSG00000227963.2,2738,12,0.14303849510204006
ENSG00000162775.17,4670,144,1.0063539175744387
ENSG00000224699.11,12743,59,0.15110730450557008
ENSG00000168679.18,3164,40,0.4125994517376587
ENSG00000273373.1,2850,138,1.5802993316764684
ENSG00000134248.14,2388,990,13.530255639080535
ENSG00000177301.16,18723,114,0.19871678129034684
ENSG00000143119.14,2152,27,0.4094742793104636
ENSG00000232811.1,2359,10,0.13834937105743453
ENSG00000121931.16,3502,441,4.109865201287814
ENSG00000156171.15,3295,665,6.58675267392366
ENSG00000134255.16,8657,296,1.1159106530212368
ENSG00000085465.13,2520,24,0.31082492030903625
ENSG00000260948.1,2023,20,0.3226556266183767
ENSG00000233337.1,524,19,1.183388771023907
ENSG00000116455.14,2685,307,3.731635495777201
ENSG00000116459.11,3138,6346,66.00126486600386
ENSG00000143110.12,2768,113,1.3323474275530043
ENSG00000116473.15,5532,1504,8.873006401880515
ENSG00000197852.12,6393,162,0.8270189104421566
ENSG00000064703.13,8778,299,1.111682430291888
ENSG00000171385.11,19393,178,0.29955745684401003
ENSG00000231246.3,6917,36,0.16985950538790762
ENSG00000143079.15,7371,215,0.9519566647641422
ENSG00000134245.18,12374,60,0.15825092920211153
ENSG00000007341.19,8108,110,0.4427760026602576
ENSG00000116489.13,3495,632,5.901671448271143
ENSG00000155363.19,8760,186,0.692969257264324
ENSG00000155366.17,4007,286,2.329441566478752
ENSG00000155367.16,2729,319,3.8149801047091128
ENSG00000215866.9,3183,14,0.1435477954301864
ENSG00000155380.13,6347,2793,14.361756775552154
ENSG00000226419.8,12682,178,0.4580758366642397
ENSG00000287807.1,1389,30,0.7048945276986783
ENSG00000238198.2,2467,10,0.13229273057336363
ENSG00000198799.12,12467,710,1.8586667048238272
ENSG00000081026.19,8414,152,0.5895847074081553
ENSG00000232499.2,1029,11,0.34888511463259175
ENSG00000116793.16,7170,86,0.39145732641430925
ENSG00000081019.14,6819,407,1.9479546809512633
ENSG00000226167.1,1734,11,0.2070373604134584
ENSG00000188761.13,9095,18,0.06459143478659467
ENSG00000134262.14,6097,160,0.8564636150880447
ENSG00000118655.8,4721,16,0.11060916460901946
ENSG00000163349.22,9148,1612,5.751008527711792
ENSG00000116774.12,2821,88,1.0180865876127243
ENSG00000134207.17,5065,11,0.07087912792831921
ENSG00000197323.12,9604,975,3.3132758451309443
ENSG00000236480.1,1523,12,0.2571499669004502
ENSG00000116752.6,1289,725,18.356514397614728
ENSG00000175984.16,7408,4048,17.833831550776562
ENSG00000116748.22,3082,19102,202.2792507829452
ENSG00000213281.5,4326,432,3.259135086735526
ENSG00000009307.17,9830,66628,221.21185076162757
ENSG00000052723.12,5894,495,2.7409442200648386
ENSG00000134198.10,3413,91,0.870182277630484
ENSG00000173218.15,9045,80,0.28865995915930404
ENSG00000118729.13,2737,2818,33.60247923647816
ENSG00000163393.13,5277,13,0.08040098848243972
ENSG00000163399.16,7277,292,1.3095907732135565
ENSG00000203865.13,14104,35,0.08098990230684262
ENSG00000116815.16,1784,107,1.957465235242165
ENSG00000143061.18,7400,57,0.2513901551418354
ENSG00000134247.10,6488,85,0.42757589607862956
ENSG00000116830.12,10158,93,0.29879950254161636
ENSG00000134253.10,4368,520,3.8853115038629524
ENSG00000198162.12,9667,535,1.8062056375669922
ENSG00000183508.5,5654,978,5.645315009999104
ENSG00000196505.11,10487,105,0.3267707396211619
ENSG00000065183.16,10276,375,1.1910014827917772
ENSG00000155761.14,9828,51,0.1693597322196672
ENSG00000092607.15,4344,3507,26.348207764732496
ENSG00000116874.12,3830,235,2.0025078090405923
ENSG00000231365.7,12000,159,0.4324351703799467
ENSG00000143067.5,5579,160,0.9359847035654794
ENSG00000092621.13,9187,12,0.042629737628103376
ENSG00000134240.12,2565,205,2.608384565166474
ENSG00000134250.21,16744,452,0.8810171236184221
ENSG00000265808.4,9039,502,1.8125435943676624
ENSG00000274642.1,853,133,5.088710447966813
ENSG00000270231.5,8168,88,0.35161878840052585
ENSG00000293296.1,1834,16,0.28472511784033855
ENSG00000275131.4,6897,3148,14.896341765832801
ENSG00000290999.1,4491,144,1.046464661561485
ENSG00000273136.9,7206,82,0.3713853127755762
ENSG00000171943.12,7335,70,0.31146055409289936
ENSG00000289318.2,1524,15,0.3212265416579607
ENSG00000266338.7,5305,111,0.6828773696893153
ENSG00000196369.12,7291,29,0.1298123552792505
ENSG00000223612.3,519,12,0.7546038527733828
ENSG00000162825.18,19689,45,0.07459229765149049
ENSG00000275064.1,1270,32,0.8223399466443795
ENSG00000117262.19,5561,60,0.3521303718660184
ENSG00000265491.5,11059,3522,10.393902141195833
ENSG00000186141.10,12068,296,0.800500374809815
ENSG00000186364.12,1657,67,1.3196459350477188
ENSG00000131788.16,4806,284,1.9285890810685522
ENSG00000198483.13,3363,71,0.6890275887314496
ENSG00000143127.13,6242,44,0.23005625309640299
ENSG00000131779.11,1718,338,6.420940874137193
ENSG00000293505.1,2644,42,0.5184333958255861
ENSG00000265241.8,5321,705,4.324152363442288
ENSG00000234222.6,3248,27,0.2713019239766372
ENSG00000271601.4,3991,957,7.825918846718493
ENSG00000272031.3,3671,33,0.29338282453576975
ENSG00000121851.13,1811,415,7.478849200699202
ENSG00000265972.6,3604,38235,346.24335098270814
ENSG00000168509.20,2418,7867,106.18373161599452
ENSG00000233396.9,4618,21,0.14841250525799587
ENSG00000271425.9,14362,20,0.04544856793266788
ENSG00000287978.1,668,46,2.2474316842704267
ENSG00000268043.9,7663,99,0.42163970332930073
ENSG00000227242.4,1783,10,0.18304327892568037
ENSG00000131791.8,5460,5157,30.825463731417305
ENSG00000293279.1,2832,18,0.20743612266386954
ENSG00000131781.13,5984,70,0.3817786036549827
ENSG00000180867.12,1510,31,0.6700232553681543
ENSG00000226015.2,1657,12,0.23635449582944218
ENSG00000131778.20,4301,19,0.14417477703244067
ENSG00000278811.4,5564,23,0.13491052885447924
ENSG00000116128.12,6331,265,1.3660880441634708
ENSG00000162836.12,11993,258,0.702096814072525
ENSG00000265107.3,3288,50,0.4962989147270196
ENSG00000188092.15,5214,65,0.4068623093803553
ENSG00000263956.8,5946,70,0.38421849382297624
ENSG00000270629.7,11985,84,0.2287422442324322
ENSG00000177144.8,3642,19,0.1702624151610454
ENSG00000178104.22,37693,47617,41.229346939413546
ENSG00000269713.9,13748,107,0.2540091634908367
ENSG00000274265.5,4291,45,0.34226235107438735
ENSG00000291233.1,1249,896,23.41265692768145
ENSG00000286219.2,9139,45,0.16070114328265633
ENSG00000291158.1,11379,11,0.031549589854726855
ENSG00000290792.1,6440,19,0.09628815466095145
ENSG00000184678.11,2224,1363,20.00166747753045
ENSG00000178096.9,1461,114,2.54659431628964
ENSG00000143368.10,1704,177,3.390071093863521
ENSG00000014914.21,4572,91,0.6495914509083205
ENSG00000264522.6,12227,1504,4.014514714582727
ENSG00000285184.5,4501,138,1.0006338803105832
ENSG00000136631.16,12971,523,1.315931732231187
ENSG00000023902.14,6629,515,2.5355042337775133
ENSG00000143401.15,3605,1193,10.800411551320783
ENSG00000118298.12,3296,542,5.3668222739039
ENSG00000117362.13,3473,518,4.867770635072986
ENSG00000118292.9,1270,107,2.7496991965921436
ENSG00000159208.16,2849,517,5.9224748329154195
ENSG00000266472.6,1500,536,11.662151009995041
ENSG00000117360.13,5408,551,3.3252174120708746
ENSG00000163125.16,9241,1514,5.3470227877423975
ENSG00000143374.18,4020,633,5.139049335407985
ENSG00000143369.15,3360,76,0.7382091857339611
ENSG00000143382.16,6432,500,2.53705042229857
ENSG00000143384.14,6222,4491,23.556902169130115
ENSG00000143420.19,4619,4484,31.682742797120685
ENSG00000288880.2,1127,33,0.9556418357327512
ENSG00000143457.11,3334,435,4.258226825169535
ENSG00000163131.12,6888,60,0.28429108564850875
ENSG00000143387.14,8447,76,0.29364068474797084
ENSG00000143437.21,6448,1310,6.630578130972074
ENSG00000143379.13,7375,402,1.778972187965345
ENSG00000143418.20,4643,199,1.3988125586597702
ENSG00000143412.10,1594,51,1.0442079349152378
ENSG00000143409.18,3622,401,3.6132753367233494
ENSG00000143363.17,3156,690,7.135381963368085
ENSG00000143443.10,2320,36,0.5064302580897229
ENSG00000197622.13,4184,556,4.336988252304383
ENSG00000213190.4,2483,123,1.6167152016879593
ENSG00000143458.12,9189,395,1.4029234486687645
ENSG00000261168.1,1536,722,15.340909641033878
ENSG00000143434.17,5776,6525,36.86875407318706
ENSG00000289288.2,1262,24,0.6206646586202625
ENSG00000163156.12,3264,427,4.269557384208223
ENSG00000163155.12,2508,246,3.201199239067945
ENSG00000163157.15,1843,9354,165.6445534345774
ENSG00000163159.15,1764,594,10.989881110926639
ENSG00000143398.20,5405,1315,7.940268431391337
ENSG00000159352.16,3021,1671,18.052229855286978
ENSG00000143373.18,6324,269,1.3882431806022657
ENSG00000143393.17,5456,950,5.682695344726239
ENSG00000143390.18,4555,421,3.0164688479167836
ENSG00000143416.21,3476,905,8.497162845905113
ENSG00000159377.11,2125,1196,18.36865576113354
ENSG00000143442.24,12192,1746,4.673846181123328
ENSG00000143367.17,3878,52,0.43762353400911236
ENSG00000143376.14,16711,1300,2.538902616371459
ENSG00000143436.11,1740,405,7.596453871345843
ENSG00000182134.17,5092,154,0.9870461432437385
ENSG00000203288.6,1458,19,0.4253057037150393
ENSG00000213171.3,2644,218,2.690916197380423
ENSG00000143365.20,6517,2472,12.379578995766986
ENSG00000196407.12,1161,11,0.30921858997152185
ENSG00000159445.13,6937,793,3.7308399869586135
ENSG00000197747.9,1012,327,10.545626125307074
ENSG00000163191.6,649,145,7.291694008790565
ENSG00000237975.7,14980,10,0.021786793479605344
ENSG00000163220.11,573,12,0.6834893535591374
ENSG00000197956.10,971,439,14.755380743197762
ENSG00000196154.12,946,124,4.277949748862212
ENSG00000285867.1,3176,18,0.18496823028465947
ENSG00000188643.11,1701,318,6.101378065325526
ENSG00000189171.15,2216,113,1.6642318048134996
ENSG00000160678.12,3030,1180,12.709969513626929
ENSG00000160679.14,5625,1384,8.030058207877182
ENSG00000143553.11,1517,781,16.802371516112405
ENSG00000143621.17,2261,1168,16.85960558456444
ENSG00000169418.10,4952,305,2.010130870940405
ENSG00000143624.14,10467,87,0.2712702442937848
ENSG00000143554.14,5470,15,0.08949712056430204
ENSG00000143614.11,9244,14,0.049428021728070454
ENSG00000198837.10,7606,2030,8.710535335770587
ENSG00000160741.17,3602,427,3.868915963924387
ENSG00000143578.16,2902,58,0.652282482660934
ENSG00000143543.15,1482,113,2.4884869632029116
ENSG00000272654.2,1434,15,0.34138720326829297
ENSG00000143545.10,2751,45,0.5338595959506348
ENSG00000177954.14,1028,7112,225.78951117701936
ENSG00000143549.22,15130,74110,159.86118034572246
ENSG00000143612.21,2670,6579,80.41809019658453
ENSG00000143569.20,7524,1715,7.439101212739195
ENSG00000143575.16,3428,2336,22.24012148582276
ENSG00000143515.20,7597,78,0.335087020841254
ENSG00000160712.13,6993,782,3.6496259411661613
ENSG00000169291.10,8740,295,1.101579165511716
ENSG00000163239.12,2706,28,0.3377033502248953
ENSG00000160714.10,4190,672,5.234321331027589
ENSG00000160710.18,12242,910,2.426018717164549
ENSG00000143603.19,13599,598,1.435156757570732
ENSG00000163344.6,1002,323,10.520586000280403
ENSG00000163346.17,3851,2031,17.212404149702294
ENSG00000163348.4,3664,292,2.6009530722366403
ENSG00000160691.19,4342,521,3.9160933361367642
ENSG00000173207.13,2340,54,0.7531526915180494
ENSG00000160688.19,4019,453,3.678623372604954
ENSG00000160685.14,4304,294,2.2293599651347464
ENSG00000143537.14,6584,683,3.385602849326023
ENSG00000169242.12,2165,169,2.5476158017939254
ENSG00000169241.19,2340,71,0.9902563166255834
ENSG00000179085.8,622,159,8.34280071472566
ENSG00000163463.13,3814,46,0.3936246368884754
ENSG00000169231.13,4623,109,0.7694984237371663
ENSG00000173171.15,3282,68,0.6762004664858375
ENSG00000160752.15,3718,272,2.3876169241597838
ENSG00000225855.7,3516,95,0.8818198464398853
ENSG00000160753.17,5637,180,1.0421484821431233
ENSG00000116539.14,13783,2850,6.748484176338903
ENSG00000235919.5,1225,38,1.012401169006575
ENSG00000125459.18,4287,58,0.44154974683509
ENSG00000163374.20,5001,1211,7.903007946789743
ENSG00000132676.16,4588,1352,9.617416235194154
ENSG00000203761.5,1709,28,0.5347134380974643
ENSG00000116580.20,11970,638,1.7395289399751326
ENSG00000132718.9,5182,140,0.8817302833930593
ENSG00000143622.12,4041,273,2.204849379029578
ENSG00000132680.11,5646,910,5.260241079618918
ENSG00000116584.22,9250,378,1.3336909283314216
ENSG00000163479.14,6643,510,2.5055960383183637
ENSG00000160803.8,3884,1264,10.62118522744987
ENSG00000116586.12,1404,238,5.532417919175795
ENSG00000160789.24,8141,1335,5.351908021658169
ENSG00000196189.14,6771,67,0.32294392473402306
ENSG00000160785.14,7293,491,2.197254732830435
ENSG00000160783.19,2520,458,5.931575562564109
ENSG00000198952.8,5304,1807,11.118847333113685
ENSG00000163472.19,3032,27,0.29062950167418133
ENSG00000198715.13,3471,46,0.43252214494170127
ENSG00000163468.15,3864,1550,13.091810502146908
ENSG00000116604.19,6351,4743,24.37340146240036
ENSG00000289593.2,432,14,1.0576681316071372
ENSG00000163382.13,10113,618,1.9944061187435342
ENSG00000132692.19,4765,11,0.07534161237291435
ENSG00000132688.11,5568,1691,9.911731092936591
ENSG00000143320.9,1082,15,0.4524484745718411
ENSG00000143319.17,5229,252,1.5728489943348822
ENSG00000143303.12,3169,278,2.8630417872580525
ENSG00000143314.12,1695,1049,20.198118494064186
ENSG00000143321.19,3720,4287,37.611068683684955
ENSG00000143294.15,4071,720,5.7721355871685445
ENSG00000187800.14,5525,319,1.884358498778492
ENSG00000132694.19,9322,569,1.992086983894376
ENSG00000237842.2,1531,17,0.36239221603633553
ENSG00000117036.12,6707,399,1.9415550971145181
ENSG00000183853.18,7872,165,0.6840754248417242
ENSG00000158473.8,4359,47,0.35189744935193706
ENSG00000158481.13,2442,12,0.16037649450834793
ENSG00000163563.8,2025,22,0.3545706498340117
ENSG00000163565.20,5294,282,1.738482412230934
ENSG00000225670.4,5208,29,0.1817323122774607
ENSG00000213088.13,1348,66,1.5979352357133687
ENSG00000158716.9,827,106,4.183169725561758
ENSG00000272668.2,7134,18,0.08234638342922322
ENSG00000158710.15,2262,778,11.225149310364797
ENSG00000143315.8,7038,89,0.41271083834724975
ENSG00000162729.14,2592,100,1.2591287281037347
ENSG00000018625.15,6298,43428,225.04652065957237
ENSG00000132681.17,6271,57,0.2966492023679767
ENSG00000143318.13,2157,53764,813.4793957473239
ENSG00000227741.1,1578,11,0.22750493216535922
ENSG00000162734.13,2763,994,11.74114981275936
ENSG00000132716.19,7605,2222,9.535642624234221
ENSG00000228606.4,1384,37,0.872510704769224
ENSG00000162735.19,4466,1253,9.156668302834383
ENSG00000122218.17,17664,2540,4.692991748551855
ENSG00000235082.2,304,24,2.57657499729859
ENSG00000162736.18,11484,961,2.7310857352650038
ENSG00000162738.7,5354,69,0.42060637796768163
ENSG00000066294.15,9255,17,0.059948404403201476
ENSG00000026751.17,4833,20,0.13505738312621066
ENSG00000213080.3,1097,28,0.8330221200625038
ENSG00000158769.19,4893,80,0.5336050134060708
ENSG00000215845.11,1197,21,0.5725722216219089
ENSG00000158773.14,2336,411,5.742144450315266
ENSG00000186517.14,5064,25,0.16112073771943525
ENSG00000162755.14,1720,31,0.5882180904685541
ENSG00000143256.5,621,426,22.38840368023058
ENSG00000158793.14,3794,231,1.9871002746693922
ENSG00000158796.17,2821,642,7.427404423265556
ENSG00000143222.12,2100,507,7.879411729834068
ENSG00000143258.17,3764,317,2.748620476218457
ENSG00000143224.18,4725,121,0.835773674608742
ENSG00000158850.15,3890,281,2.357555083218024
ENSG00000158859.10,10338,35,0.11049347863568469
ENSG00000158864.13,8898,6609,24.240885516279405
ENSG00000158869.11,964,19,0.6432528174445304
ENSG00000158882.15,3291,446,4.422950780331865
ENSG00000143257.12,3247,17,0.17087233838978433
ENSG00000248485.2,1406,12,0.27854864835660437
ENSG00000143252.16,1902,1727,29.63377335659258
ENSG00000289106.2,531,405,24.89233471966434
ENSG00000188931.4,774,661,27.87183926879672
ENSG00000288670.1,1807,882,15.92999218030982
ENSG00000283696.1,997,11,0.36008303205309616
ENSG00000288093.1,1871,19,0.3314247546854769
ENSG00000143226.16,5422,11,0.06621224326022443
ENSG00000203747.13,4950,14,0.0923055823948047
ENSG00000072694.22,6655,13,0.06375297013100444
ENSG00000226889.4,1491,14,0.30644710453003576
ENSG00000081721.12,1762,81,1.500321195929826
ENSG00000118217.7,14263,627,1.434702280624371
ENSG00000162745.11,3430,131,1.2464713640964413
ENSG00000239887.6,4313,14,0.10593847272299636
ENSG00000198574.6,2795,179,2.0901446787865248
ENSG00000152332.16,9248,1457,5.141819899813788
ENSG00000117143.14,4619,1079,7.623924950511423
ENSG00000272574.1,505,12,0.775523563543338
ENSG00000162733.19,11099,386,1.1350332480516478
ENSG00000132196.16,4784,34,0.2319491984747616
ENSG00000143248.13,6624,11395,56.143455091599364
ENSG00000185630.20,23367,1614,2.254268808352479
ENSG00000143171.13,2691,1162,14.092808817133228
ENSG00000143198.13,8052,3310,13.416194865052852
ENSG00000143149.13,3007,1710,18.55956582689972
ENSG00000143183.18,5326,616,3.7747194603057577
ENSG00000143179.16,6984,132,0.6168432696854586
ENSG00000188859.7,5719,246,1.4038481712856106
ENSG00000215835.2,1969,17,0.28177881297695767
ENSG00000143157.12,8463,349,1.3458796177153058
ENSG00000152382.6,2900,249,2.8022474280964667
ENSG00000143167.12,2946,10,0.11078281273743654
ENSG00000198842.10,4274,2012,15.36379800292162
ENSG00000143190.23,16031,406,0.8265527011898333
ENSG00000198821.12,9361,12,0.041837346393482064
ENSG00000287218.1,1939,18,0.3029701389293855
ENSG00000273160.1,303,10,1.0771160604768584
ENSG00000143162.9,3286,1412,14.024011772677333
ENSG00000198771.11,8165,4255,17.007814301416985
ENSG00000197965.12,7069,335,1.5466496777295728
ENSG00000143158.11,2638,1836,22.714491333273696
ENSG00000143164.16,6306,22943,118.74118227057929
ENSG00000224837.1,522,66,4.126468769619963
ENSG00000143147.15,11417,54,0.15436430744961335
ENSG00000143155.13,3186,923,9.454989689814893
ENSG00000213064.10,11217,232,0.6750196183229137
ENSG00000143196.5,1719,66,1.2530638148584183
ENSG00000143153.14,12290,8683,23.058075038206102
ENSG00000289466.1,610,27,1.444571555862488
ENSG00000143156.14,5718,47,0.2682618016308314
ENSG00000117475.14,3820,410,3.502882936990579
ENSG00000117479.15,4364,4043,30.2359855740125
ENSG00000213062.5,14107,146,0.33777174653275155
ENSG00000198734.12,9373,14,0.04874774702382197
ENSG00000174175.17,3490,14,0.13092052517314706
ENSG00000000460.17,5970,28,0.15306955874515354
ENSG00000171806.12,1575,45,0.9324747609271088
ENSG00000000457.14,6883,236,1.1190239031320526
ENSG00000075945.13,4978,622,4.077938036436954
ENSG00000203740.4,2322,11,0.15460929498576093
ENSG00000120370.14,11246,81,0.23506721920935028
ENSG00000116132.12,8248,1879,7.435039118861701
ENSG00000271811.1,2045,42,0.6702874809598288
ENSG00000007933.13,3439,83,0.7876822275351122
ENSG00000094963.14,6201,920,4.842071811297033
ENSG00000076258.10,2542,16,0.20542323608150312
ENSG00000117523.18,14189,2652,6.099958228857159
ENSG00000034971.17,2104,248,3.84690158025062
ENSG00000233328.3,423,31,2.3918087839383286
ENSG00000117533.15,4986,431,2.821175645524556
ENSG00000010165.20,3831,326,2.7772218799734563
ENSG00000197959.15,11851,51,0.1404495357568888
ENSG00000230630.5,3195,73,0.7456879543564204
ENSG00000135845.10,5225,271,1.6927316951949527
ENSG00000094975.15,7893,182,0.7525483627398559
ENSG00000230849.2,1251,36,0.93918321244457
ENSG00000203739.6,4912,30,0.19932787031218732
ENSG00000117592.9,2311,5543,78.27986412534129
ENSG00000076321.11,4244,494,3.7988898719202906
ENSG00000120334.16,5165,92,0.5813298606360678
ENSG00000117593.12,7353,309,1.3715102052803863
ENSG00000234741.10,4932,302,1.9984302966341319
ENSG00000270084.2,814,25,1.0023530906771747
ENSG00000185278.16,19437,376,0.6313406314657998
ENSG00000135870.12,11698,1967,5.487794915030501
ENSG00000152061.24,16071,215,0.4366170478487022
ENSG00000116161.18,4611,1448,10.248931009279088
ENSG00000120333.4,2594,405,5.09553960529752
ENSG00000235750.10,4767,387,2.6495428228986126
ENSG00000143207.21,4177,473,3.695743276789152
ENSG00000120341.19,7520,14,0.0607596586242398
ENSG00000254154.8,7841,20,0.08324605696326695
ENSG00000293477.1,5341,144,0.8799237586730253
ENSG00000075391.18,20172,556,0.8995617116617854
ENSG00000116191.19,9161,77,0.2743171575918085
ENSG00000116194.13,3598,684,6.204404051304887
ENSG00000116199.12,6046,1387,7.487096802713611
ENSG00000186283.14,3224,116,1.1742703254851306
ENSG00000143322.22,16676,278,0.5440740839422384
ENSG00000057252.13,7005,100,0.4659045914696475
ENSG00000169905.13,18876,1018,1.760122681279555
ENSG00000143337.19,4692,3426,23.83057301423052
ENSG00000260360.2,1522,13,0.2787621657173682
ENSG00000135837.17,29822,2009,2.1986105162158696
ENSG00000116260.17,9276,491,1.7275311305015486
ENSG00000121454.6,6085,37,0.19844779217758518
ENSG00000230124.8,7512,242,1.0513926018440645
ENSG00000143324.14,8913,367,1.3438391455299799
ENSG00000135835.12,10452,36,0.11241084948030589
ENSG00000135823.14,6477,221,1.1135853444142636
ENSG00000153029.16,9441,49,0.16938822317445096
ENSG00000162783.11,4201,527,4.0941435289932215
ENSG00000135821.19,12638,11275,29.11677896272039
ENSG00000135828.11,6125,114,0.6074407014039451
ENSG00000143333.7,2408,32,0.4337091911288878
ENSG00000135838.14,4975,53,0.3476865691497059
ENSG00000135829.17,5898,1453,8.040183785511719
ENSG00000135862.6,8446,2425,9.370565395890168
ENSG00000058085.15,6770,14,0.06749078771850565
ENSG00000157064.11,6943,25,0.1175162632595737
ENSG00000116698.22,8317,1295,5.081690337744524
ENSG00000116701.16,4319,16,0.12090434501486014
ENSG00000162704.16,10650,213,0.6527323326489761
ENSG00000143344.16,5306,81,0.4982220028700251
ENSG00000198756.12,7806,280,1.170670337828038
ENSG00000198860.14,10197,572,1.830748721561314
ENSG00000116667.15,11594,6036,16.991083145891064
ENSG00000232036.2,1325,10,0.24631408779206648
ENSG00000285847.2,7564,21,0.09060932698062202
ENSG00000116406.20,18576,948,1.6655637687102427
ENSG00000135842.17,8330,10128,39.68111083474688
ENSG00000121481.11,3906,271,2.264342833434108
ENSG00000121486.12,4914,1505,9.995544980023494
ENSG00000116668.13,4068,191,1.5323485193701383
ENSG00000279838.1,1989,37,0.6071165487182533
ENSG00000116679.16,7873,1288,5.339255966289097
ENSG00000143341.12,18739,291,0.5068176231411816
ENSG00000116690.13,5049,16,0.10342362173087362
ENSG00000047410.14,12350,1562,4.127805277723485
ENSG00000157181.16,4073,400,3.2051673589441494
ENSG00000229739.4,6997,17,0.07929433796650417
ENSG00000116711.10,2879,15,0.17004142045388404
ENSG00000285280.2,10098,22,0.07110373993997561
ENSG00000116741.8,2088,30,0.46891690563863225
ENSG00000116750.14,6661,1565,7.6679635234623005
ENSG00000116747.13,9070,539,1.9394858175181815
ENSG00000023572.10,6210,683,3.5895022801872036
ENSG00000134371.14,10512,690,2.142243671650464
ENSG00000162630.6,3548,21,0.19317050430705324
ENSG00000000971.17,15284,49,0.10463191670963043
ENSG00000177888.8,8679,254,0.9551446738843181
ENSG00000134376.17,12721,16,0.04104912083320344
ENSG00000213047.13,13203,546,1.3496624010692304
ENSG00000203724.11,628,20,1.0393826953009175
ENSG00000151414.15,5454,3083,18.44860452472308
ENSG00000081237.21,15436,53,0.1120588676807325
ENSG00000116833.14,7543,16,0.06922787566209478
ENSG00000162702.8,4895,449,2.9936344980530163
ENSG00000118197.14,4410,1181,8.74010073535647
ENSG00000118200.15,8442,449,1.7358257365517076
ENSG00000116852.15,12164,16,0.042928795307397315
ENSG00000234132.2,854,20,0.7643235745304171
ENSG00000081248.12,7266,14396,64.66236347931915
ENSG00000232237.5,2036,14,0.22441681377911754
ENSG00000116857.17,3919,382,3.1812165229893963
ENSG00000163395.17,12117,25732,69.30803162384852
ENSG00000229821.1,771,113,4.783317353393924
ENSG00000081277.13,6211,233,1.2243329053873082
ENSG00000159173.20,7488,55040,239.89307952056387
ENSG00000174307.7,3243,203,2.0429334493947295
ENSG00000159176.14,10318,654,2.0686516066700444
ENSG00000224536.2,1516,13,0.27986544605661906
ENSG00000134369.16,22808,455,0.6510724556192655
ENSG00000198700.10,11904,964,2.6429518173454847
ENSG00000198892.7,1911,5918,101.06933397741079
ENSG00000223774.5,671,24,1.1673305501919096
ENSG00000163431.14,3927,2434,20.22855230032605
ENSG00000134375.11,3504,1311,12.210788928407643
ENSG00000176393.11,3455,211,1.9931479332696667
ENSG00000234678.2,5569,22,0.1289289936997439
ENSG00000143862.8,1975,566,9.353075956438493
ENSG00000077152.12,1930,149,2.519614444681281
ENSG00000077157.23,21118,15014,23.203246619925487
ENSG00000236439.4,254,15,1.927359249947764
ENSG00000143858.12,7811,19,0.0793874940489729
ENSG00000117139.18,24899,286,0.3748773989670412
ENSG00000228288.9,1624,15,0.3014465821962636
ENSG00000183155.5,3119,111,1.1614826695100409
ENSG00000117153.16,3508,329,3.0608457446053756
ENSG00000159346.13,3113,2558,26.818010069323496
ENSG00000159348.13,4495,5919,42.9757806112268
ENSG00000163444.12,4038,263,2.1256637380718266
ENSG00000143847.16,9718,906,3.04268107316306
ENSG00000122180.5,1507,775,16.783926934404665
ENSG00000163485.18,4191,11,0.08566041110878951
ENSG00000133055.10,1818,48,0.8616928483814866
ENSG00000159388.6,2757,3232,38.25953752487288
ENSG00000122176.12,3034,159,1.7103566396042715
ENSG00000188783.6,5769,187,1.0579038499337714
ENSG00000058668.16,9502,1842,6.326736248891885
ENSG00000058673.17,12829,10,0.025439719878750332
ENSG00000182004.13,2080,180,2.824322593192685
ENSG00000143842.15,7420,609,2.678665704738723
ENSG00000143850.16,9656,87,0.2940540230968357
ENSG00000158615.10,9335,745,2.604636249724088
ENSG00000133056.14,10169,1104,3.5432023563992017
ENSG00000198625.14,11008,1253,3.714905581436988
ENSG00000170382.12,5686,53,0.304210461048151
ENSG00000240219.1,2219,15,0.22061705700168188
ENSG00000163531.17,21271,334,0.5124643860297071
ENSG00000174529.7,1332,45,1.102588399744892
ENSG00000117222.14,4404,364,2.6974860250252872
ENSG00000133059.18,8010,534,2.1757744421632537
ENSG00000133069.17,5822,212,1.188416820006724
ENSG00000163545.11,3391,10,0.09624481460468537
ENSG00000117266.16,6830,97,0.4635068540772378
ENSG00000174514.13,5790,13,0.07327737758580907
ENSG00000158711.14,12191,1108,2.9662350281972993
ENSG00000158715.6,3752,80,0.6958766872590364
ENSG00000069275.13,6449,7186,36.36637108400948
ENSG00000117280.13,3904,110,0.9195768006069079
ENSG00000133065.11,6378,2822,14.440346838628178
ENSG00000286619.1,6230,156,0.81722507137432
ENSG00000162877.13,2611,10,0.12499661674626121
ENSG00000174502.19,5628,27,0.15657225463328317
ENSG00000276600.5,3686,24,0.21250103070503837
ENSG00000266028.8,15609,216,0.45163105853090796
ENSG00000266094.8,6975,72,0.33689410717366514
ENSG00000143486.16,8066,1273,5.1508074600926514
ENSG00000143479.18,10297,61,0.19334112989991037
ENSG00000162889.11,4232,3066,23.644580953470705
ENSG00000224114.1,433,16,1.2059719771805564
ENSG00000162894.12,3417,23,0.21967871891902913
ENSG00000123836.15,10176,1298,4.162964660860706
ENSG00000180667.11,6652,173,0.8487875341872585
ENSG00000196352.18,10254,1305,4.153577599507089
ENSG00000117335.21,15505,1729,3.639387949532666
ENSG00000203709.14,9637,751,2.543332893117054
ENSG00000289071.2,644,12,0.6081357136481144
ENSG00000174059.17,9219,1549,5.483687944859877
ENSG00000284237.1,7440,30,0.13159926061471292
ENSG00000076356.7,13845,464,1.0937804346302815
ENSG00000196878.15,4647,106,0.7444547800816814
ENSG00000227591.6,521,37,2.3177635612295697
ENSG00000123689.6,876,3799,141.53710797565412
ENSG00000009790.15,7750,13,0.054745292415720584
ENSG00000117597.18,10411,185,0.5799417997313446
ENSG00000082497.12,5470,34,0.20286013994575128
ENSG00000117625.14,9092,2828,10.151380536357811
ENSG00000082512.15,9022,130,0.47026825118802307
ENSG00000153363.15,6942,115,0.5406526811771265
ENSG00000170385.10,5893,118,0.653507680744775
ENSG00000123684.13,8790,864,3.207967778206572
ENSG00000143493.13,5326,170,1.0417245263830825
ENSG00000220749.4,483,39,2.635254759141829
ENSG00000226251.8,2749,11,0.13059395524079187
ENSG00000066027.12,3942,1089,9.016051626772388
ENSG00000065600.13,2917,21,0.23495678754934005
ENSG00000117691.10,1264,530,13.684657290504642
ENSG00000260805.3,1930,20,0.3382032811652726
ENSG00000162772.18,3998,284,2.318358960384057
ENSG00000123685.9,2569,10,0.12704015816445624
ENSG00000117697.15,13867,560,1.3179855278121677
ENSG00000203705.11,3992,693,5.665625081735226
ENSG00000198468.11,4283,16,0.12192058513172563
ENSG00000162769.13,6422,72,0.3659041416282022
ENSG00000143494.16,9086,17,0.06106344736425597
ENSG00000174606.14,7317,506,2.256953398389927
ENSG00000136643.12,6191,530,2.793960073525742
ENSG00000117707.17,8899,292,1.0708947136391787
ENSG00000143499.14,4889,1192,7.957219682118833
ENSG00000152104.12,18752,2039,3.548744737284723
ENSG00000136636.13,5017,731,4.755305313597783
ENSG00000196482.18,10932,352,1.0508680071919119
ENSG00000092978.11,8841,91,0.335927170405253
ENSG00000067533.6,7877,757,3.136462966962517
ENSG00000232480.3,1847,10,0.17670068561152574
ENSG00000092969.12,6050,170,0.9170619549613716
ENSG00000228063.4,6275,33,0.1716347966327985
ENSG00000143353.12,2941,450,4.99370196688268
ENSG00000277007.1,2614,14,0.17479442725871588
ENSG00000215817.9,4727,68,0.46949226380506004
ENSG00000136628.18,5323,3116,19.10495912581448
ENSG00000162813.18,3113,182,1.9080835936735248
ENSG00000067704.10,4135,2861,22.581223744966394
ENSG00000118873.17,21916,1022,1.5219301970415533
ENSG00000218283.2,967,990,33.41287535276558
ENSG00000116141.17,15255,153,0.3273288983785426
ENSG00000162817.7,2891,300,3.3867122067570534
ENSG00000117791.16,2597,642,8.068043079719729
ENSG00000186205.14,14186,161,0.37040006187961777
ENSG00000238078.1,962,11,0.373183766067502
ENSG00000136630.13,5629,25,0.1449485549495861
ENSG00000143507.18,2827,581,6.707419265459058
ENSG00000143498.18,2891,27,0.3048040986081348
ENSG00000154305.18,10155,1086,3.490237879157007
ENSG00000272750.1,2646,11,0.13567754457934122
ENSG00000186063.13,4232,400,3.0847463735773917
ENSG00000162819.12,4980,838,5.491864405219296
ENSG00000289880.1,90,10,3.6262907369387567
ENSG00000154309.9,13030,235,0.588611274645086
ENSG00000187554.14,7733,47,0.19836040110243036
ENSG00000143502.16,5336,19,0.11620984183218279
ENSG00000162909.18,8585,2288,8.698028987191947
ENSG00000143514.18,5979,456,2.4890946955003606
ENSG00000288999.2,638,17,0.8696277159116452
ENSG00000291068.1,4195,230,1.7893734983225804
ENSG00000290989.1,4287,210,1.5987146006098087
ENSG00000143756.12,6020,889,4.819593386419766
ENSG00000143753.14,2446,315,4.202998462478076
ENSG00000143748.18,4615,132,0.933485026106878
ENSG00000143771.12,5090,366,2.346758681233058
ENSG00000162923.18,12649,3878,10.005913455659458
ENSG00000143786.8,6367,14,0.0717626249182163
ENSG00000143815.15,5710,370,2.1148070322252295
ENSG00000154380.19,15205,1424,3.056530225886689
ENSG00000227496.3,3547,132,1.2145569200685769
ENSG00000143742.14,2220,3615,53.144760867703795
ENSG00000143819.13,2476,1201,15.830604432783124
ENSG00000242861.1,348,30,2.813501433831794
ENSG00000196187.12,10350,474,1.4946624428773656
ENSG00000143811.20,3602,358,3.2437281383722025
ENSG00000143751.10,3987,335,2.7422288868498494
ENSG00000272562.2,1542,10,0.21165121032716477
ENSG00000163041.13,3826,1270,10.8333777112415
ENSG00000225518.3,1613,45,0.9105069736269041
ENSG00000182827.9,3589,791,7.192968446995543
ENSG00000183814.16,4442,115,0.8449371708085576
ENSG00000143799.14,18399,2968,5.26471428692364
ENSG00000287627.1,605,28,1.510454984642259
ENSG00000203685.11,7834,155,0.6457334156279761
ENSG00000143772.11,7072,478,2.205925162657032
ENSG00000143801.18,16397,44,0.08757767468608572
ENSG00000288674.1,9620,13,0.04410353598979568
ENSG00000163050.18,4736,92,0.633988329853313
ENSG00000143776.20,14233,1118,2.563601306476341
ENSG00000181450.18,8915,85,0.31117357417365665
ENSG00000143740.15,10190,426,1.3643963381180757
ENSG00000081692.13,4315,36,0.2722869522058301
ENSG00000143816.8,4005,66,0.5378318845796807
ENSG00000143761.17,3232,3283,33.1516127488643
ENSG00000143793.13,4308,73,0.5530345901041697
ENSG00000162910.19,1886,193,3.3398022322707424
ENSG00000143774.18,4725,613,4.234126136654205
ENSG00000181873.13,10230,514,1.6398065443869683
ENSG00000154358.23,39568,40992,33.81116531028461
ENSG00000269934.3,10019,296,0.9642118498058535
ENSG00000270110.2,1130,50,1.4440980810818056
ENSG00000287315.1,4828,187,1.2640943061863972
ENSG00000154370.16,8488,15,0.05767545352105704
ENSG00000168159.15,7097,1322,6.079414849668497
ENSG00000234975.6,412,70,5.545056223959749
ENSG00000116574.6,3965,539,4.436604379543482
ENSG00000177788.7,8197,213,0.8480662855571058
ENSG00000168118.12,3310,1227,12.098226165563348
ENSG00000154429.11,6257,153,0.7980505585367856
ENSG00000288862.1,977,34,1.1357676207812277
ENSG00000252051.1,268,11,1.339562622973645
ENSG00000143632.15,2381,587246,8049.442490944575
ENSG00000069248.12,6081,686,3.681749549393172
ENSG00000135776.5,4268,626,4.786907687889633
ENSG00000135801.11,6464,321,1.6207230722487727
ENSG00000135763.10,5989,159,0.8664588486490834
ENSG00000143641.10,7712,1092,4.6212636621672845
ENSG00000177614.11,11257,22,0.06378302975161
ENSG00000135775.14,10946,429,1.2791073026969249
ENSG00000135744.9,12703,402,1.0328205846055594
ENSG00000119280.17,5161,514,3.250381892865469
ENSG00000143643.13,4212,295,2.285802921788319
ENSG00000173409.14,2125,362,5.559743633386573
ENSG00000182118.8,2402,89,1.2092668111107177
ENSG00000143633.13,5413,100,0.6029302906419509
ENSG00000116906.13,3261,2114,21.157254695184537
ENSG00000116903.7,5100,470,3.0076881994609685
ENSG00000010072.16,5906,214,1.1825661969766414
ENSG00000135766.9,5381,372,2.2562388751665035
ENSG00000233461.6,4472,17,0.12406585034696548
ENSG00000116918.15,6353,792,4.068660534062562
ENSG00000162946.24,12929,32,0.08077745627955463
ENSG00000116991.12,8552,402,1.5341346920304515
ENSG00000212916.6,4514,74,0.5350265021712919
ENSG00000135778.12,15854,1253,2.579391991955239
ENSG00000135749.20,13827,16,0.037765666169030224
ENSG00000231663.3,858,69,2.624623015896233
ENSG00000168275.16,2288,471,6.718464350473509
ENSG00000059588.10,7819,813,3.39347350328442
ENSG00000231768.2,3244,16,0.16096974911195464
ENSG00000168264.11,5377,1210,7.3443009345849095
ENSG00000173726.11,3438,2530,24.01705645145302
ENSG00000188739.15,2939,12,0.13325600530431633
ENSG00000054267.22,11073,805,2.372661102602844
ENSG00000152904.11,3809,386,3.307359942274938
ENSG00000285053.1,5184,10,0.06295643640518674
ENSG00000284770.2,12444,34,0.0891710836952153
ENSG00000162885.14,10364,1235,3.889060357108672
ENSG00000143669.16,28005,243,0.2831886392317465
ENSG00000116962.15,5811,527,2.959817065100761
ENSG00000235371.1,2310,14,0.19779767656029582
ENSG00000077585.14,2307,29,0.41025655931556804
ENSG00000086619.15,15361,229,0.48654288189771344
ENSG00000116977.19,9462,280,0.9657844702056295
ENSG00000119285.11,9061,249,0.8968676240458837
ENSG00000077522.15,17931,104869,190.87442694932093
ENSG00000116984.15,19254,2206,3.7392944993862085
ENSG00000180875.5,4176,48,0.3751335245109058
ENSG00000091483.8,9350,3262,11.386165075406204
ENSG00000054277.14,3724,18,0.1577494896305259
ENSG00000203668.3,7778,211,0.8853594895148751
ENSG00000143702.16,10939,45,0.13425795305422764
ENSG00000054282.16,5321,17,0.10427034067875018
ENSG00000117020.19,16643,19,0.0372586502443386
ENSG00000179456.12,4212,2999,23.23770495743447
ENSG00000035687.10,3441,197,1.8684723849440323
ENSG00000179397.18,4431,32,0.23569662203528813
ENSG00000121644.19,4936,1141,7.544242215888186
ENSG00000203667.10,4570,50,0.35707458022372873
ENSG00000153187.21,22512,4791,6.945719184704257
ENSG00000272195.1,1739,32,0.6005587879461539
ENSG00000203666.13,8628,668,2.5268034203147662
ENSG00000185420.19,5866,140,0.7789168647362483
ENSG00000162851.8,1784,298,5.451632150487525
ENSG00000162852.14,5933,1272,6.997096975640466
ENSG00000143653.10,2141,1123,17.118599008986457
ENSG00000260855.1,3472,46,0.4323975705911996
ENSG00000153207.16,9579,1029,3.5059065157939053
ENSG00000277462.2,4197,45,0.34992798390759977
ENSG00000188295.15,1980,34,0.5604267502541714
ENSG00000221953.5,2258,13,0.18789903287060872
ENSG00000196418.13,5433,38,0.22827009608559812
ENSG00000259865.1,1246,35,0.9167588941699103
ENSG00000290124.1,150,12,2.6109293305959045
ENSG00000227671.5,1465,116,2.5841962657775164
ENSG00000290683.1,878,32,1.1894894444628266
ENSG00000162714.13,10552,673,2.0815431191848037
ENSG00000289234.2,11140,127,0.3720691483232494
ENSG00000175137.11,5724,611,3.4837478620590883
ENSG00000171161.13,3741,939,8.191869291063734
ENSG00000171163.16,3929,306,2.5418184498674816
ENSG00000185220.12,3651,29,0.25923360239414284
ENSG00000035115.22,11132,328,0.9616250678623076
ENSG00000143727.16,4160,1411,11.069775497207996
ENSG00000151353.15,8469,310,1.1946335052614394
ENSG00000115705.22,8453,65,0.25096179830937804
ENSG00000130508.11,11266,504,1.4600439182277827
ENSG00000290112.1,293,12,1.3366532409194052
ENSG00000032389.13,5723,140,0.7983795786375735
ENSG00000171853.16,9193,189,0.6709801526740807
ENSG00000182551.14,5350,363,2.2144096892670877
ENSG00000171865.10,5945,575,3.1566113647868903
ENSG00000234171.5,4432,160,1.1782172069476102
ENSG00000287126.1,3700,55,0.4851388958877525
ENSG00000171863.15,5529,3504,20.6834336552904
ENSG00000225964.6,2749,16,0.18995484398660636
ENSG00000134326.12,4390,83,0.6170476493150914
ENSG00000134321.13,5659,150,0.8650808437652096
ENSG00000228203.8,5898,37,0.2047397109868779
ENSG00000151692.15,6450,618,3.127043268039281
ENSG00000235092.7,7540,20,0.0865692748871321
ENSG00000115738.10,2213,205,3.023274473408046
ENSG00000134313.17,28513,1578,1.806214044330804
ENSG00000143797.12,8694,39,0.14640304217454606
ENSG00000151693.11,7257,70,0.3148082078367668
ENSG00000119185.13,6659,736,3.607230791632726
ENSG00000119203.14,3686,274,2.426053433882521
ENSG00000134330.19,5901,451,2.494342332017355
ENSG00000151694.15,15964,357,0.7298466636046244
ENSG00000134308.14,2701,756,9.134869372133025
ENSG00000115750.17,3975,53,0.43515488843265077
ENSG00000134317.18,7952,19,0.0779798435634466
ENSG00000260077.1,1572,105,2.179926683465092
ENSG00000172059.11,4594,431,3.061902866474844
ENSG00000205795.5,3154,17,0.17591074278745392
ENSG00000115756.13,6237,119,0.6226963891713015
ENSG00000115758.14,3307,1695,16.727869728455012
ENSG00000257135.8,4731,19,0.13107074952790687
ENSG00000115761.17,21331,284,0.4345224848162515
ENSG00000243819.4,1756,10,0.18585772569731665
ENSG00000143870.13,4096,530,4.222999710741667
ENSG00000271952.3,1246,25,0.6548277815499359
ENSG00000162976.13,2271,87,1.2502798974121736
ENSG00000134318.16,11657,3122,8.740800988805454
ENSG00000230154.1,917,11,0.3914970370304655
ENSG00000169016.17,4067,483,3.8759493074681024
ENSG00000196208.14,12432,155,0.40690762371537686
ENSG00000134324.12,11861,5395,14.8448315261834
ENSG00000230790.2,561,14,0.8144610211306296
ENSG00000071575.12,4567,304,2.1724395568785715
ENSG00000162981.14,8365,45,0.1755705616808364
ENSG00000151779.14,21043,1311,2.0332939412222775
ENSG00000079785.16,10125,3394,10.940116232151235
ENSG00000134323.13,2755,10,0.11846321826660183
ENSG00000197872.11,5448,406,2.432170769598791
ENSG00000163029.16,9824,568,1.88697050562204
ENSG00000178295.15,11832,208,0.5737336257225618
ENSG00000170745.12,3128,1287,13.428173147685937
ENSG00000240857.2,1586,256,5.2679532521481045
ENSG00000236204.7,3782,13,0.1121829762617225
ENSG00000143867.7,5279,11,0.06800583120987627
ENSG00000183891.6,1995,113,1.8485903155221628
ENSG00000118965.16,7807,127,0.530914603858204
ENSG00000068697.7,1546,2032,42.89625161522379
ENSG00000055917.17,6979,1325,6.196233993121459
ENSG00000143878.10,2367,2295,31.64386783754542
ENSG00000279307.2,510,11,0.7039270254057586
ENSG00000118960.13,14625,180,0.40168143547629304
ENSG00000118961.15,4433,26,0.19141710634867334
ENSG00000084674.15,14828,15,0.03301519082052415
ENSG00000232451.2,1765,12,0.22189201109880208
ENSG00000119771.15,11109,136,0.3995481017205003
ENSG00000224361.1,584,50,2.7942308760658228
ENSG00000119778.15,10501,170,0.5283520452829538
ENSG00000173960.14,6838,863,4.118952932700105
ENSG00000163026.12,3870,268,2.2601067848827596
ENSG00000115128.7,1125,533,15.462503702306858
ENSG00000219626.9,4927,89,0.5895390461311029
ENSG00000115129.14,2312,23,0.3246722242847416
ENSG00000176732.7,1605,10,0.20334340580964988
ENSG00000198399.16,11841,596,1.6427179725478835
ENSG00000084676.16,8982,2147,7.801248709626765
ENSG00000184924.6,1932,193,3.260283131502391
ENSG00000138092.11,5518,71,0.4199347192649267
ENSG00000138031.15,6456,91,0.4600266594722493
ENSG00000115137.12,5624,344,1.9962653132223311
ENSG00000224165.8,6014,10,0.054267736335964094
ENSG00000084710.14,10643,447,1.3707194996433913
ENSG00000115138.11,1538,44,0.9336873418906031
ENSG00000119772.19,13781,1253,2.9673957361917385
ENSG00000138101.20,7146,21,0.0959094527401938
ENSG00000143970.18,13238,896,2.208974807574719
ENSG00000084731.15,6401,93,0.4741767453238149
ENSG00000084733.11,3654,8904,79.52830719631204
ENSG00000157833.13,5942,85,0.4668650982427042
ENSG00000084754.12,4331,9401,70.84203023820162
ENSG00000138029.14,4277,13075,99.7717471286575
ENSG00000138018.19,8489,394,1.51476345307867
ENSG00000213699.9,3902,231,1.932101087159322
ENSG00000084764.12,3628,1535,13.808491326022304
ENSG00000119777.20,4909,435,2.892020418642337
ENSG00000084693.16,5283,247,1.5258838364972278
ENSG00000272148.1,480,22,1.495844928987237
ENSG00000228474.6,600,766,41.66608056742631
ENSG00000138080.14,3905,98,0.8190495339257319
ENSG00000138030.14,3025,27,0.29130203275243566
ENSG00000138028.17,4052,72,0.5799201375953392
ENSG00000143994.14,4630,160,1.1278312443178853
ENSG00000138073.14,3212,1289,13.09732217908671
ENSG00000138074.15,5588,276,1.611973190865403
ENSG00000138085.18,2005,1364,22.202665878633503
ENSG00000084774.14,8443,201,0.7769702644939253
ENSG00000138100.14,2727,6894,82.50709023252736
ENSG00000163794.6,795,24,0.9852563511682657
ENSG00000115204.15,5625,207,1.201027492074116
ENSG00000115207.15,5702,301,1.7228378825617487
ENSG00000234072.1,3412,37,0.35391407250897006
ENSG00000115211.17,5193,450,2.8281296908534492
ENSG00000115234.11,3767,528,4.574497898044324
ENSG00000163795.14,2370,51,0.7023069401919364
ENSG00000115241.11,3995,1017,8.308245085156555
ENSG00000115216.14,5329,1942,11.893471476865374
ENSG00000157992.12,1403,15,0.34893032750301645
ENSG00000138002.16,15968,552,1.1282197132459757
ENSG00000115226.10,1937,17,0.28643390952588005
ENSG00000243943.10,4400,218,1.6169960058804183
ENSG00000176714.10,2845,92,1.0553844394324394
ENSG00000198522.14,3749,331,2.881493759760084
ENSG00000119760.16,5312,929,5.707721545848068
ENSG00000163798.14,8977,691,2.5121869324966166
ENSG00000205334.4,3262,32,0.3201630080436425
ENSG00000243147.8,1532,1418,30.20804333212298
ENSG00000171174.15,3153,52,0.5382505756065138
ENSG00000158019.21,3392,610,5.869202873170334
ENSG00000075426.12,7162,1130,5.149312593502813
ENSG00000270210.1,775,18,0.7580117411407464
ENSG00000163803.13,8603,26,0.09863443362125641
ENSG00000226833.7,6440,164,0.831118808652423
ENSG00000213639.11,7394,17272,76.23744150333457
ENSG00000171103.11,2064,146,2.3085978819464756
ENSG00000163811.12,4103,637,5.066908309741626
ENSG00000189350.13,10673,152,0.4647958144975376
ENSG00000115295.21,23405,2007,2.7986195078540805
ENSG00000119801.13,3421,935,8.919975606939385
ENSG00000213626.13,4532,242,1.7427319561016354
ENSG00000172954.14,7517,210,0.9117586128527669
ENSG00000013016.16,4825,115,0.7778675466801269
ENSG00000277893.2,4519,11,0.07944297033789265
ENSG00000162959.14,5220,164,1.025364966996476
ENSG00000162961.14,2725,345,4.131975316768748
ENSG00000271228.1,308,18,1.907334738259995
ENSG00000288937.2,1104,22,0.6503673604292335
ENSG00000021574.14,9488,417,1.434387556464076
ENSG00000152683.14,5410,362,2.1838179706000864
ENSG00000289727.1,5808,20,0.11238504350016808
ENSG00000119820.11,12239,1497,3.991912337509262
ENSG00000115760.16,18535,1242,2.1869262399515197
ENSG00000276334.1,1621,28,0.5637416814981904
ENSG00000018699.13,3443,239,2.265510129292845
ENSG00000049323.16,7348,392,1.7410933206205677
ENSG00000152689.18,10749,946,2.8722894533720877
ENSG00000119812.20,17840,1862,3.406355390673749
ENSG00000286415.1,2407,29,0.39321224858372056
ENSG00000150938.10,7270,1466,6.581193945415399
ENSG00000171055.15,8938,2084,7.609611665028341
ENSG00000205221.13,3712,133,1.1693615334363392
ENSG00000115808.13,14351,797,1.812513654523148
ENSG00000008869.12,8238,331,1.3113280050182758
ENSG00000152133.17,3973,172,1.412911668960784
ENSG00000055332.19,11036,823,2.4338469996833427
ENSG00000218739.10,4700,1463,10.159014921972894
ENSG00000115816.15,3512,726,6.746635442812595
ENSG00000272054.1,3803,50,0.4290904106290929
ENSG00000003509.16,3651,718,6.418266431689467
ENSG00000115825.11,10269,580,1.8433379732028736
ENSG00000115828.17,2676,15,0.18294067619085655
ENSG00000163171.8,9964,793,2.5974344630200625
ENSG00000115841.21,6031,83,0.4491525751108027
ENSG00000138061.12,6024,52,0.2817237823518157
ENSG00000119787.14,5810,1591,8.937152678524278
ENSG00000288994.1,704,17,0.7881001175449286
ENSG00000231367.6,5386,44,0.26661922239653685
ENSG00000213553.4,954,938,32.08925199291088
ENSG00000143889.16,5932,457,2.5143179030730116
ENSG00000143891.17,2616,278,3.468264305741884
ENSG00000115875.19,4045,1005,8.108726752932276
ENSG00000152147.11,4363,86,0.6433071350883789
ENSG00000163214.21,7985,413,1.6880303906326055
ENSG00000188010.16,1350,100,2.417527157959171
ENSG00000115904.15,22984,1634,2.3202328392543223
ENSG00000011566.15,6056,1182,6.36996051181547
ENSG00000231312.8,12609,90,0.23295229573482376
ENSG00000289003.1,1275,14,0.3583628492974771
ENSG00000152154.12,2472,30,0.39607544456855354
ENSG00000138050.15,3823,216,1.8439731081896267
ENSG00000183023.19,22286,50,0.0732222395953711
ENSG00000236090.2,1008,22,0.7123071090415414
ENSG00000162878.13,3913,1243,10.367317780253991
ENSG00000143924.19,8354,218,0.8516617699154705
ENSG00000115944.15,5605,562,3.2723958157780957
ENSG00000057935.14,10580,257,0.7927798180093897
ENSG00000162882.15,2726,29,0.3471980492813703
ENSG00000230587.5,3472,21,0.1973988909220694
ENSG00000287387.1,2633,23,0.2850900807240116
ENSG00000152518.8,3693,304,2.686577702752352
ENSG00000115970.19,14197,238,0.5471236710940914
ENSG00000152527.14,9848,95,0.31483332454129126
ENSG00000223658.8,1279,10,0.2551729212857608
ENSG00000138036.18,4618,137,0.9682149152545445
ENSG00000138095.20,34689,8223,7.73648414680811
ENSG00000138032.21,7105,1650,7.579228352363199
ENSG00000289272.1,1008,64,2.0721661353935747
ENSG00000138078.16,8156,1268,5.0739614872419185
ENSG00000143919.16,3994,68,0.5556559667016823
ENSG00000170577.8,2206,181,2.6778003673949384
ENSG00000068784.13,5045,103,0.6663174456178844
ENSG00000171132.14,9978,187,0.6116503618228029
ENSG00000116016.14,7291,3993,17.87381843551887
ENSG00000250565.7,5303,120,0.7385242307927318
ENSG00000119729.12,6424,6288,31.94567954309435
ENSG00000250116.2,1519,11,0.23634152926723956
ENSG00000151665.13,4914,104,0.6907220451311917
ENSG00000119878.6,6931,525,2.4721142305635007
ENSG00000222005.9,3360,10,0.09713278759657383
ENSG00000171150.9,7490,556,2.4226914349321143
ENSG00000239332.7,4240,21,0.1616436201135436
ENSG00000228925.1,1835,10,0.17785622143023874
ENSG00000180398.13,5942,2996,16.455621580413435
ENSG00000068724.18,13446,83,0.2014605964965976
ENSG00000143933.20,7113,2141,9.823561958396303
ENSG00000236824.2,200,32,5.221858661191809
ENSG00000095002.15,13674,242,0.5775969888147295
ENSG00000230979.3,531,43,2.642889859124856
ENSG00000116062.19,17722,505,0.9300017717744411
ENSG00000138081.22,12759,698,1.7854344705266296
ENSG00000233230.3,1587,16,0.3290396131815885
ENSG00000230773.9,8057,12,0.04860858875380236
ENSG00000170802.17,5482,392,2.333738365545409
ENSG00000162869.16,3998,172,1.4040765534720345
ENSG00000243244.7,7709,104,0.44029162404652694
ENSG00000115239.24,6735,92,0.44581569861696957
ENSG00000143942.5,1309,57,1.4211513736054866
ENSG00000068912.15,16419,695,1.381475641607401
ENSG00000119737.6,2094,13,0.20261509848225145
ENSG00000068878.15,10392,3722,11.689134632984457
ENSG00000170634.13,4964,1565,10.289344284807086
ENSG00000178021.11,3052,21,0.224563875911345
ENSG00000115306.17,18451,5372,9.502135632188768
ENSG00000238018.2,1236,81,2.138807400670189
ENSG00000214595.13,16317,50,0.10000801811745053
ENSG00000115310.19,6644,17830,87.58441820538263
ENSG00000162994.16,6642,49,0.2407699811788605
ENSG00000227799.1,1434,13,0.29586890949918726
ENSG00000143947.15,2941,2727,30.261833919309044
ENSG00000085760.15,3374,1577,15.254281099398865
ENSG00000293422.1,2204,59,0.8736662347161884
ENSG00000240401.9,5246,37,0.23018582070160232
ENSG00000115355.18,33942,905,0.8701943919735481
ENSG00000163001.12,2705,150,1.8097938982873645
ENSG00000275052.5,8217,945,3.753389645571878
ENSG00000138035.15,5291,1005,6.199168345418834
ENSG00000115380.20,3962,127,1.0461510127009082
ENSG00000233251.8,4369,178,1.3296676037024235
ENSG00000055813.6,4114,48,0.38078697091821656
ENSG00000028116.18,3531,228,2.107377114754553
ENSG00000115392.13,37977,384,0.3300013373057467
ENSG00000233426.3,1086,443,13.313094998319356
ENSG00000115421.13,8479,336,1.29330147287449
ENSG00000162924.16,17129,91,0.1733861937972352
ENSG00000237522.1,1231,24,0.6362947190729256
ENSG00000162927.14,7651,242,1.0322913638808797
ENSG00000162928.9,5910,676,3.733054626655735
ENSG00000162929.14,7992,130,0.5308758961734665
ENSG00000212978.6,3109,23,0.24144167981547848
ENSG00000237651.8,1517,15,0.3227087999253343
ENSG00000293434.1,9083,305,1.0959119313989745
ENSG00000115464.15,18443,1076,1.9040828225622142
ENSG00000273302.1,791,32,1.3203182455605078
ENSG00000270820.8,2681,47,0.5721450882973121
ENSG00000082898.19,23843,1997,2.7335202539529533
ENSG00000289410.2,1275,18,0.460752234811042
ENSG00000170264.13,5258,100,0.6207040059423509
ENSG00000115484.15,2701,1072,12.953148104400267
ENSG00000286360.1,1200,15,0.4079577079056101
ENSG00000173163.11,2203,279,4.13328009099102
ENSG00000170340.11,2859,105,1.1986165604781829
ENSG00000186889.10,2985,31,0.3389397372214114
ENSG00000115504.15,8224,408,1.6191317590028105
ENSG00000143951.16,13600,145,0.34796392733125564
ENSG00000014641.21,4990,12027,78.66144052874986
ENSG00000228305.2,654,17,0.8483524201095256
ENSG00000293170.1,1334,37,0.9052135047980554
ENSG00000289943.1,959,35,1.191117395344847
ENSG00000169764.16,6791,11201,53.83047311147976
ENSG00000143952.20,5447,401,2.402658944301812
ENSG00000197329.12,4091,233,1.8587953251920242
ENSG00000225889.10,9255,14,0.04936927421440122
ENSG00000119862.13,3933,1456,12.082103691036224
ENSG00000119844.17,6514,562,2.8157473975186105
ENSG00000179833.4,6274,539,2.80381516813674
ENSG00000237638.3,6379,24,0.12279021777375317
ENSG00000115902.11,6941,1437,6.756781169979677
ENSG00000011523.15,11832,1605,4.427127256176498
ENSG00000138069.18,3313,1097,10.806630982733576
ENSG00000293332.1,2993,24,0.2617035747339697
ENSG00000172974.11,881,686,25.4128479113052
ENSG00000138071.15,4041,2166,17.493420347905
ENSG00000198369.10,5505,236,1.3991356085845446
ENSG00000143995.20,10942,167,0.4981095757282901
ENSG00000143971.9,7477,229,0.9995700426415375
ENSG00000197223.12,3565,450,4.1196290279388394
ENSG00000243667.7,4066,157,1.2601940017940145
ENSG00000115946.8,2630,187,2.3205503080866645
ENSG00000221823.11,3364,1189,11.535355878710355
ENSG00000119865.9,3548,167,1.5361654390132329
ENSG00000115956.10,3205,18,0.1832945707906641
ENSG00000204923.4,5699,184,1.0537177505475663
ENSG00000169621.11,7124,52,0.23822347906896937
ENSG00000163219.12,5476,83,0.49467479556122185
ENSG00000169604.21,17891,396,0.7223799780028913
ENSG00000198380.13,8851,896,3.303853632660053
ENSG00000169599.13,1834,1423,25.322740167925108
ENSG00000115977.21,24843,665,0.8736203381466995
ENSG00000196975.16,11060,316,0.9324747609271087
ENSG00000289250.1,1033,34,1.0741964816101253
ENSG00000087338.5,4892,284,1.894685021180593
ENSG00000124380.11,1897,1372,23.604342656678842
ENSG00000059728.11,6351,335,1.7215031604267594
ENSG00000179818.17,33645,372,0.3608506876882436
ENSG00000169564.7,1727,789,14.91041721077134
ENSG00000115998.8,3573,112,1.0230341625620674
ENSG00000116001.17,6607,1236,6.1054727043600305
ENSG00000116005.12,5864,5370,29.88721543592259
ENSG00000143977.14,1764,369,6.82704735678776
ENSG00000035141.10,3062,543,5.787616861992065
ENSG00000075340.23,12673,51,0.13133965503471073
ENSG00000152672.8,2474,35,0.4617144632723153
ENSG00000116035.4,2975,12,0.1316434956602977
ENSG00000144043.13,4623,1527,10.780037550886725
ENSG00000124357.13,8897,319,1.170178791249991
ENSG00000124370.11,1624,359,7.214621533897241
ENSG00000288065.1,1143,100,2.8553470369596505
ENSG00000124383.11,4677,720,5.02423860922881
ENSG00000124374.9,6300,3826,19.820269085039545
ENSG00000075292.19,12474,2124,5.557172817646405
ENSG00000289327.2,1390,29,0.6809078290223133
ENSG00000135636.16,8743,4572,17.066751829298404
ENSG00000003137.9,4839,14,0.09442294541316042
ENSG00000144036.16,10197,595,1.9043627435821362
ENSG00000116096.6,1458,311,6.961582834493538
ENSG00000144040.13,10979,218,0.6480355611507278
ENSG00000135631.17,7058,323,1.4935714327402896
ENSG00000135632.12,3364,234,2.270204605229792
ENSG00000135617.4,1404,1000,23.245453441915107
ENSG00000135624.17,3585,3040,27.675122611616285
ENSG00000116127.20,22670,142,0.20442874114723117
ENSG00000144034.16,2004,495,8.061439737056965
ENSG00000144048.11,4342,331,2.487959489944854
ENSG00000124356.17,18050,1274,2.3035484537251953
ENSG00000286244.1,644,11,0.5574577375107715
ENSG00000114956.20,1455,115,2.5795264005028264
ENSG00000187605.16,12943,131,0.33032502347607157
ENSG00000257800.1,1994,21,0.34371562150522816
ENSG00000163170.12,3072,340,3.612125538747589
ENSG00000225439.4,3946,69,0.5706858965126628
ENSG00000114978.18,6440,1072,5.432679041923155
ENSG00000065911.13,11443,464,1.3233758732374594
ENSG00000188687.18,8027,14,0.05692196746658569
ENSG00000204843.13,10439,1687,5.274257329144663
ENSG00000005448.17,2852,12,0.13732096759796134
ENSG00000114993.17,5191,138,0.8676272578073465
ENSG00000239779.7,2367,117,1.6132167917180018
ENSG00000115275.15,3584,255,2.322080703480593
ENSG00000135637.14,5786,64,0.36099956178304937
ENSG00000115282.21,4767,297,2.0333700733873075
ENSG00000257702.5,2540,20,0.2569812333263686
ENSG00000115289.14,1744,222,4.154431704359882
ENSG00000115307.17,2455,822,10.927616648420742
ENSG00000115317.13,3405,141,1.3514722305947966
ENSG00000115318.12,4519,18,0.1299975878256425
ENSG00000115325.14,2800,21,0.24477462474336606
ENSG00000135622.13,6227,40,0.20964584315046608
ENSG00000159399.10,5918,850,4.6875843422746675
ENSG00000204792.2,4176,29,0.22664317105867224
ENSG00000115350.12,2000,195,3.1820701216637586
ENSG00000115363.14,2745,19,0.22590007869454545
ENSG00000115364.14,8947,1163,4.242358907291602
ENSG00000005436.14,5462,729,4.35593070762636
ENSG00000271452.1,466,28,1.9609984242673102
ENSG00000176204.14,5444,24,0.14387927979036946
ENSG00000163541.12,4162,3293,25.822291823799596
ENSG00000186854.11,8771,11,0.0409306559066169
ENSG00000034510.6,461,534,37.804670893118576
ENSG00000290085.1,949,19,0.6534201433261616
ENSG00000176407.18,7968,2888,11.829135144893593
ENSG00000152284.5,4431,186,1.3699866155801124
ENSG00000152291.15,6900,1679,7.941576713895876
ENSG00000042445.14,4049,1034,8.334468164473218
ENSG00000115459.18,7259,362,1.6275596116471232
ENSG00000042493.16,2419,23,0.310310947724813
ENSG00000286532.2,1322,39,0.9628048779618028
ENSG00000168906.13,4485,5476,39.84796269326414
ENSG00000115486.13,13307,466,1.1429069926144995
ENSG00000118640.11,895,99,3.6100838509636106
ENSG00000168899.5,790,636,26.274541997768914
ENSG00000168894.10,1315,370,9.182926352856319
ENSG00000168890.14,3095,596,6.284789503373017
ENSG00000168883.20,3953,1007,8.313957234727031
ENSG00000168887.11,5813,1254,7.0404812071375895
ENSG00000115523.17,3047,19,0.20351024483640542
ENSG00000168874.13,9296,312,1.0953769781975073
ENSG00000115525.18,16300,603,1.207354590758689
ENSG00000068654.17,19694,670,1.110314468555941
ENSG00000132300.19,10123,3548,11.438774652961412
ENSG00000132305.22,3688,6488,57.414958978125775
ENSG00000273080.2,1491,26,0.5691160512700664
ENSG00000132313.15,3825,1847,15.759432920296195
ENSG00000068615.20,6937,927,4.361271964578354
ENSG00000115548.17,13299,790,1.9387117181468199
ENSG00000115561.16,7019,1579,7.34196006021323
ENSG00000239305.7,7594,472,2.0285071175290805
ENSG00000153561.13,6686,3966,19.359381029657786
ENSG00000183281.15,5221,23,0.14377364155263792
ENSG00000204745.4,3795,14,0.12039858573235396
ENSG00000222041.13,17782,12,0.022024485411617688
ENSG00000125551.19,4036,12,0.09703652120648804
ENSG00000172086.9,2028,429,6.9038996722487855
ENSG00000115593.15,4552,18978,136.06715958932637
ENSG00000144115.18,7353,841,3.732815801426553
ENSG00000172071.15,20691,146,0.23029075580385316
ENSG00000153574.9,1813,420,7.560606169679261
ENSG00000211592.8,523,10,0.6240270866625011
ENSG00000291150.1,3893,10,0.0838341038593599
ENSG00000291142.1,7348,39,0.17322101914337282
ENSG00000172005.11,1453,26,0.5840000223287467
ENSG00000144029.14,13738,370,0.8789888014271406
ENSG00000144026.14,12434,305,0.8005604047689309
ENSG00000275111.5,3996,92,0.751393576122445
ENSG00000289370.2,1111,43,1.2631633800137703
ENSG00000233757.7,10554,33,0.10204740845848119
ENSG00000155066.16,6067,28,0.15062226235512882
ENSG00000115041.14,7956,10,0.04102138842690901
ENSG00000115042.10,5678,480,2.7589954180301914
ENSG00000291126.1,5209,15,0.09398142627888886
ENSG00000232931.6,8599,245,0.9298722031573389
ENSG00000174501.15,10048,35,0.11368248229853785
ENSG00000291176.1,2726,19,0.22747458401193227
ENSG00000186281.13,5684,31,0.17799702948731755
ENSG00000274286.2,3696,80,0.7064202734296279
ENSG00000084090.14,4416,5224,38.60817148729904
ENSG00000204685.9,4733,171,1.1791382725858326
ENSG00000135956.9,6372,482,2.468745953678645
ENSG00000144021.3,4828,1255,8.483627562908708
ENSG00000144028.15,11188,2722,7.940370975467076
ENSG00000198885.10,4666,21,0.146885758525809
ENSG00000196843.17,3561,221,2.0254682043727006
ENSG00000114982.19,9022,2518,9.1087342807034
ENSG00000114988.12,2709,249,2.9998219053081407
ENSG00000158158.12,5088,1104,7.081530024021911
ENSG00000289135.2,986,71,2.350101197671263
ENSG00000168763.16,5887,2421,13.421649204545366
ENSG00000163126.15,4103,164,1.3045101456791628
ENSG00000213337.9,5246,1855,11.54039722706682
ENSG00000168758.11,6264,244,1.2712858330647363
ENSG00000144199.12,2662,252,3.089567014040984
ENSG00000135976.21,10670,70,0.21411088699825834
ENSG00000196912.13,6500,14,0.07029425120835127
ENSG00000135940.7,1419,6453,148.41725660971963
ENSG00000115073.8,2853,972,11.119099672884767
ENSG00000228486.11,6503,70,0.35130911337404525
ENSG00000115085.15,5314,22,0.135115838523499
ENSG00000075568.17,13042,2400,6.005818119757486
ENSG00000168658.20,8307,16,0.06286094451898168
ENSG00000040933.16,13556,472,1.136359032938613
ENSG00000183513.9,2756,515,6.098642077543953
ENSG00000115446.12,2230,296,4.332035212199483
ENSG00000071073.13,9636,206,0.6977109823873449
ENSG00000196872.12,4705,58,0.4023217353203041
ENSG00000135951.16,7375,19,0.08408077505308845
ENSG00000144182.17,2279,145,2.0764850424331183
ENSG00000158411.11,4305,166,1.2584618724707324
ENSG00000185414.20,4760,1155,7.919179035814784
ENSG00000185674.10,1270,10,0.2569812333263686
ENSG00000115514.12,2816,196,2.271582691747147
ENSG00000158417.12,7841,5087,21.173634588606948
ENSG00000135945.10,7769,1068,4.486537078575791
ENSG00000273306.1,626,10,0.5213517033937509
ENSG00000144218.21,15701,33,0.06859488878866382
ENSG00000170500.13,15117,770,1.6623797583505708
ENSG00000115526.11,4499,142,1.0300954793971395
ENSG00000115539.14,1532,503,10.715547105823596
ENSG00000170485.17,12504,172,0.448936185283205
ENSG00000071082.11,5277,2970,18.368533522526615
ENSG00000204634.13,6417,2329,11.845204945764886
ENSG00000271532.1,279,25,2.9244280136602874
ENSG00000158435.8,2702,736,8.889914819201453
ENSG00000163162.9,5326,454,2.782017264575997
ENSG00000071054.17,11958,1718,4.688886718058793
ENSG00000115594.12,7123,368,1.686125918958467
ENSG00000115616.3,6175,301,1.5908698957679501
ENSG00000135953.11,5577,82,0.4798641857379957
ENSG00000170417.16,6084,3991,21.409062620003812
ENSG00000135972.9,1829,885,15.791911273765551
ENSG00000135966.14,5706,461,2.636782381275657
ENSG00000272994.2,3575,42,0.38342318840918876
ENSG00000135974.10,4595,603,4.282890060797961
ENSG00000115641.19,6626,772,3.80251555089805
ENSG00000238273.3,2609,36,0.45033277070454464
ENSG00000071051.14,2975,666,7.306214009146522
ENSG00000119147.10,1705,34,0.6508181615854893
ENSG00000115652.15,6980,546,2.552950240876368
ENSG00000153165.19,7439,14,0.06142124383039162
ENSG00000224568.3,2582,23,0.2907212170977237
ENSG00000198203.10,8399,37,0.14377364155263792
ENSG00000198075.10,3830,75,0.6390982369278487
ENSG00000135968.22,19079,764,1.3069015727863562
ENSG00000169756.17,9072,2023,7.277764048439587
ENSG00000228763.1,477,24,1.6420939186137766
ENSG00000153201.17,26842,2544,3.0931954665430954
ENSG00000163006.12,5796,33,0.18581924583692383
ENSG00000259863.1,1604,22,0.4476343927143851
ENSG00000172985.11,5948,331,1.8161936962576588
ENSG00000186522.15,4251,816,6.264756333116496
ENSG00000198142.5,4627,70,0.4937460912624631
ENSG00000282033.1,823,43,1.7051938216224771
ENSG00000015568.13,14185,21,0.048316457474897774
ENSG00000144063.4,2623,21,0.2612920126883053
ENSG00000144061.14,19581,2343,3.9051934410820466
ENSG00000175701.11,2051,2375,37.79227913313794
ENSG00000172965.17,34231,37,0.035276644427583354
ENSG00000153094.25,6742,292,1.4135111327017282
ENSG00000153107.13,13984,483,1.127251561318133
ENSG00000153208.19,4133,36,0.2842773285187895
ENSG00000153214.11,5321,143,0.8770975715918398
ENSG00000144152.13,6580,13,0.06447963772368305
ENSG00000278962.1,2272,11,0.1580117882732997
ENSG00000144161.14,6543,675,3.3669136828523527
ENSG00000286545.1,4045,10,0.08068384828788333
ENSG00000188177.15,11794,1420,3.9294552838797103
ENSG00000169629.12,8609,35,0.13268458382340667
ENSG00000114999.8,15730,2111,4.379904495301934
ENSG00000125630.16,8997,322,1.1680549689505964
ENSG00000125611.16,3759,137,1.1894696671044125
ENSG00000237753.2,3224,165,1.6702983078021254
ENSG00000144136.11,5493,368,2.186469128115995
ENSG00000125637.16,13442,25,0.060698959664575225
ENSG00000189223.15,22105,245,0.36172680728115614
ENSG00000125618.18,7371,16,0.07084328668012221
ENSG00000136682.16,8323,528,2.0704233547918984
ENSG00000225398.3,445,18,1.3201328076046708
ENSG00000291134.1,3540,49,0.4517497782457603
ENSG00000236397.3,1398,93,2.1711053982959507
ENSG00000279267.1,2042,26,0.41554947720062146
ENSG00000293106.1,2128,27,0.4140924102801305
ENSG00000144134.19,6008,61,0.3313637840511613
ENSG00000115084.15,13398,1758,4.282368416169951
ENSG00000115091.12,11946,1167,3.188258129086536
ENSG00000088205.13,7808,612,2.5580954635064894
ENSG00000236255.2,5287,71,0.4382825384724542
ENSG00000125633.11,8065,726,2.9379025015694773
ENSG00000279227.2,1506,13,0.2817237823518157
ENSG00000125629.16,3949,279,2.305802998342167
ENSG00000258910.3,1110,33,0.9702777917755049
ENSG00000163064.7,2856,291,3.325369551835645
ENSG00000115107.20,4562,703,5.029272576197174
ENSG00000186132.15,1554,59,1.239099344475212
ENSG00000155368.18,2496,1733,22.659958583346867
ENSG00000171227.7,2291,12,0.17094692256193178
ENSG00000144120.13,2588,148,1.8663907502327757
ENSG00000088179.9,13276,1279,3.144187456530734
ENSG00000115109.14,9209,407,1.4424044922800159
ENSG00000226479.4,5922,327,1.8021232081747316
ENSG00000144118.14,2865,579,6.5956722618456745
ENSG00000163083.6,3206,53,0.5395323398377376
ENSG00000074047.22,7720,22,0.09300590232044996
ENSG00000115112.8,9367,117,0.40765283932918867
ENSG00000074054.21,11004,2987,8.859103406136368
ENSG00000236859.8,5112,80,0.5107451742167263
ENSG00000155438.12,2435,199,2.667222468113886
ENSG00000211460.12,4395,1253,9.304591727066748
ENSG00000136732.16,3609,1586,14.342386804949795
ENSG00000136717.15,6862,20162,95.89324752891764
ENSG00000163161.14,8412,637,2.4714128381918554
ENSG00000169967.17,11613,833,2.3410231339731213
ENSG00000236682.4,4293,98,0.7450240927043985
ENSG00000163166.15,4167,947,7.417056863673871
ENSG00000231731.7,5510,14,0.08292425278662129
ENSG00000169994.20,8910,95,0.34797739394866856
ENSG00000272789.1,852,22,0.8427295374575984
ENSG00000072163.20,8731,388,1.450350160736472
ENSG00000144230.17,2671,52,0.635381529347562
ENSG00000136709.12,14575,801,1.7936144029222296
ENSG00000144231.11,5222,648,4.049890382578863
ENSG00000144233.12,5413,351,2.1162853201532474
ENSG00000272667.1,630,54,2.7974242827813263
ENSG00000286873.1,1057,14,0.4322730679794545
ENSG00000136715.19,4373,334,2.4927120867225936
ENSG00000136731.13,11349,1387,3.988632238012732
ENSG00000136720.7,4974,562,3.6875308700113045
ENSG00000204460.3,2213,1996,29.436369994743703
ENSG00000286957.1,3037,52,0.5588093726991564
ENSG00000222014.6,3073,12,0.12744529762101714
ENSG00000136699.20,9171,527,1.8754221966307405
ENSG00000152082.15,1519,186,3.9963204039733236
ENSG00000230756.1,621,59,3.100741354773719
ENSG00000213225.8,2235,16,0.23364020855444334
ENSG00000136710.10,4440,109,0.8012142371479548
ENSG00000136718.10,3366,622,6.0308899421815685
ENSG00000072135.13,5732,281,1.599945790948729
ENSG00000152102.18,5435,1987,11.931730864521763
ENSG00000115762.17,6728,858,4.162041776254619
ENSG00000232742.3,579,150,8.455082029131816
ENSG00000173272.16,4068,121,0.9707548211716583
ENSG00000293311.1,5379,99,0.6006739257505915
ENSG00000163040.15,3077,14,0.1484928933553082
ENSG00000152127.9,8765,133,0.4952276111940321
ENSG00000152128.13,6804,10,0.04796680868966609
ENSG00000224043.9,5177,73,0.4602034023891758
ENSG00000153086.14,2716,12,0.14419712797841888
ENSG00000082258.13,9081,783,2.8140591149881526
ENSG00000115839.19,20734,1789,2.8159982229888545
ENSG00000121988.18,9097,96,0.34441191565517043
ENSG00000048991.18,7892,1072,4.43315421059112
ENSG00000144224.17,4998,2983,19.478797001719645
ENSG00000076003.5,4135,277,2.1862981395860506
ENSG00000115866.11,4752,1802,12.37609073477962
ENSG00000121966.8,2902,25,0.2811562425262647
ENSG00000150540.14,4756,76,0.5215270950517471
ENSG00000144228.9,6499,335,1.6822998264148872
ENSG00000168702.18,16355,87,0.17360963907202973
ENSG00000075884.14,6127,17,0.09055369393693974
ENSG00000121964.15,14162,558,1.2859223330678178
ENSG00000169554.23,26151,909,1.1344378616074324
ENSG00000121989.15,6448,299,1.5133914970691986
ENSG00000115947.14,8916,649,2.375635284259676
ENSG00000204406.14,24403,548,0.7328961977864176
ENSG00000135999.12,5816,555,3.1143951566384263
ENSG00000168288.13,2150,2442,37.06912456578604
ENSG00000115963.14,3594,104,0.9444096076167713
ENSG00000184898.7,4701,152,1.0552575469330394
ENSG00000123609.11,3312,76,0.748907869585178
ENSG00000123610.5,1577,14,0.2897353410616888
ENSG00000080345.18,18166,3102,5.572981657704293
ENSG00000183091.21,33502,408393,397.8438832420651
ENSG00000162980.17,6721,1195,5.802820543933391
ENSG00000288066.1,1912,171,2.918860587943905
ENSG00000115145.10,6776,444,2.1385268277460554
ENSG00000157827.20,6574,638,3.1673503820356466
ENSG00000286207.1,4629,13,0.09165608473143974
ENSG00000196504.21,9560,1441,4.919389599096101
ENSG00000177917.12,19294,223,0.377213927077645
ENSG00000162989.5,4907,73,0.4855253748051279
ENSG00000153234.16,4111,266,2.111734377093501
ENSG00000115159.17,7165,1742,7.9348201219435905
ENSG00000230562.3,691,26,1.2280058356637757
ENSG00000115165.10,3384,10,0.09644390257815841
ENSG00000123612.16,9054,20,0.07209325520752995
ENSG00000115170.16,9842,392,1.29989369233082
ENSG00000144283.23,9537,426,1.457816785721211
ENSG00000115183.15,14915,290,0.6345704876574023
ENSG00000213189.5,346,42,3.96167022706026
ENSG00000196151.11,2034,141,2.2624203270281624
ENSG00000123636.19,20247,943,1.5200439316639118
ENSG00000224152.3,3146,216,2.2407848673264277
ENSG00000226266.8,3205,14,0.14256244394829432
ENSG00000136536.15,6288,2052,10.650498939215165
ENSG00000241399.7,4077,37,0.2961871021340706
ENSG00000153246.13,15362,37,0.07860661472468466
ENSG00000115221.12,5785,4095,23.10232413308174
ENSG00000285155.1,2183,506,7.564877698588683
ENSG00000285373.3,870,23,0.8628071063750834
ENSG00000153250.21,11763,737,2.0448173474551363
ENSG00000136560.14,5586,835,4.878549031166265
ENSG00000115233.12,7311,879,3.923893587733894
ENSG00000232320.6,511,27,1.7244396263720505
ENSG00000226121.2,6821,66,0.315791921674479
ENSG00000197635.11,14432,45,0.1017632863400912
ENSG00000078098.15,6968,73,0.3419163338359304
ENSG00000115267.10,5225,118,0.7370566052878392
ENSG00000115271.11,5323,36,0.22072481660119425
ENSG00000182263.14,9942,163,0.5350803169472093
ENSG00000115290.11,2998,64,0.6967122963564788
ENSG00000082438.18,17176,198,0.37622555270289154
ENSG00000169507.10,7384,73,0.3226534417888357
ENSG00000153253.20,11566,48,0.13544506297402237
ENSG00000178662.16,12565,15,0.038961340985812346
ENSG00000115339.14,4589,10,0.07111923432653912
ENSG00000123607.16,33812,890,0.8590615403667171
ENSG00000136546.17,9728,507,1.7009420880603972
ENSG00000163092.22,13337,106605,260.87024938908337
ENSG00000172318.6,5850,414,2.3096682539886846
ENSG00000198648.12,3701,62,0.5467360797654217
ENSG00000172292.15,6851,181,0.862243119321739
ENSG00000163072.16,5248,21,0.13059621746978373
ENSG00000163093.12,4254,123,0.9436539364812421
ENSG00000239474.7,2616,90638,1130.7789213806939
ENSG00000138399.18,5692,818,4.690223542751779
ENSG00000138398.17,10923,1958,5.850269648112676
ENSG00000144362.12,1488,22,0.4825306222539474
ENSG00000213160.10,5513,489,2.8948495434912873
ENSG00000138385.16,5054,732,4.72694961910418
ENSG00000138382.15,2865,458,5.217302065501414
ENSG00000144357.18,10065,8629,27.980264771127747
ENSG00000227176.1,772,17,0.7186819724762042
ENSG00000128692.8,984,90,2.985056399309342
ENSG00000115806.13,4705,972,6.74235735743682
ENSG00000198586.14,9405,472,1.6379035673063091
ENSG00000123600.21,11733,311,0.8650803522280388
ENSG00000115827.14,7657,366,1.560010668339593
ENSG00000233762.3,447,245,17.88807846744957
ENSG00000071967.12,5172,650,4.101662956514255
ENSG00000077380.16,6433,1210,6.138707620902077
ENSG00000115840.14,6126,7707,41.0594848818614
ENSG00000128708.13,6794,1007,4.837367228271408
ENSG00000172878.14,4490,294,2.137007859674821
ENSG00000091409.16,6679,1853,9.054596589298942
ENSG00000225205.5,2447,36,0.4801463828231127
ENSG00000152256.14,14845,417,0.9167712452496566
ENSG00000091428.18,7125,78,0.35728506629207113
ENSG00000091436.17,13804,22826,53.96721321734834
ENSG00000144354.15,4696,127,0.8826342232370099
ENSG00000172845.18,16892,1007,1.9455998667343088
ENSG00000138430.16,6001,2075,11.2849490938729
ENSG00000138433.16,3178,748,7.681620277240941
ENSG00000144306.15,4144,1199,9.442882080672325
ENSG00000163328.14,7769,460,1.932403610622532
ENSG00000226853.5,869,19,0.7135738964517001
ENSG00000115935.19,15561,226,0.4739975168005546
ENSG00000290018.1,487,209,14.00626873959302
ENSG00000235655.3,411,123,9.767162641827746
ENSG00000138435.16,4979,146,0.9570086419637529
ENSG00000128656.15,9402,35,0.12149346757452757
ENSG00000115966.18,5751,676,3.8362637530056327
ENSG00000154518.10,3883,7454,62.65087313372995
ENSG00000144320.14,9081,1311,4.711662196359474
ENSG00000175879.9,2629,56,0.6951884866554329
ENSG00000170166.6,1136,36,1.0342589777888707
ENSG00000224189.8,5120,15,0.09561508779037736
ENSG00000218175.2,345,77,7.284114436807416
ENSG00000128654.14,1717,754,14.33197958116855
ENSG00000170144.22,6541,1493,7.449391321242327
ENSG00000116044.17,14975,1181,2.5738794152201696
ENSG00000213963.7,23674,110,0.15164432835893255
ENSG00000018510.18,15223,727,1.558616586204446
ENSG00000196659.10,3799,16,0.13745350516430138
ENSG00000197557.7,5744,66,0.37500290698844385
ENSG00000128655.19,12528,290,0.7554772368622409
ENSG00000155636.16,4784,75,0.5116526436943271
ENSG00000079156.17,11488,1412,4.011394732330929
ENSG00000223960.9,12410,150,0.3944796530916455
ENSG00000180228.14,12061,958,2.5923123069302676
ENSG00000204311.15,4481,73,0.53168333277589
ENSG00000079150.19,6710,144,0.7003983301151459
ENSG00000116095.11,14205,319,0.732916628352775
ENSG00000237298.11,25511,498,0.6370990977601625
ENSG00000155657.29,118976,601215,164.92085352237183
ENSG00000267784.1,3590,218,1.9818335448116546
ENSG00000163492.16,15497,529,1.11407176863686
ENSG00000187231.14,11405,241,0.6896470502779625
ENSG00000144331.20,5417,150,0.9037276158145322
ENSG00000163510.14,3524,427,3.9545503127286152
ENSG00000226564.1,548,64,3.8115756651035095
ENSG00000170035.16,2974,1450,15.91227105482541
ENSG00000138434.17,9685,2597,8.751398388690712
ENSG00000150722.11,4902,98,0.6524660199877567
ENSG00000115252.19,6632,71,0.3493968306549857
ENSG00000077232.19,25053,819,1.0669137038269099
ENSG00000162998.5,2637,572,7.079311609313886
ENSG00000061676.16,22520,3694,5.3534485719478635
ENSG00000162999.13,5379,176,1.0678647568899404
ENSG00000163002.13,4025,199,1.6135867602129967
ENSG00000188738.16,23585,18,0.024908166181220204
ENSG00000237877.8,4587,15,0.10672536505051933
ENSG00000065548.18,3026,1049,11.313883293932188
ENSG00000138448.13,19336,1186,2.001811508382514
ENSG00000144369.14,5731,61,0.3473797966462009
ENSG00000064989.13,7309,254,1.1341771274650427
ENSG00000003436.16,11714,383,1.0670841873167058
ENSG00000144366.17,12016,366,0.994091352153484
ENSG00000168542.17,6758,2039,9.847005225445859
ENSG00000204262.14,7319,369,1.645431279870694
ENSG00000115368.10,5040,351,2.2729072297598276
ENSG00000233996.1,1239,32,0.8429150381262
ENSG00000138449.11,4218,2197,16.999205012207213
ENSG00000138381.10,2485,740,9.718751029381133
ENSG00000151687.15,5758,116,0.6574934924216849
ENSG00000128694.12,3583,251,2.28629382493571
ENSG00000128699.14,4007,569,4.634448431211223
ENSG00000064933.19,5448,285,1.7073119934375751
ENSG00000187699.10,5997,743,4.0435227877121
ENSG00000204253.4,881,45,1.66702355103314
ENSG00000138379.5,2819,200,2.315474752213466
ENSG00000198130.16,7284,851,3.812981981632885
ENSG00000151689.13,3576,335,3.0574011666304113
ENSG00000151690.15,6031,281,1.5206249832064525
ENSG00000189362.12,6525,29,0.14505162947755024
ENSG00000233654.2,2078,51,0.8009949221630843
ENSG00000138386.17,4887,265,1.7697367316551942
ENSG00000115419.14,9833,827,2.7448878221331396
ENSG00000115415.21,18467,1422,2.5130919397488602
ENSG00000138378.19,4606,12,0.08502809370156006
ENSG00000128641.19,9533,583,1.9959244200899668
ENSG00000173559.15,17426,72,0.13484657394332114
ENSG00000168497.5,3054,761,8.132437870757546
ENSG00000196950.14,6917,89,0.41993044387566053
ENSG00000081320.11,6566,48,0.23858629277452675
ENSG00000138411.13,23675,230,0.31706111195198416
ENSG00000119041.11,7330,746,3.321543793698064
ENSG00000197121.15,12761,145,0.37084158073074813
ENSG00000065413.20,12826,228,0.5801612811631317
ENSG00000115524.17,10421,5357,16.777118827370526
ENSG00000115520.9,2654,157,1.9306513983777176
ENSG00000144381.18,7629,2848,12.183652401260218
ENSG00000115541.11,1823,231,4.1355230071835845
ENSG00000115540.15,4081,960,7.677322216895578
ENSG00000162944.11,5776,57,0.3220718746623238
ENSG00000247626.5,3027,136,1.4663296537869301
ENSG00000152430.19,3973,152,1.2486196144304602
ENSG00000115896.17,8113,1838,7.3938248946679295
ENSG00000119042.18,14762,43,0.0950666925345684
ENSG00000225953.5,6099,49,0.26220597064928536
ENSG00000213938.3,1179,15,0.41522413018382703
ENSG00000226124.10,6017,168,0.9112434093819842
ENSG00000232732.11,6871,10,0.04749907820178839
ENSG00000178074.6,4259,505,3.869803099175075
ENSG00000162971.11,11558,163,0.46026721847111574
ENSG00000162972.11,1616,236,4.766238567610097
ENSG00000196141.14,10453,1250,3.9027810954329865
ENSG00000287299.1,8982,15,0.054503367789660674
ENSG00000155729.13,4909,289,1.921365289626748
ENSG00000163535.18,6336,10,0.0515098116042437
ENSG00000138356.14,5410,65,0.3921220112955956
ENSG00000082153.18,8085,716,2.890268090146363
ENSG00000013441.17,5117,3705,23.630772840184253
ENSG00000240344.10,4391,295,2.1926217049811885
ENSG00000196290.17,1993,294,4.814433161033592
ENSG00000115942.9,5831,486,2.7201844766541106
ENSG00000155744.10,12810,489,1.2458474264845796
ENSG00000119013.10,1852,2403,42.3465387514981
ENSG00000003402.21,22478,4373,6.349315977119789
ENSG00000226312.7,4334,22,0.16566810473324267
ENSG00000003400.16,8920,207,0.7573743994301461
ENSG00000064012.24,7237,36,0.1623487907652559
ENSG00000289698.1,3061,13,0.13860699647887437
ENSG00000155749.13,2635,23,0.2848736935659668
ENSG00000115993.13,7516,1125,4.885071010045889
ENSG00000082146.13,3177,3126,32.11270493957664
ENSG00000155755.20,8080,382,1.5429687566330994
ENSG00000003393.16,33513,1084,1.055652804272208
ENSG00000138395.17,6172,68,0.35957387086949427
ENSG00000273209.1,768,10,0.4249559457350105
ENSG00000155760.3,4587,803,5.713364542371134
ENSG00000116030.17,2153,1729,26.209340528334412
ENSG00000055044.11,3274,449,4.475821890033449
ENSG00000273456.2,1374,21,0.4988129179631913
ENSG00000204217.16,12502,1296,3.3832230967568107
ENSG00000138439.12,6205,48,0.25246697797865314
ENSG00000163596.17,10379,281,0.883600469574922
ENSG00000138442.11,9619,513,1.740574314632107
ENSG00000138380.18,10112,342,1.1038096210737234
ENSG00000144426.19,26515,328,0.4037265795000267
ENSG00000289294.2,2035,20,0.32075298901669586
ENSG00000119004.17,10619,384,1.1801921825840798
ENSG00000138443.17,23275,698,0.9787479445520632
ENSG00000173166.18,11622,32,0.08986161867478591
ENSG00000116117.20,10522,212,0.6575710631133954
ENSG00000118257.17,13896,134,0.314716942195462
ENSG00000114933.16,14373,578,1.3124583881969951
ENSG00000227946.3,1367,51,1.217606033836788
ENSG00000023228.15,12174,17314,46.41616398671091
ENSG00000114942.15,1915,5274,89.88277604153264
ENSG00000204186.11,10901,521,1.5598272879099009
ENSG00000114948.13,6425,436,2.214718264863452
ENSG00000138400.13,2891,22,0.24835889516218393
ENSG00000118246.14,9759,1532,5.12340369719352
ENSG00000229321.2,5548,22,0.12941700899673284
ENSG00000144410.5,1245,18,0.4718546983004646
ENSG00000118263.16,9616,412,1.398324256714737
ENSG00000118260.15,12132,615,1.6544278955618215
ENSG00000144401.14,4511,159,1.1503484913676256
ENSG00000163249.13,4707,295,2.0454221173937537
ENSG00000163251.4,7039,82,0.380196414811877
ENSG00000178385.15,11638,376,1.054422396786454
ENSG00000138413.14,4699,547,3.799154989987124
ENSG00000115020.17,10839,669,2.014382925279846
ENSG00000078018.22,11842,71,0.19567638751088207
ENSG00000197713.15,3523,213,1.973204468552823
ENSG00000144445.17,8519,394,1.509429152856536
ENSG00000229127.2,2416,10,0.1350853337435795
ENSG00000115361.8,5152,410,2.597246277038822
ENSG00000168530.16,1326,200421,4932.928613945717
ENSG00000234281.5,1667,278,5.4426991144695664
ENSG00000115365.13,9372,1581,5.505600821158938
ENSG00000021826.18,11018,15,0.04443177069220658
ENSG00000178568.16,13011,210,0.5267611630784913
ENSG00000030419.17,12243,292,0.7783951692130239
ENSG00000270659.2,1690,84,1.6221750278850295
ENSG00000144451.20,8235,134,0.531063342895949
ENSG00000138376.11,7572,173,0.7456596245923988
ENSG00000138363.15,3789,810,6.976948923801407
ENSG00000115414.21,17216,1316,2.494759960984121
ENSG00000118242.17,3576,13,0.11864541840655327
ENSG00000115425.14,3196,131,1.3377336604664558
ENSG00000079246.16,5463,2880,17.205465111010906
ENSG00000279348.1,2116,143,2.2055936571078347
ENSG00000260804.3,3148,638,6.614409597046486
ENSG00000138375.14,12079,265,0.7160115413195574
ENSG00000197756.10,6205,7074,37.207320879604005
ENSG00000115457.10,4742,66,0.4542422390851162
ENSG00000115461.5,6466,17607,88.8699209785843
ENSG00000233143.4,22263,86,0.12607236358040683
ENSG00000231672.8,8256,12,0.0474369427797221
ENSG00000079308.21,16368,7153,14.262568351167298
ENSG00000223923.2,2060,16,0.25348828452387423
ENSG00000163466.16,6515,4319,21.635847618656395
ENSG00000261338.2,2048,31,0.49401128691694973
ENSG00000127837.10,3055,540,5.768829126521229
ENSG00000127838.15,8220,402,1.5960973097620947
ENSG00000135926.15,5093,2166,13.880014063593974
ENSG00000144579.9,4747,938,6.448945945067829
ENSG00000135913.11,9280,116,0.4079577079056101
ENSG00000144580.15,5289,647,3.99241651752588
ENSG00000115556.14,5777,1886,10.654779118711865
ENSG00000115568.16,11560,529,1.4934922317098112
ENSG00000074582.15,3379,275,2.6561318656180593
ENSG00000163481.8,1886,193,3.3398022322707424
ENSG00000163482.12,6415,164,0.8343577751709438
ENSG00000135912.11,7695,209,0.8864266245850292
ENSG00000135929.9,2983,634,6.936511882324018
ENSG00000286154.1,916,17,0.6057014003838752
ENSG00000115592.13,3409,1541,14.753014441362161
ENSG00000187736.14,10442,110,0.3438065341476124
ENSG00000115649.16,2719,461,5.5334609295913575
ENSG00000144567.11,5675,341,1.9610724707779812
ENSG00000158552.13,3398,157,1.5079307861372757
ENSG00000115657.14,5205,28,0.17556681377686198
ENSG00000198925.12,4724,977,6.7497829064145805
ENSG00000163516.14,6103,517,2.7647273142677427
ENSG00000163521.16,3419,16,0.1527305838312901
ENSG00000115661.14,4368,125,0.9339691115055174
ENSG00000127824.15,3698,3570,31.506955483461933
ENSG00000135924.17,5841,1457,8.140994766902569
ENSG00000123992.20,6154,902,4.7835924930888565
ENSG00000229525.1,1598,11,0.22465756129971015
ENSG00000175084.13,2489,177871,2332.3051976819215
ENSG00000234638.1,224,54,7.86775579532248
ENSG00000280323.1,1843,261,4.621897417834584
ENSG00000072195.15,17066,10380,19.850467634174304
ENSG00000144591.20,6874,219,1.0397758281213687
ENSG00000123989.15,3703,72,0.6345763968502064
ENSG00000124006.15,9716,986,3.3120321119385063
ENSG00000144589.22,5697,93,0.5327725727255993
ENSG00000224819.2,8415,20,0.07756771629815523
ENSG00000286272.1,1447,34,0.766858994819115
ENSG00000116106.12,7554,119,0.514132562782818
ENSG00000135903.20,7942,85,0.349296450989442
ENSG00000163081.4,1932,10,0.16892658712447622
ENSG00000116120.11,6761,1168,5.638155336000621
ENSG00000123983.15,14436,1521,3.438646016760504
ENSG00000152049.7,3748,34,0.2960632245206135
ENSG00000152056.18,9717,11,0.036945845729848395
ENSG00000085449.15,5485,535,3.183334530238853
ENSG00000135900.4,1689,686,13.255606281740604
ENSG00000135919.14,8957,74,0.2696337647427946
ENSG00000124019.10,3563,13,0.1190783093521848
ENSG00000036257.14,11505,2880,8.1697919079924
ENSG00000135905.21,12033,61,0.16544781971074357
ENSG00000144460.13,13172,90,0.22299540668997817
ENSG00000235070.3,1134,569,16.375868486652003
ENSG00000169047.6,10019,1473,4.798256941770345
ENSG00000272622.2,3342,133,1.2988240610759099
ENSG00000144468.17,6926,353,1.663402493683862
ENSG00000081052.14,11820,872,2.4077097887897936
ENSG00000169031.21,12284,1635,4.343932611043129
ENSG00000236432.8,15378,30,0.0636687800086789
ENSG00000168958.21,6180,1625,8.581634632318659
ENSG00000173744.18,9324,796,2.786223384752172
ENSG00000153823.19,3367,78,0.756060616967926
ENSG00000153827.15,13714,3260,7.758157373616969
ENSG00000153832.12,3955,14,0.11552784648654445
ENSG00000163053.11,4932,54,0.357335218603454
ENSG00000135899.20,10685,175,0.5345257754495593
ENSG00000185404.17,5650,147,0.8491296716761016
ENSG00000067066.17,14134,596,1.3762150497339385
ENSG00000135932.12,5363,6322,38.472625461559076
ENSG00000135916.16,2569,221,2.8075874954344826
ENSG00000173692.14,15795,3299,6.816600080433594
ENSG00000135931.19,23371,12,0.01675749431301124
ENSG00000237039.1,210,30,4.662373804635544
ENSG00000115053.17,8919,5914,21.640649261610296
ENSG00000187514.17,3381,1901,18.35025383563596
ENSG00000156973.14,2824,136,1.5717350786165147
ENSG00000144524.18,6066,379,2.0391160078631883
ENSG00000144535.20,11337,257,0.7398439158983279
ENSG00000171551.12,2978,33,0.3616549190298222
ENSG00000237412.7,2462,63,0.8351368187832148
ENSG00000135902.10,3132,318,3.313679466513001
ENSG00000196811.13,4362,105,0.785613192665549
ENSG00000221944.9,6675,100,0.4889380768906188
ENSG00000135930.15,11481,1480,4.207141591849511
ENSG00000115468.13,2671,315,3.8489458027785
ENSG00000204120.16,15476,1631,3.4395400444251742
ENSG00000168918.14,8681,78,0.29324456829063555
ENSG00000085978.22,6047,318,1.7162963600328627
ENSG00000077044.11,9784,1304,4.349769837358263
ENSG00000085982.16,9349,907,3.166264978674839
ENSG00000188042.8,4041,24,0.19383291244216067
ENSG00000130147.16,7085,86,0.39615370930001376
ENSG00000157985.20,13947,676,1.5818708570685736
ENSG00000233611.4,3875,12,0.10106823215209954
ENSG00000182177.15,6967,199,0.9322070776313065
ENSG00000132321.17,5968,20,0.10937203965297856
ENSG00000144476.6,2070,279,4.398848328721361
ENSG00000227252.2,13096,97,0.24173425575347696
ENSG00000198612.11,4181,2281,17.805339042959993
ENSG00000163359.17,21516,1544,2.342021569088165
ENSG00000115648.14,7435,92,0.40384246539143115
ENSG00000124839.13,4761,17,0.11653486300181258
ENSG00000227107.1,2057,14,0.2221257330356263
ENSG00000124831.20,13363,4005,9.781459972532925
ENSG00000286864.1,1671,37,0.7226539888693032
ENSG00000177483.12,6049,36,0.19423345987240154
ENSG00000132329.11,1147,715,20.344534343679943
ENSG00000184182.19,4238,322,2.479705180662698
ENSG00000132330.18,11698,18,0.0502187638386116
ENSG00000168427.9,3780,1291,11.146527003304607
ENSG00000279484.2,3106,39,0.40979653852720654
ENSG00000178752.16,3584,18,0.16391157906921833
ENSG00000132323.9,4749,455,3.126902625345169
ENSG00000186235.12,3873,11,0.0926937213934771
ENSG00000144485.11,1954,28,0.467669020321682
ENSG00000132326.13,7088,912,4.199293787922307
ENSG00000204104.12,4614,545,3.854996979775596
ENSG00000065802.12,7407,1080,4.7586804324348195
ENSG00000068024.18,14179,1210,2.7851263223967173
ENSG00000265215.1,84,21,8.159154158112202
ENSG00000130414.13,19359,3774,6.362445951281667
ENSG00000172428.11,2037,337,5.399381347636352
ENSG00000063660.9,6522,2183,10.923908940299869
ENSG00000144504.16,11613,91,0.25574202303908045
ENSG00000188542.10,4951,531,3.5003117414320983
ENSG00000142327.13,7970,660,2.7026558315453215
ENSG00000260942.1,4000,27,0.22029716226902946
ENSG00000142330.20,7456,95,0.4158367194316841
ENSG00000162804.15,13812,620,1.4650088554965437
ENSG00000122085.17,9938,852,2.797987258084764
ENSG00000115687.14,10665,38,0.11628611645879557
ENSG00000115685.15,3781,667,5.75737193701226
ENSG00000115677.18,12160,16004,42.95365235079858
ENSG00000168385.18,7378,3480,15.393795863502556
ENSG00000223374.1,442,18,1.329092985031852
ENSG00000006607.14,14371,342,0.7766837998954487
ENSG00000115694.15,7588,5738,24.679613368080027
ENSG00000176720.6,2680,55,0.6697813114868225
ENSG00000176946.13,2856,1124,12.84438273629988
ENSG00000168397.17,6638,453,2.2272352115847105
ENSG00000168393.13,2399,70,0.952298109325309
ENSG00000168395.16,10259,359,1.1420747997903422
ENSG00000180902.18,5256,306,1.9000769957247592
ENSG00000291147.1,4817,15,0.10162948920214493
ENSG00000224957.7,11853,16,0.04405516460973432
ENSG00000144619.15,9123,26,0.09301238983269419
ENSG00000072756.18,14503,317,0.713356372646092
ENSG00000113851.16,8052,538,2.18063831945572
ENSG00000144455.14,6944,43,0.202098864515452
ENSG00000175928.6,6401,86,0.43848602255750624
ENSG00000170364.13,3237,207,2.0870496270982093
ENSG00000231249.3,2890,22,0.24844483249615004
ENSG00000150995.21,32120,172,0.17476644024848054
ENSG00000235831.8,5370,26,0.15801713825766647
ENSG00000134107.5,3516,1112,10.321933360433183
ENSG00000134108.14,3546,1737,15.986972106757918
ENSG00000233912.1,672,16,0.7770623007725905
ENSG00000134109.11,6737,215,1.0415426118415456
ENSG00000236152.1,307,12,1.275698369997999
ENSG00000227110.7,11257,25,0.07248071562682955
ENSG00000071282.12,9025,6415,23.198215589712916
ENSG00000182533.7,1947,1172,19.645667536327682
ENSG00000070950.10,6984,48,0.22430664352198493
ENSG00000196220.17,18864,139,0.24048397539813315
ENSG00000206573.11,9533,336,1.150309785849449
ENSG00000134077.16,5236,495,3.0853944295382276
ENSG00000168137.20,24804,1682,2.2131426050547853
ENSG00000163719.20,6019,725,3.9311425583195523
ENSG00000287878.1,2106,22,0.3409333171480883
ENSG00000156983.17,7784,240,1.0062677276191823
ENSG00000114026.22,8733,110,0.4110875792476089
ENSG00000134072.11,2715,10,0.12020853271620187
ENSG00000171148.14,4127,715,5.654272084371431
ENSG00000241553.13,2607,254,3.179785433311084
ENSG00000214021.18,10415,173,0.542115667538516
ENSG00000156990.14,5307,562,3.4561482094283456
ENSG00000171135.15,1779,245,4.4946436621416295
ENSG00000163701.19,4673,18,0.12571348157159823
ENSG00000163702.21,4535,106,0.762840432864294
ENSG00000163703.20,9266,92,0.3240415206329905
ENSG00000163704.13,6862,24,0.11414730387332722
ENSG00000230082.1,614,102,5.421718072491495
ENSG00000269982.1,3823,85,0.7256375657227697
ENSG00000125037.13,4165,1948,15.264376758705948
ENSG00000291224.1,3328,16,0.15690681073292695
ENSG00000206567.10,4823,37,0.2503742101183093
ENSG00000291078.1,3055,21,0.22434335492027002
ENSG00000254999.4,1150,1192,33.82856263119911
ENSG00000134086.9,5001,276,1.801181001910792
ENSG00000134070.5,3431,125,1.1890344153471586
ENSG00000157014.11,5572,94,0.5505818312006798
ENSG00000240288.8,3166,24,0.24740328464269468
ENSG00000157020.18,5380,936,5.6780433397717625
ENSG00000157087.20,10260,2094,6.660923511534874
ENSG00000157103.13,18242,133,0.2379492386863113
ENSG00000197548.13,8833,122,0.4507717909157426
ENSG00000144560.16,7199,130,0.589354099488588
ENSG00000144559.11,5925,50,0.27541448634977894
ENSG00000157152.17,6329,79,0.4073775816026949
ENSG00000157150.5,1194,154,4.209412865491722
ENSG00000132170.24,11981,88,0.23971473697149612
ENSG00000154743.19,12407,250,0.6576250631185783
ENSG00000225526.6,3058,18,0.1921056570909348
ENSG00000075975.17,9783,367,1.2243318311467557
ENSG00000132155.14,19732,2920,4.82966351949881
ENSG00000144712.13,5204,3556,22.301269935624127
ENSG00000272263.1,510,27,1.7278208805414075
ENSG00000144713.13,3714,9974,87.64609970168132
ENSG00000144711.17,10304,1927,6.103528751041231
ENSG00000132182.13,13322,186,0.45566811992459677
ENSG00000163517.15,5231,541,3.37534115812556
ENSG00000163520.14,4818,846,5.730713505822269
ENSG00000287059.1,3351,32,0.3116597231388725
ENSG00000163528.13,1772,330,6.077925219361234
ENSG00000170876.8,3498,400,3.732031633213128
ENSG00000228242.6,4015,27,0.2194741342655337
ENSG00000154767.15,4636,174,1.2249290970763789
ENSG00000170860.4,3359,935,9.084619396052288
ENSG00000131389.18,8254,558,2.2063523238316494
ENSG00000144596.13,11889,1319,3.6208005162923693
ENSG00000154781.17,3535,308,2.843586399658906
ENSG00000154783.12,8099,238,0.9590708431315985
ENSG00000225733.8,6045,3260,17.60055752221391
ENSG00000177463.16,11822,101,0.27882746403969966
ENSG00000131368.9,18309,1063,1.8948453482054226
ENSG00000131381.12,7921,474,1.9530054644338761
ENSG00000131375.10,5596,1031,6.01292919014559
ENSG00000224660.2,6877,274,1.300339240554162
ENSG00000131370.16,4616,20,0.1414064845426725
ENSG00000206562.12,6975,141,0.6597509598817609
ENSG00000144597.14,4909,159,1.0570833254347851
ENSG00000206561.14,9237,277,0.9787098416356306
ENSG00000131373.15,3060,223,2.378420100992184
ENSG00000169814.17,17103,352,0.6717002312238777
ENSG00000206560.12,11276,1696,4.908806474692549
ENSG00000287042.3,1435,47,1.068934482038393
ENSG00000131386.20,6398,257,1.3109738159642612
ENSG00000154813.10,4476,1019,7.430007227092345
ENSG00000154814.14,6095,387,2.07225112990282
ENSG00000131378.14,4769,595,4.071878149781304
ENSG00000271964.1,549,10,0.5944738913014355
ENSG00000154822.18,5160,1523,9.632861847135569
ENSG00000131374.15,11269,485,1.4046285443906
ENSG00000182568.18,14786,4480,9.888546091801071
ENSG00000163576.18,4163,20,0.15679373832548069
ENSG00000144566.11,3767,735,6.367909005800338
ENSG00000289138.1,1651,53,1.0476927204844255
ENSG00000183977.14,2494,16,0.20937685088980787
ENSG00000114166.8,5211,4275,26.77442642558408
ENSG00000151789.13,15214,122,0.2617107420243693
ENSG00000293339.1,1210,24,0.6473378505609682
ENSG00000182247.11,3239,132,1.3300504462745422
ENSG00000170142.12,3346,465,4.5355728434216065
ENSG00000197885.11,5107,662,4.230554182627983
ENSG00000174748.22,7141,7111,32.49950719413856
ENSG00000174738.13,5793,3779,21.290138832042818
ENSG00000151090.20,10968,1250,3.719526877330508
ENSG00000289130.2,1423,20,0.4587015689732791
ENSG00000077092.20,9445,102,0.35245472699944713
ENSG00000077097.17,18645,2487,4.35329930624297
ENSG00000151092.18,8616,1193,4.518974424618318
ENSG00000151093.8,2476,214,2.8207738123360437
ENSG00000179796.13,8954,114,0.4155209175898105
ENSG00000163491.18,13183,490,1.213073059993925
ENSG00000033867.18,9564,539,1.8393074409127883
ENSG00000187118.14,10533,212,0.6568843374232552
ENSG00000163512.14,6272,177,0.9210269681032268
ENSG00000206559.8,4533,84,0.6047817774378336
ENSG00000144642.22,18437,686,1.2143363350794534
ENSG00000235904.3,5919,184,1.0145527049114007
ENSG00000203506.5,2303,71,1.0061657754684608
ENSG00000163513.19,6850,855,4.073621492079377
ENSG00000144644.15,7229,1018,4.595943523562441
ENSG00000288926.2,1510,22,0.4755003747773998
ENSG00000163527.10,5006,3669,23.920045230614196
ENSG00000144645.16,12243,61,0.16260994973285772
ENSG00000152642.11,4697,6020,41.8293447152101
ENSG00000261572.2,1912,11,0.18776296179756113
ENSG00000170293.9,1170,38,1.0599926769513288
ENSG00000091317.8,3857,108,0.9138591123423571
ENSG00000144635.9,6113,1120,5.979553513551883
ENSG00000182973.20,4846,210,1.414298285764393
ENSG00000170266.16,4335,126,0.9486075422580277
ENSG00000170275.15,6660,1549,7.590708583132613
ENSG00000173705.9,4602,35,0.24821416387129688
ENSG00000153558.17,7644,24,0.10246975394803393
ENSG00000153560.12,9760,1114,3.72512202136762
ENSG00000163539.19,15211,3183,6.829422834861912
ENSG00000271643.2,4524,34,0.24527961218020763
ENSG00000170248.15,8819,1276,4.722113938428923
ENSG00000172995.17,10156,935,3.004651098005084
ENSG00000144681.11,4237,15,0.11554147969948834
ENSG00000163673.8,5779,44,0.2484878234690686
ENSG00000168016.15,12134,75,0.20172624422561897
ENSG00000178567.8,8089,1825,7.363311330723089
ENSG00000076242.17,8144,1064,4.2639194618032334
ENSG00000093167.18,10674,3706,11.331394157752978
ENSG00000270194.2,2414,43,0.5813481835937442
ENSG00000144674.19,10837,10757,32.395689315793284
ENSG00000230409.3,906,141,5.079208548758589
ENSG00000198590.12,8964,12,0.04369024984263562
ENSG00000144668.12,8270,169,0.666939324169752
ENSG00000235257.11,19228,16,0.027157575729102396
ENSG00000144677.15,5876,730,4.054583073806608
ENSG00000136059.16,6416,20,0.10173508925326934
ENSG00000187091.14,4194,67,0.5213765651821818
ENSG00000060971.19,7106,395,1.8141659963154066
ENSG00000172936.18,4190,70,0.5452418053153738
ENSG00000172939.9,6071,1706,9.17115268900637
ENSG00000093217.11,6327,23,0.11864109096670185
ENSG00000229589.1,2517,203,2.632194348981767
ENSG00000114739.14,15705,552,1.1471131729456696
ENSG00000157036.13,5575,114,0.6673675867442447
ENSG00000114742.14,7473,475,2.0744537535679357
ENSG00000114745.15,8939,495,1.8072631427522272
ENSG00000168026.19,7701,18,0.0762834825846096
ENSG00000144655.15,3230,266,2.687721369731078
ENSG00000168334.9,6467,3926,19.813106061387664
ENSG00000168329.14,3656,85,0.7587834829754235
ENSG00000144659.13,2662,595,7.294811005374545
ENSG00000168028.15,7689,4155,17.636252062404058
ENSG00000170011.14,5868,81,0.4505054443129436
ENSG00000280739.5,19648,22,0.03654344289056768
ENSG00000114784.4,1889,1036,17.899171429971922
ENSG00000223797.8,6253,92,0.4801805101847577
ENSG00000168032.10,3586,42,0.3822470436594674
ENSG00000188846.14,8626,6130,23.192958492570273
ENSG00000177873.14,5331,96,0.5877162252326177
ENSG00000177842.12,3783,45,0.3882230368649739
ENSG00000172888.12,8943,377,1.3758251672182937
ENSG00000234287.1,255,67,8.57511103676106
ENSG00000168036.18,11759,2295,6.369677283057233
ENSG00000168038.11,6279,11,0.05717515256520734
ENSG00000182606.17,10799,4981,15.0535223119018
ENSG00000114812.13,7384,31,0.13701721500621789
ENSG00000093183.14,8159,401,1.6040303063625407
ENSG00000008324.12,3118,90,0.9420447392304018
ENSG00000114857.19,17309,2270,4.28015019675653
ENSG00000230084.8,3245,34,0.3419553052398334
ENSG00000114853.15,5685,2334,13.399096432741516
ENSG00000157119.12,2499,2360,30.82129461887922
ENSG00000010282.15,2888,2639,29.822725516977982
ENSG00000181061.14,3024,1683,18.163831280559307
ENSG00000182983.15,6352,132,0.6782168443770847
ENSG00000144649.10,12406,18,0.0473528211658938
ENSG00000144647.7,6838,307,1.4652590386314395
ENSG00000163788.14,6981,626,2.9265896020502726
ENSG00000234617.2,2324,10,0.14043294592275735
ENSG00000160746.13,5285,211,1.3029945334809268
ENSG00000011198.10,7539,545,2.3593256485853034
ENSG00000179152.20,8743,1776,6.629604385134288
ENSG00000185219.18,18884,722,1.2478096382455008
ENSG00000178917.18,6195,206,1.0852531115874826
ENSG00000196345.13,4208,34,0.2636988986462118
ENSG00000236869.3,1053,10,0.3099393792255348
ENSG00000144792.9,6513,15,0.07516493927325843
ENSG00000186448.15,7995,475,1.9390109944231624
ENSG00000169981.11,2658,105,1.2892568647129892
ENSG00000272077.1,1953,18,0.30079830997648666
ENSG00000196653.12,3273,116,1.1566903542206115
ENSG00000186446.12,3910,81,0.6761038228205507
ENSG00000163807.6,5216,869,5.437350432054834
ENSG00000169964.8,3071,233,2.4761744302704565
ENSG00000163812.16,13449,1161,2.817392513218311
ENSG00000075914.13,4429,209,1.5400887053921426
ENSG00000163815.6,985,121,4.009168134544472
ENSG00000249992.2,1822,11,0.19703775134848345
ENSG00000011376.12,12407,382,1.0048510964451878
ENSG00000144791.10,12676,361,0.9294587097123714
ENSG00000230530.2,4528,12,0.08649280026267353
ENSG00000211456.14,20001,368,0.6004837218509654
ENSG00000163817.17,9123,40,0.14309598435799106
ENSG00000163818.20,9391,141,0.49001841605529567
ENSG00000163820.16,10329,18315,57.87003907670635
ENSG00000172215.6,3775,462,3.9942031481301585
ENSG00000288717.1,321,22,2.2367774639061486
ENSG00000173578.9,5697,41,0.23487823098655453
ENSG00000288703.1,3608,13,0.11759313088188317
ENSG00000183625.16,6097,142,0.7601114583906396
ENSG00000163823.4,2646,11,0.13567754457934122
ENSG00000283646.2,2951,11,0.121654619775309
ENSG00000012223.13,3989,23,0.18817803523347268
ENSG00000163827.14,5774,12903,72.9321552491318
ENSG00000268324.2,2297,26,0.36941751521274224
ENSG00000288718.1,1070,14,0.42702115220026476
ENSG00000178038.17,9059,561,2.0210996722379715
ENSG00000181585.7,2159,30,0.4534962941053563
ENSG00000284672.1,3128,21,0.21910772035851178
ENSG00000293417.1,1670,38,0.7426296000197933
ENSG00000226074.6,1074,32,0.9724131585087168
ENSG00000293419.1,1280,34,0.8669101292994214
ENSG00000178055.14,882,19,0.7030563673656772
ENSG00000160808.12,2863,22314,254.36725935608197
ENSG00000160801.14,2783,43,0.504266803879015
ENSG00000160799.12,4754,235,1.613295100678475
ENSG00000160796.18,12058,236,0.6387660909983346
ENSG00000181555.22,14308,1423,3.245869825829931
ENSG00000227398.6,7637,25,0.10683716325929295
ENSG00000088727.14,5878,46,0.25540734349993965
ENSG00000114648.12,7064,184,0.8501043969947027
ENSG00000280173.1,2124,17,0.26121585816931714
ENSG00000289507.1,1319,12,0.29692145533691106
ENSG00000260236.2,2431,20,0.268503633339768
ENSG00000076201.16,6866,421,2.0011674340607266
ENSG00000114650.21,6288,423,2.1954975883469854
ENSG00000163832.16,3264,261,2.6097294549844174
ENSG00000173473.11,7624,608,2.6027102456097686
ENSG00000132153.15,7744,644,2.714098800529059
ENSG00000047849.22,14994,27303,59.42894117085166
ENSG00000164048.14,5521,170,1.0049311406477626
ENSG00000172113.10,7258,349,1.569327528895651
ENSG00000164050.13,9768,45,0.15035296360157618
ENSG00000164051.14,2410,95,1.286505634889061
ENSG00000232112.3,1139,481,13.782451800006914
ENSG00000164053.22,5431,99,0.5949226747583192
ENSG00000164054.17,4338,238,1.7905750941730787
ENSG00000114268.12,6107,114,0.6092310948254731
ENSG00000114270.18,11133,126,0.3693715706178523
ENSG00000010256.11,3204,8374,85.29932199754255
ENSG00000225697.13,6373,202,1.034457329319733
ENSG00000213672.8,3431,143,1.3602553711571492
ENSG00000068745.15,5624,571,3.3135682960754393
ENSG00000114302.17,8701,5495,20.61121806634941
ENSG00000224424.8,4410,36,0.2664213602648882
ENSG00000178537.10,1898,628,10.798627631811302
ENSG00000177479.20,8017,3067,12.485531147776037
ENSG00000178467.18,7637,179,0.7649540889365375
ENSG00000178252.19,5304,1055,6.49163471855835
ENSG00000178149.17,3686,77,0.6817741401786648
ENSG00000178057.15,1727,476,8.995384781149758
ENSG00000178035.13,5123,30,0.19111819226497448
ENSG00000198218.12,6275,21,0.10922214331178086
ENSG00000172053.18,4703,2923,20.284250567009963
ENSG00000172046.21,5731,1660,9.453286269388418
ENSG00000172037.14,6865,2386,11.343185329209446
ENSG00000177352.10,1791,158,2.879165509730269
ENSG00000185909.15,2171,381,5.727568372622292
ENSG00000173421.17,4334,52,0.39157915664220994
ENSG00000225399.4,1232,14,0.3708706435505546
ENSG00000188315.8,4142,79,0.6224753051577633
ENSG00000114316.13,7328,889,3.959327536332831
ENSG00000233276.9,1432,209,4.763305081132542
ENSG00000067560.14,4805,3936,26.73417753700697
ENSG00000145022.5,2742,191,2.2733748274244063
ENSG00000173402.13,7187,3356,15.239805957770724
ENSG00000164061.5,16241,24,0.04822848341720161
ENSG00000164062.13,4425,1665,12.280218461701079
ENSG00000173531.16,5084,53,0.34023223475998954
ENSG00000164068.16,7419,3195,14.054992605563276
ENSG00000173540.14,6675,99,0.48404869612171264
ENSG00000176095.12,5200,340,2.1339326259678066
ENSG00000185614.7,1033,35,1.105790495775129
ENSG00000182179.13,4550,214,1.5349969141415485
ENSG00000183763.9,3261,14,0.14011426950453335
ENSG00000164078.14,5252,16,0.09942609789017154
ENSG00000164077.15,6446,237,1.1999500685526476
ENSG00000004534.15,7299,1278,5.7144260934743905
ENSG00000003756.17,10357,2177,6.860086357906832
ENSG00000235016.1,2949,28,0.30987631933149085
ENSG00000001617.12,4826,165,1.115839565759232
ENSG00000188338.15,3968,1481,12.181156560649367
ENSG00000114353.17,7405,1170,5.1566295016833354
ENSG00000230454.1,2625,13,0.16162895856069887
ENSG00000012171.20,5768,104,0.5884549462161366
ENSG00000179564.4,1434,92,2.0938415133788637
ENSG00000214706.12,3620,710,6.40110436713775
ENSG00000243477.6,2183,87,1.300680552919398
ENSG00000114378.17,3085,319,3.3747425302272838
ENSG00000068001.14,4421,197,1.4542894088650564
ENSG00000114383.10,2404,430,5.837664372692591
ENSG00000068028.18,3683,138,1.2228762137599607
ENSG00000114388.14,3412,331,3.1660961621748402
ENSG00000114395.11,1926,19,0.32196039253194564
ENSG00000126062.4,2107,196,3.035964337902214
ENSG00000007402.12,6508,33,0.16548991224198073
ENSG00000088543.15,3244,663,6.67018397882662
ENSG00000114735.10,19221,169,0.28695636079724507
ENSG00000114737.16,5056,38,0.24529102690527188
ENSG00000114738.11,3915,3010,25.092264639507256
ENSG00000289504.1,2535,34,0.43772976942929365
ENSG00000273356.1,2060,19,0.3010173378721006
ENSG00000088538.13,9069,120,0.43184408379025874
ENSG00000145050.19,2139,97,1.48001487300025
ENSG00000259956.2,6624,184,0.9065726842346892
ENSG00000145041.17,6907,830,3.9218751708314046
ENSG00000164080.14,12121,416,1.1201082847206256
ENSG00000164081.13,5688,227,1.3024810083624965
ENSG00000164082.15,7098,18,0.08276403203495049
ENSG00000114767.7,1542,114,2.4128237977296783
ENSG00000041880.15,3198,337,3.4391931848452932
ENSG00000090097.22,3738,1546,13.498183337016012
ENSG00000114779.20,3161,338,3.489774255541821
ENSG00000248487.10,2313,133,1.8766407315675273
ENSG00000162244.12,2011,8838,143.432331077863
ENSG00000164086.10,5669,836,4.81287908003655
ENSG00000023330.15,2536,2012,25.893088590097395
ENSG00000247596.10,4211,962,7.45581220622554
ENSG00000164088.18,3607,59,0.5338398617450734
ENSG00000164091.12,5719,2057,11.738681659896345
ENSG00000168237.18,4794,22,0.14977170753314012
ENSG00000114841.18,13873,142,0.33405893186821384
ENSG00000239557.1,1231,13,0.3446596394978347
ENSG00000163930.10,4718,1303,9.013461524391861
ENSG00000010318.22,3364,89,0.8634538883138954
ENSG00000010319.7,5047,399,2.5801486103322913
ENSG00000114854.8,1141,66952,1915.062889373981
ENSG00000010322.16,9062,835,3.0072362489621223
ENSG00000010327.10,10588,170,0.5240106561688985
ENSG00000168268.11,4799,41,0.27882918981671206
ENSG00000168273.8,2481,341,4.485726026467168
ENSG00000163939.19,9654,1088,3.6781270868142015
ENSG00000163938.17,3238,995,10.028855327142237
ENSG00000016864.19,3785,316,2.724747914360323
ENSG00000114902.14,5121,793,5.053863891726597
ENSG00000114904.13,6393,287,1.4651507857833268
ENSG00000162267.14,5711,32,0.18287020350873082
ENSG00000055955.17,4659,123,0.8616234912623317
ENSG00000243696.5,6334,700,3.6068253303937743
ENSG00000272573.6,702,71,3.300854388751945
ENSG00000248592.7,6271,25,0.1301092992842003
ENSG00000213533.13,5705,115,0.6578809662982669
ENSG00000289519.1,1142,10,0.28578473408449045
ENSG00000163935.14,5681,321,1.8441038442203956
ENSG00000163933.10,5479,78,0.464620568959848
ENSG00000163932.16,4909,20,0.13296645602953272
ENSG00000163931.17,9502,155,0.5323800860902509
ENSG00000272886.6,6102,551,2.9470297876891665
ENSG00000016391.11,7787,160,0.6705867036332104
ENSG00000056736.10,3044,50,0.5360810879180158
ENSG00000271976.1,2583,100,1.2635159362155945
ENSG00000113812.14,4016,205,1.6659627514073718
ENSG00000113811.12,2055,745,11.831766127092145
ENSG00000157445.16,4714,662,4.583249938625606
ENSG00000114251.15,7153,137,0.6250826895911487
ENSG00000180376.17,9286,378,1.3285204702849074
ENSG00000163946.14,9853,474,1.5700554433959946
ENSG00000163947.12,6576,308,1.5286006573592203
ENSG00000144730.19,9561,42,0.14336762875879613
ENSG00000157500.12,7516,3850,16.7177985677126
ENSG00000239388.10,3219,1447,14.670762431548129
ENSG00000286952.1,2472,252,3.3270337343758496
ENSG00000174844.15,13275,10,0.0245850219453475
ENSG00000174840.9,8953,381,1.3888697572839266
ENSG00000168374.11,2595,771,9.696659508137968
ENSG00000174839.13,5115,412,2.6287949271884474
ENSG00000163681.17,17058,3355,6.419032055449979
ENSG00000136068.16,29144,724,0.81076415186292
ENSG00000163687.14,2992,11,0.11998756114870884
ENSG00000163686.15,3563,95,0.8701876452659658
ENSG00000163684.12,8376,470,1.8313287747434266
ENSG00000168297.16,5355,431,2.6267753069253845
ENSG00000168291.13,4717,3746,25.91833069856969
ENSG00000272360.2,1414,15,0.3462158765818473
ENSG00000168301.13,3086,171,1.8084450564318684
ENSG00000168306.13,3823,260,2.219597259857884
ENSG00000168309.18,5321,418,2.5638236708069164
ENSG00000189283.11,7472,168,0.7337997315646948
ENSG00000232407.3,495,10,0.6593255885343193
ENSG00000144724.20,14625,471,1.0510664228296334
ENSG00000226360.5,652,35,1.7519656167725588
ENSG00000241472.8,9070,10,0.03598303928605161
ENSG00000114405.11,4388,11,0.08181467250613876
ENSG00000293415.1,1677,12,0.23353571830017034
ENSG00000163632.15,1617,14,0.2825681093718511
ENSG00000163634.12,1749,846,15.786493808491532
ENSG00000163635.20,15319,699,1.4891960980535097
ENSG00000239653.1,2456,21,0.27905901843706227
ENSG00000271843.1,611,12,0.6409810140579144
ENSG00000163636.11,9056,1360,4.9012586815515
ENSG00000163637.13,14738,57,0.12622385317204385
ENSG00000163638.13,10680,422,1.289574177799007
ENSG00000241158.7,7003,18,0.08388677700757939
ENSG00000241684.8,11126,79,0.2317358182602423
ENSG00000151276.24,11733,672,1.8692411469364696
ENSG00000144741.19,21792,438,0.6559672395839105
ENSG00000144749.14,7043,682,3.1603255066491673
ENSG00000163376.11,4736,60,0.4134706499043346
ENSG00000172340.15,3088,4663,49.282559377302064
ENSG00000241316.8,11122,297,0.8715226703683956
ENSG00000214552.4,627,27,1.405404543981049
ENSG00000241506.1,1320,46,1.137336640221701
ENSG00000163378.14,5365,554,3.370118474254732
ENSG00000244513.7,3746,80,0.6969912788563547
ENSG00000144747.17,7911,598,2.4670328335487786
ENSG00000144744.18,4001,747,6.093364814906088
ENSG00000144746.7,2555,3533,45.12922370349966
ENSG00000163380.16,5083,22024,141.41035701614254
ENSG00000114541.15,11201,38,0.11072149201259303
ENSG00000187098.18,7419,2059,9.057661901363
ENSG00000114861.24,32800,240,0.2388045119447474
ENSG00000163412.13,10808,2805,8.470180389898124
ENSG00000170837.3,2642,27,0.3335309042680234
ENSG00000163602.12,8477,346,1.332106801324441
ENSG00000144736.14,5833,138,0.7721332239461572
ENSG00000240135.1,1366,10,0.23892105880269987
ENSG00000172986.13,3683,12,0.10633706206608354
ENSG00000242960.1,550,19,1.127446756393686
ENSG00000163605.16,5945,1174,6.444976943060538
ENSG00000121440.15,6139,1968,10.462430612910776
ENSG00000278934.1,3217,37,0.3753667439852676
ENSG00000213300.5,1006,11,0.3568616132772732
ENSG00000291223.1,4087,56,0.4471863301730201
ENSG00000238278.3,758,10,0.43056222470249084
ENSG00000272690.6,6878,26,0.12337191515610191
ENSG00000242516.4,6592,11,0.05446037362817611
ENSG00000227124.11,7648,76,0.3243178431048783
ENSG00000169855.21,11050,314,0.9274115495555588
ENSG00000114480.13,4651,2714,19.044458727255655
ENSG00000175161.14,9982,649,2.1219359040732595
ENSG00000206538.9,12740,110,0.2817918233570933
ENSG00000083937.10,8243,1041,4.121644779131287
ENSG00000179097.7,3386,12,0.11566432356449664
ENSG00000163320.12,6549,1814,9.039979015309534
ENSG00000175105.8,6800,371,1.7806154074468392
ENSG00000179021.10,3259,234,2.3433471285649037
ENSG00000044524.11,6577,39,0.19352714743279664
ENSG00000184500.16,5270,193,1.1952309317006868
ENSG00000169379.17,6841,84,0.4007419671284461
ENSG00000178700.9,4352,57,0.42745568659227523
ENSG00000178694.10,8858,106,0.39054881045829454
ENSG00000243547.1,1386,85,2.0015241080506123
ENSG00000113966.11,4561,87,0.6225357700116304
ENSG00000080200.10,10979,403,1.1979739960722169
ENSG00000170854.18,6880,393,1.8642718512430787
ENSG00000080822.17,5210,793,4.967531092040673
ENSG00000080819.9,3157,219,2.2639908275281244
ENSG00000244153.1,2769,58,0.6836127716439259
ENSG00000239445.6,9390,14,0.04865949231675008
ENSG00000064225.13,6304,196,1.0147171414911114
ENSG00000057019.16,11280,263,0.76094239134167
ENSG00000144810.16,9408,36,0.12488501262416636
ENSG00000184220.12,7207,257,1.1638144130067078
ENSG00000168386.19,7233,8904,40.176473730861915
ENSG00000287378.1,2086,12,0.18774659615982056
ENSG00000036054.13,5176,779,4.91188646767342
ENSG00000114021.12,9226,908,3.2120147303558984
ENSG00000154174.8,5078,3353,21.54993611039796
ENSG00000206535.8,1910,69,1.1790191348895118
ENSG00000114354.15,12709,1094,2.8093837906915566
ENSG00000154175.19,10978,254,0.7551193864676623
ENSG00000138468.16,6396,403,2.05637218619088
ENSG00000282978.1,492,12,0.7960150398158246
ENSG00000174173.7,1882,580,10.058043383007604
ENSG00000081154.12,3045,3028,32.45440892054351
ENSG00000242299.1,459,97,6.897062774177635
ENSG00000066422.7,15511,662,1.392910851052873
ENSG00000256628.4,2794,25,0.29202412877996425
ENSG00000114391.14,2733,4917,58.71724990184807
ENSG00000293268.1,5804,179,1.0065393482440277
ENSG00000182504.12,11836,255,0.7031376513412001
ENSG00000144815.18,15133,4179,9.01264923723013
ENSG00000144802.11,5902,91,0.5032077454342326
ENSG00000170017.12,7179,21,0.09546858187511142
ENSG00000114423.23,12269,196,0.5213771994424946
ENSG00000242759.10,18617,75,0.13147909155254126
ENSG00000243701.8,15322,56,0.11928276539728058
ENSG00000114439.19,11892,810,2.22297842854722
ENSG00000196776.17,8234,485,1.922365686997531
ENSG00000114446.5,3631,146,1.3122957940891011
ENSG00000163507.15,4579,29,0.20669619618716212
ENSG00000198919.13,6943,1156,5.433952013122688
ENSG00000177707.11,7717,56,0.2368343308820958
ENSG00000240891.8,8985,10,0.03632344644679889
ENSG00000144824.21,12309,249,0.6602094029961616
ENSG00000144827.9,3026,486,5.241703794900899
ENSG00000172139.15,4208,19,0.14736114924347132
ENSG00000091972.18,2991,60,0.6546964219147203
ENSG00000144848.11,6110,410,2.1900184646978738
ENSG00000138459.9,4828,199,1.3452126573855243
ENSG00000091986.16,13068,454,1.13384021664614
ENSG00000163607.18,3720,541,4.746346666170646
ENSG00000163608.15,6490,1446,7.271578990835281
ENSG00000144857.15,10330,110,0.34753415581504055
ENSG00000206530.11,12160,98,0.2630253643075644
ENSG00000163611.11,7941,13,0.05342853749173083
ENSG00000072858.11,7798,11,0.04603780237970465
ENSG00000176542.10,13738,1645,3.9079366982368824
ENSG00000121579.14,6438,7218,36.590726755671874
ENSG00000114573.12,6332,415,2.1390075651399645
ENSG00000178075.20,7444,31,0.13591283122056866
ENSG00000184307.17,7147,20,0.091329555428708
ENSG00000163617.11,5284,46,0.2841189184505385
ENSG00000151576.10,8054,101,0.40927468088866764
ENSG00000181722.18,35362,1159,1.0696747547369538
ENSG00000144847.13,4899,70,0.46633255037179355
ENSG00000121578.13,6988,100,0.46703801706423587
ENSG00000031081.11,9374,353,1.2290084991737176
ENSG00000176142.13,5867,231,1.2849937688930757
ENSG00000163389.12,7072,126,0.5814781809514352
ENSG00000113845.10,2715,1899,22.827600362806734
ENSG00000144843.12,4615,165,1.1668562826335975
ENSG00000144837.9,2169,10,0.15046849530866208
ENSG00000121577.14,2208,330,4.877755203219251
ENSG00000138495.7,1911,1186,20.254854697061372
ENSG00000286584.3,1112,17,0.4989410816111778
ENSG00000082701.17,17871,1088,1.9869419112587041
ENSG00000242622.4,3554,26,0.23875971650075098
ENSG00000163428.4,7918,488,2.0114509871981583
ENSG00000163430.13,9409,664,2.3031898654422367
ENSG00000065518.8,1877,4484,77.96621682466726
ENSG00000144840.10,6427,641,3.2550289810797706
ENSG00000153767.10,3370,209,2.024051298570267
ENSG00000163833.8,5669,11233,64.66874486369684
ENSG00000180353.11,5093,56,0.35885539591932714
ENSG00000173230.17,33764,1201,1.1608984887919385
ENSG00000173226.17,3051,119,1.2729457159165547
ENSG00000145088.9,1770,26,0.4794079279342762
ENSG00000163406.11,5984,30,0.16361940156642116
ENSG00000160124.9,1746,380,7.103043711529523
ENSG00000114023.16,11604,1437,4.041607902518868
ENSG00000196981.4,4217,72,0.557229404205908
ENSG00000272758.7,2901,28,0.3150035386792715
ENSG00000114030.13,8498,2667,10.24262844889868
ENSG00000138496.17,8938,384,1.4021549325196174
ENSG00000163840.10,5768,361,2.042617649846397
ENSG00000173200.13,5481,119,0.7085855462983777
ENSG00000173193.15,10274,500,1.5883111072828895
ENSG00000169087.11,5445,425,2.5473943193371427
ENSG00000138463.9,3322,924,9.077734427568542
ENSG00000273033.2,5476,1103,6.573810837397924
ENSG00000082684.16,8517,10,0.038319380805974884
ENSG00000065485.20,4067,39,0.3129648509135735
ENSG00000121542.12,4704,104,0.7215578507174056
ENSG00000173175.16,9218,116,0.4107016195882037
ENSG00000206527.10,5219,293,1.8322530510265376
ENSG00000065534.20,31537,385,0.39842399097862163
ENSG00000175455.16,11454,277,0.789273861287613
ENSG00000160145.16,34160,1878,1.7942495912101541
ENSG00000114491.14,7512,141,0.6125882514876574
ENSG00000082781.12,6515,325,1.628073738380025
ENSG00000173706.15,9956,953,3.1240152320935834
ENSG00000288022.1,1916,17,0.2895733208515813
ENSG00000163848.21,13089,830,2.0695539617184284
ENSG00000114520.11,2708,606,7.303467385252576
ENSG00000144909.8,4598,2435,17.283636689867954
ENSG00000243429.1,907,25,0.8995759821512902
ENSG00000241288.8,6732,14,0.06787175176088582
ENSG00000241439.1,262,17,2.117643063937518
ENSG00000114544.17,6590,868,4.298722797718598
ENSG00000250012.2,1656,91,1.7934372666381895
ENSG00000144908.14,13712,1542,3.6701912811578223
ENSG00000246022.4,2772,50,0.5886835611913566
ENSG00000250934.3,5994,12,0.06533857183673435
ENSG00000163884.4,2814,677,7.85180862123946
ENSG00000070476.15,7329,658,2.9301260395894824
ENSG00000197763.20,3780,117,1.010180991004368
ENSG00000159685.11,2757,26,0.30778093305900217
ENSG00000114554.12,11235,568,1.6499864928554449
ENSG00000163870.16,5621,201,1.167044999665933
ENSG00000073111.14,4715,118,0.8167806495501504
ENSG00000114631.11,2175,25,0.3751335245109058
ENSG00000114626.18,6155,425,2.2535437967166114
ENSG00000074416.16,11298,2175,6.282938677250501
ENSG00000187715.13,5818,2885,16.183678065420214
ENSG00000058262.11,11707,1187,3.3091025833020185
ENSG00000175792.12,6998,174,0.8114848948336799
ENSG00000132394.11,2394,250,3.408167985844696
ENSG00000179348.13,4915,183,1.215157852235632
ENSG00000244300.3,2905,18,0.2022234421287706
ENSG00000163902.12,3965,1219,10.033804709950845
ENSG00000075785.14,7194,7085,32.142122441048066
ENSG00000177646.20,11841,568,1.5655433026966405
ENSG00000114656.13,12033,18,0.048820668111366955
ENSG00000114654.8,3273,34,0.33902993140948956
ENSG00000240682.10,3872,127,1.0704675393391008
ENSG00000273437.1,335,15,1.4613410432439764
ENSG00000169714.17,3584,17079,155.52476994017667
ENSG00000289469.2,1723,17,0.3220095663097096
ENSG00000181789.14,4425,910,6.711710991079869
ENSG00000183624.14,2783,673,7.892361837455281
ENSG00000184897.7,1516,352,7.577895154763839
ENSG00000206417.8,3420,16,0.15268592576584236
ENSG00000290993.1,5163,122,0.7711925681113218
ENSG00000163913.14,23567,104,0.14402376754676777
ENSG00000129071.10,3353,606,5.898535544069184
ENSG00000004399.13,9557,784,2.6773158354964806
ENSG00000172765.19,8617,1768,6.696244424529358
ENSG00000203644.3,910,35,1.2552544858634156
ENSG00000271270.8,7705,56,0.23720318383090633
ENSG00000291081.1,4830,13,0.08784182530472763
ENSG00000206384.11,8830,53,0.19589362191617063
ENSG00000196455.8,5377,340,2.063687865916421
ENSG00000017260.20,8510,979,3.7545531942617374
ENSG00000034533.12,3427,50,0.47616890330389267
ENSG00000114670.14,5355,25,0.15236515701423345
ENSG00000250608.2,8656,11,0.041474443502418766
ENSG00000198585.12,7029,1112,5.16316939753636
ENSG00000261167.1,3473,107,1.005504745082644
ENSG00000114686.9,2715,1363,16.384423009218317
ENSG00000138246.17,9630,1262,4.2769896355296355
ENSG00000240303.8,5033,11,0.07132978004310289
ENSG00000081307.15,8072,1223,4.944819393147286
ENSG00000113971.21,11488,176,0.5000038759845918
ENSG00000144868.14,8408,256,0.993693370350487
ENSG00000091527.17,4411,6157,45.5551232387185
ENSG00000163781.14,7337,407,1.8104270095961106
ENSG00000091513.16,26038,10,0.012534225605825641
ENSG00000144867.13,4190,236,1.8382438007775461
ENSG00000154917.11,6055,53,0.28567145854992354
ENSG00000174640.15,5127,15,0.09548454251740435
ENSG00000163785.14,8162,786,3.142903782541627
ENSG00000114019.15,6479,202,1.0175330390113688
ENSG00000129055.13,2356,938,12.993695416484288
ENSG00000182923.20,24294,449,0.6031876540697091
ENSG00000174611.12,9001,346,1.2545571997363947
ENSG00000154928.19,5843,189,1.055676971338837
ENSG00000073711.11,7785,9374,39.29809175498717
ENSG00000174579.5,5781,641,3.6187634079570468
ENSG00000114054.14,7498,1267,5.514883071927533
ENSG00000118007.13,7843,504,2.097265686950682
ENSG00000168917.9,4283,16,0.12192058513172563
ENSG00000239213.7,5815,172,0.9653479038316758
ENSG00000273486.1,1684,196,3.798561080736322
ENSG00000158092.7,5510,408,2.4166496526386774
ENSG00000158163.15,5045,18,0.11644382544778563
ENSG00000138231.14,5769,150,0.8485859758827043
ENSG00000114098.18,9843,1449,4.804476023612549
ENSG00000181322.15,4119,20,0.15846864108982184
ENSG00000158186.13,6258,881,4.594576422688942
ENSG00000158220.14,9816,28,0.09309548346664288
ENSG00000280399.1,3691,11,0.09726436818123459
ENSG00000114107.9,4409,573,4.241501776002079
ENSG00000158234.13,4072,93,0.7453844171949261
ENSG00000174715.7,504,13,0.8418174925036398
ENSG00000051382.9,7841,1184,4.928166572225403
ENSG00000175110.14,16385,785,1.5636096464127136
ENSG00000184432.11,18721,975,1.6997329852378391
ENSG00000248932.8,14080,83,0.1923891463418502
ENSG00000114115.11,3905,72,0.601750677986252
ENSG00000163864.18,12983,404,1.0155736824701007
ENSG00000158258.16,14596,214,0.47850342281063607
ENSG00000114120.14,10339,2410,7.607529363013988
ENSG00000155893.13,13343,66,0.16143421252653986
ENSG00000177311.12,14243,2063,4.7271881003118645
ENSG00000155903.14,6003,276,1.5005340980436233
ENSG00000114125.14,3102,866,9.111318505383839
ENSG00000069849.11,2617,203,2.5316137471865146
ENSG00000244124.1,376,13,1.1283936601644535
ENSG00000114126.18,11897,1577,4.32612796750204
ENSG00000233597.3,576,10,0.5666079276466807
ENSG00000175066.16,12143,413,1.110015866688739
ENSG00000114127.11,11982,641,1.7459582090969528
ENSG00000175054.16,27234,175,0.20971608690161345
ENSG00000120756.13,5288,32,0.1974984365049852
ENSG00000144935.17,4808,49,0.33261110960690343
ENSG00000163710.9,3533,29,0.26789184328927695
ENSG00000188582.10,10807,147,0.4439328810002752
ENSG00000163714.18,11297,1797,5.191466768921882
ENSG00000175040.6,4142,19,0.14970925060756332
ENSG00000181804.15,4041,46,0.371513082180808
ENSG00000181744.9,5463,197,1.1769016065517874
ENSG00000152952.14,14518,173,0.38890581880518277
ENSG00000114698.15,4231,136,1.0490616549309946
ENSG00000188313.13,4332,165,1.2430844285212495
ENSG00000174963.18,8517,23,0.08813457585374224
ENSG00000152977.10,6825,67,0.32038876401085276
ENSG00000144891.19,3478,160,1.5013969698653848
ENSG00000241627.3,1801,74,1.3409825823438155
ENSG00000163754.18,7551,7717,33.354094895061245
ENSG00000071794.16,6024,412,2.232119198633617
ENSG00000163755.9,6202,52,0.2736381916941854
ENSG00000163762.7,4357,288,2.1572975878231024
ENSG00000169908.12,3495,703,6.564675677428186
ENSG00000018408.15,8353,560,2.188016917774612
ENSG00000114744.9,4895,298,1.9868665488191513
ENSG00000082996.20,3573,943,8.613582279428835
ENSG00000070087.15,3608,4350,39.3484707181686
ENSG00000242791.2,721,12,0.5431891811225876
ENSG00000224831.3,1128,10,0.28933170773447525
ENSG00000243944.5,1032,14,0.4427447992774063
ENSG00000196428.13,11704,533,1.4862710752815458
ENSG00000120742.11,5743,408,2.318603445244491
ENSG00000144895.12,5905,2049,11.324712528346758
ENSG00000198843.14,4103,1066,8.479315946914557
ENSG00000181788.4,2619,228,2.841217484611809
ENSG00000144893.13,14345,54,0.12285655616258177
ENSG00000174944.9,2890,81,0.9147287014630979
ENSG00000152580.9,9222,13,0.04600694168529978
ENSG00000152601.18,9989,11387,37.20424002339519
ENSG00000229619.6,8263,1783,7.04236808128479
ENSG00000169860.7,6309,522,2.700319207820301
ENSG00000181467.5,8402,91,0.35347918514078097
ENSG00000174953.14,10552,634,1.9609187779541835
ENSG00000196549.13,9863,1058,3.5009165970932616
ENSG00000240045.2,783,9199,383.4281435528692
ENSG00000242790.1,444,39,2.8667298393367195
ENSG00000174928.16,2061,38,0.6017425677016277
ENSG00000169359.16,10040,150,0.48759885407045034
ENSG00000163655.16,8765,433,1.6122823732858338
ENSG00000240489.1,873,18,0.6729199305659548
ENSG00000169282.19,6384,84,0.4294291662164316
ENSG00000272990.1,508,13,0.8351890083106978
ENSG00000114850.7,5179,1712,10.78854753325977
ENSG00000243926.3,1325,11,0.27094549657127315
ENSG00000163659.13,4800,253,1.7202216683353226
ENSG00000174912.7,1045,46,1.4366357560695169
ENSG00000240875.6,3961,10,0.08239489177593741
ENSG00000230457.3,1182,14,0.3865589110442329
ENSG00000163660.12,8729,804,3.006053359203671
ENSG00000243176.8,9241,35,0.12361017012614525
ENSG00000168779.21,5011,71,0.4624226264026871
ENSG00000174891.14,17897,265,0.4832487795495856
ENSG00000178053.21,3735,1811,15.824608493002621
ENSG00000168827.15,11789,2779,7.6933715855098175
ENSG00000079257.8,1459,65,1.4539959431865472
ENSG00000118849.10,2029,13,0.20910597152382182
ENSG00000118855.21,5227,205,1.2799897473985087
ENSG00000151967.18,7645,242,1.033101533689027
ENSG00000184100.6,1944,16,0.2686141286621301
ENSG00000068885.15,7080,149,0.6868440505981458
ENSG00000113810.16,8164,375,1.4991096566840154
ENSG00000186432.10,13643,8473,20.269006283569503
ENSG00000293192.1,998,73,2.3872475091871372
ENSG00000229320.4,1397,70,1.6353351211678
ENSG00000260572.1,1715,19,0.36157184607377685
ENSG00000163590.14,12442,1086,2.8486871614563096
ENSG00000169255.15,7816,40,0.16702465011488643
ENSG00000169251.13,4869,674,4.5177818053543835
ENSG00000114200.10,3072,87,0.9242791819736478
ENSG00000114209.15,3275,269,2.6806869844667873
ENSG00000163536.13,2128,57,0.8741950883691644
ENSG00000293511.1,7737,33,0.13920231987473317
ENSG00000173905.9,4584,1029,7.326151508462004
ENSG00000085276.19,9260,199,0.7013700550601849
ENSG00000213178.3,410,57,4.5372857269502
ENSG00000085274.16,5165,303,1.9145972583992232
ENSG00000171757.17,5276,21,0.1299031367098986
ENSG00000008952.17,7928,2431,10.00751955518202
ENSG00000173890.17,4381,32,0.23838660859127178
ENSG00000173889.16,16919,1202,2.318648453939563
ENSG00000163558.13,5778,581,3.2817366326501833
ENSG00000136603.15,8118,1049,4.217271599832323
ENSG00000013297.12,4321,16,0.12084838373505692
ENSG00000163584.18,2051,39,0.6205890047125808
ENSG00000163577.8,5541,53,0.3121712112470288
ENSG00000154310.17,11448,1043,2.9734443699898763
ENSG00000075651.17,9954,124,0.40656424175443556
ENSG00000075420.13,13324,677,1.6582850090189014
ENSG00000121858.11,3441,380,3.604159930348895
ENSG00000144959.11,4808,212,1.4390521476870108
ENSG00000114346.14,5499,51,0.30268547886068176
ENSG00000177694.16,13546,39,0.093963387617415
ENSG00000214192.3,440,57,4.227925336476322
ENSG00000177565.19,11705,1350,3.7641548444088753
ENSG00000172667.11,11298,311,0.8983880131608762
ENSG00000121879.6,17189,776,1.4733849849776177
ENSG00000171121.17,8964,27,0.09830306214593014
ENSG00000121864.10,6819,619,2.962614121643322
ENSG00000260743.1,1566,29,0.6043817894897927
ENSG00000171109.19,5945,973,5.341535405108947
ENSG00000114450.11,7975,121,0.4951762523543957
ENSG00000136518.17,3668,165,1.4681138888642455
ENSG00000136522.14,1365,575,13.748025321361219
ENSG00000136521.13,5871,2329,12.946802952984717
ENSG00000058056.10,15296,11986,25.574168864835997
ENSG00000114757.19,10236,31,0.09884086709709973
ENSG00000163728.11,7900,488,2.016034040080382
ENSG00000284862.3,10601,18,0.05541544188133935
ENSG00000285336.1,3101,123,1.294519137630185
ENSG00000114416.19,11874,16550,45.48896793557586
ENSG00000205981.9,4895,1405,9.367609064063448
ENSG00000058063.16,9187,438,1.5559854234257733
ENSG00000043093.15,8307,1284,5.04459079764828
ENSG00000078070.14,4311,343,2.596696707244245
ENSG00000243368.2,765,11,0.469284683603839
ENSG00000053524.13,20884,96,0.15002466944623086
ENSG00000176597.12,8125,857,3.442409902031831
ENSG00000291106.1,2071,202,3.183291433971346
ENSG00000172578.12,10543,21,0.06500701406444323
ENSG00000114796.16,8650,4125,15.563704463451018
ENSG00000163872.16,10232,228,0.7272428256644182
ENSG00000233885.7,3271,15,0.14966348195864632
ENSG00000180834.8,2362,33,0.45597305201981814
ENSG00000175193.14,2268,56,0.8058423859863902
ENSG00000114770.17,11365,3534,10.148508858695475
ENSG00000145191.15,7203,955,4.327081616547079
ENSG00000161202.20,6302,1432,7.4160004788427
ENSG00000161203.14,6709,2059,10.016216074856475
ENSG00000161204.12,5135,818,5.198978073095058
ENSG00000214160.10,3455,231,2.1820719079871704
ENSG00000175166.17,4960,3836,25.240738185901943
ENSG00000114867.22,8752,10202,38.04373433320872
ENSG00000175182.15,8925,190,0.6947851159849044
ENSG00000114859.16,8522,11,0.0421265880024568
ENSG00000163882.10,3154,205,2.1212766042016504
ENSG00000090534.20,2705,24,0.2895670237259783
ENSG00000090539.16,6639,75,0.36869200895220067
ENSG00000177383.5,1701,329,6.312432023560056
ENSG00000156931.16,10366,1167,3.6742168252042986
ENSG00000187068.3,7159,34,0.1549999951813465
ENSG00000113790.11,4651,131,0.9192424809397535
ENSG00000073803.14,12604,129,0.334030747824968
ENSG00000229638.1,1284,67,1.7030010236558177
ENSG00000163900.11,8668,313,1.1785026541251127
ENSG00000163904.13,7102,954,4.384023129731929
ENSG00000073792.16,5330,33,0.20206535626094008
ENSG00000136527.19,13084,1217,3.035674292394543
ENSG00000244405.8,5773,63,0.3561591629731985
ENSG00000058866.15,10975,73,0.21708182361446585
ENSG00000213139.8,2080,39,0.611936561858415
ENSG00000113838.13,3398,116,1.114139943897605
ENSG00000090520.12,9385,167,0.5807474669812415
ENSG00000156976.17,6130,11844,63.05841556194513
ENSG00000163918.12,2997,90,0.9800785775510152
ENSG00000223803.1,360,83,7.52455327914792
ENSG00000073849.16,11142,463,1.3561975857856576
ENSG00000127241.18,13122,576,1.4326086861980272
ENSG00000283175.1,1973,87,1.4391209564232366
ENSG00000136514.3,1501,13,0.2826622359905626
ENSG00000113916.18,5936,3930,21.607463504973687
ENSG00000285938.1,1144,64,1.8258247067104227
ENSG00000290021.1,355,96,8.82567661046503
ENSG00000289331.2,252,19,2.46069728577987
ENSG00000270959.2,2864,21,0.2393048007267545
ENSG00000145012.15,26373,1601,1.9812392685151683
ENSG00000188001.10,9538,44,0.1505568391515776
ENSG00000073282.14,7479,561,2.448073529991146
ENSG00000090530.10,5573,14,0.08198683525108258
ENSG00000196083.11,11210,28,0.08151875697667854
ENSG00000152492.15,9183,975,3.4651749119718596
ENSG00000114279.15,11469,35,0.09959731294234093
ENSG00000180611.7,3063,79,0.8417540692012587
ENSG00000127252.7,1166,502,14.051099099047429
ENSG00000187527.12,6206,30,0.15776643554196973
ENSG00000236508.1,476,29,1.9883652990357468
ENSG00000127249.15,8988,20,0.07262264493201782
ENSG00000198836.11,9040,3043,10.985976151829837
ENSG00000230102.8,10693,12,0.03662577383235628
ENSG00000114315.4,2059,433,6.863358427319248
ENSG00000172061.9,5938,12,0.06595476584529904
ENSG00000133657.17,22838,507,0.7245277446646616
ENSG00000231770.8,1705,17,0.32540908079274466
ENSG00000145014.18,4561,73,0.5223576001247014
ENSG00000041802.11,4801,501,3.405737332400927
ENSG00000185112.6,3155,158,1.6344169343666914
ENSG00000233987.2,2733,14,0.16718354659871323
ENSG00000173950.16,5396,53,0.32055980013339264
ENSG00000114331.16,11066,343,1.011599449207477
ENSG00000184203.8,5123,2898,18.462017372796534
ENSG00000189058.9,2022,3007,48.535265189799
ENSG00000061938.21,12245,1125,2.998464165904852
ENSG00000286004.1,1617,11,0.2220178002207402
ENSG00000290762.1,5386,48,0.29085733352349474
ENSG00000290763.1,3353,67,0.6521483192287713
ENSG00000072274.14,17376,2395,4.498428685239117
ENSG00000163959.10,5263,88,0.5457006011125775
ENSG00000161217.12,7967,2757,11.293981681393417
ENSG00000163960.12,11247,463,1.3435363653262022
ENSG00000163961.4,5347,667,4.071184457423481
ENSG00000214097.5,1846,3869,68.40252965923317
ENSG00000185798.8,1797,82,1.4892613043187548
ENSG00000174013.8,5976,596,3.2549236132763535
ENSG00000286661.1,3616,30,0.27076839020283855
ENSG00000174004.6,2902,18,0.20243249461891058
ENSG00000163964.18,4427,442,3.2585011410757563
ENSG00000174007.9,2158,16,0.24197676835921264
ENSG00000180370.10,6270,1393,7.2508464065392655
ENSG00000119231.11,7035,559,2.5933004545186753
ENSG00000230732.4,1413,21,0.4850452578070948
ENSG00000114503.11,5111,783,4.999896463159345
ENSG00000270170.2,870,219,8.215424186788837
ENSG00000119227.8,3198,153,1.5614141165618096
ENSG00000163975.14,14808,32,0.07052753459200174
ENSG00000075711.21,16552,836,1.6483936385166267
ENSG00000291091.1,5255,729,4.527515418659407
ENSG00000213519.2,286,19,2.1681668392186273
ENSG00000249626.1,1497,14,0.3052188596220997
ENSG00000286909.1,1454,12,0.26935309462818824
ENSG00000145016.17,11139,274,0.8028039282961643
ENSG00000122068.13,7897,4300,17.770982844058487
ENSG00000186001.14,12639,1153,2.9772940087992303
ENSG00000234742.1,555,294,17.288586107999905
ENSG00000114473.14,7468,52,0.22725014259337678
ENSG00000182899.17,2899,3231,36.37423537062507
ENSG00000185621.11,8692,152,0.5707277643962516
ENSG00000272602.6,3929,101,0.8389662203810968
ENSG00000289361.1,1549,10,0.21069474907972116
ENSG00000250312.8,5073,22,0.141534706468337
ENSG00000131127.14,12944,187,0.4714962384323182
ENSG00000250321.1,142,26,5.975718538335697
ENSG00000293360.1,2027,19,0.3059179654743598
ENSG00000251595.8,2110,11,0.17014349903172366
ENSG00000182903.16,6390,370,1.8897571446018873
ENSG00000174227.16,10899,329,0.9851772522319165
ENSG00000169020.10,932,596,20.870626086844943
ENSG00000215375.7,4300,62,0.47057447237484323
ENSG00000169026.13,2474,27,0.3561797288100718
ENSG00000185619.19,6874,537,2.5495873045715753
ENSG00000272588.1,719,19,0.8624418859756987
ENSG00000249592.7,6092,85,0.4553697330528806
ENSG00000168993.15,2349,25,0.34734585602861645
ENSG00000178950.18,15155,440,0.9475494106418658
ENSG00000127419.17,3623,214,1.9277493677460789
ENSG00000145214.14,4983,48,0.31438041307596687
ENSG00000145217.14,4293,17,0.1292388732242324
ENSG00000127415.13,4058,31,0.24931865835532602
ENSG00000127418.15,4342,221,1.6611451579390113
ENSG00000178222.14,5005,14,0.09129123533552114
ENSG00000159674.12,5985,95,0.5180415338483937
ENSG00000280927.1,3886,24,0.20156428182675534
ENSG00000159692.18,10541,1599,4.950758940829679
ENSG00000196810.6,11006,196,0.5812081464619268
ENSG00000090316.16,9821,570,1.8941932064449467
ENSG00000163945.19,16920,318,0.6133832203970875
ENSG00000174137.14,4244,14,0.10766084657263982
ENSG00000163950.13,1884,269,4.659899083932446
ENSG00000013810.21,8825,79,0.2921578146134228
ENSG00000168936.12,3442,451,4.276326002682862
ENSG00000168924.15,8093,504,2.0324792762577784
ENSG00000109685.19,20352,762,1.2219487949059546
ENSG00000185049.16,5057,145,0.9357938326488187
ENSG00000185818.8,6056,130,0.7005878735499248
ENSG00000130997.16,7721,12,0.050723921718609725
ENSG00000214367.10,7036,81,0.37572000386986265
ENSG00000123933.17,6873,778,3.6943529375884143
ENSG00000159733.14,9612,89,0.30219089474489635
ENSG00000063978.17,6836,399,1.9049166232222166
ENSG00000251229.1,900,11,0.3988919810632632
ENSG00000125386.16,6951,489,2.2959725986573827
ENSG00000168884.15,2652,244,3.002765632849739
ENSG00000087266.17,13918,568,1.3319153791658949
ENSG00000087274.19,13240,4419,10.892840551268224
ENSG00000109736.15,3134,150,1.5620588688153545
ENSG00000249673.9,8163,78,0.31185300714578057
ENSG00000087269.16,3559,515,4.722634887808692
ENSG00000125388.20,4736,205,1.4126913871731432
ENSG00000197386.14,21404,1359,2.072190338417956
ENSG00000188981.11,5989,18,0.09808968097914152
ENSG00000159788.20,13762,357,0.8466263724592518
ENSG00000175920.18,4036,233,1.8841257867593095
ENSG00000163956.13,11816,808,2.2317523898966347
ENSG00000184160.8,2179,27,0.4044004814484249
ENSG00000132406.12,1748,164,3.062016663456295
ENSG00000145220.14,2304,292,4.136237871820769
ENSG00000168826.16,2889,83,0.9376390379000524
ENSG00000168818.10,5349,347,2.117200592907036
ENSG00000247708.8,21287,44,0.06745953548305292
ENSG00000163132.8,2121,32,0.49239591336084954
ENSG00000152953.13,5282,36,0.22243812926318762
ENSG00000173040.13,5501,13,0.07712707075474176
ENSG00000072840.13,7144,67,0.3060824908138396
ENSG00000072832.15,5869,34,0.1890688303805179
ENSG00000109501.15,6369,253,1.296445911133545
ENSG00000074211.14,9366,16,0.055753348934356274
ENSG00000013288.9,8884,100,0.3673639873080685
ENSG00000179010.16,2639,3279,40.5515217649866
ENSG00000251580.3,3817,27,0.23085895967412046
ENSG00000170846.17,3599,223,2.022218813291493
ENSG00000178988.11,2165,821,12.37628741581546
ENSG00000186222.5,1491,52,1.1382321025401327
ENSG00000170871.12,8499,3234,12.418733755658245
ENSG00000132405.19,6260,524,2.7318829257832546
ENSG00000287104.2,1140,233,6.670466381895239
ENSG00000173011.12,5795,1275,7.180618844930497
ENSG00000109519.14,5282,738,4.559981649895347
ENSG00000245468.5,4567,10,0.07146182752890039
ENSG00000184985.17,6289,22,0.11416847923578849
ENSG00000163995.22,6166,2491,13.184854367731102
ENSG00000125089.18,10601,33,0.10159497678245548
ENSG00000170801.10,3319,366,3.598976103487877
ENSG00000251615.3,3249,103,1.0346480495974844
ENSG00000087008.16,3846,83,0.7043263599826445
ENSG00000155275.19,7752,82,0.34522736891909217
ENSG00000205959.4,4513,51,0.36881618618543965
ENSG00000288075.1,10095,15,0.04849422976589718
ENSG00000071127.18,18461,1670,2.952340056128569
ENSG00000178163.8,10915,564,1.6863996134403232
ENSG00000157869.16,2221,155,2.2776567213100245
ENSG00000038219.13,15862,1596,3.28382550405928
ENSG00000137449.17,7370,308,1.3639183070277112
ENSG00000163145.13,5340,13,0.07945243749472555
ENSG00000048342.18,14588,136,0.30426239799924854
ENSG00000118564.15,4701,3099,21.514757486483482
ENSG00000237765.8,4766,175,1.1983650672846289
ENSG00000109743.11,2865,13,0.14808935993781305
ENSG00000004468.13,6857,1548,7.367869702060778
ENSG00000007062.12,7457,118,0.5164437123010539
ENSG00000169762.17,7758,2459,10.344604318019027
ENSG00000263327.6,2763,32,0.37798470222162933
ENSG00000169744.13,5455,450,2.692296514134182
ENSG00000151552.13,4144,947,7.45822296113152
ENSG00000002549.13,3779,968,8.359948372641028
ENSG00000118579.13,10972,1093,3.251168609120174
ENSG00000047662.5,6731,28,0.13576367043657206
ENSG00000163257.11,4816,522,3.5374405901449912
ENSG00000178177.17,16929,195,0.37593125662044524
ENSG00000145147.20,11067,117,0.3450333555612642
ENSG00000163138.19,8232,157,0.6224427613331466
ENSG00000152990.14,9261,1121,3.950507207102377
ENSG00000237350.1,576,10,0.5666079276466807
ENSG00000248837.7,7714,14,0.059231609133300916
ENSG00000109819.9,10870,2519,7.563168104612561
ENSG00000109606.13,8166,1069,4.272415280441804
ENSG00000109610.6,2018,53,0.8571559373239777
ENSG00000181982.20,12273,250,0.6648051949899945
ENSG00000109618.13,9539,264,0.9032463351469217
ENSG00000281501.1,4356,51,0.38210914790057143
ENSG00000038210.14,3685,66,0.5845364172975905
ENSG00000168228.16,4364,284,2.1239228055947437
ENSG00000053900.11,7444,343,1.5038097131824208
ENSG00000091490.11,7483,99,0.43178204551816546
ENSG00000250317.9,1342,679,16.512863407923057
ENSG00000168214.22,15311,1242,2.6474219748874286
ENSG00000109680.11,4138,97,0.7650439374933626
ENSG00000109689.20,8283,299,1.1781176352894114
ENSG00000169851.16,12903,10,0.025293820532007134
ENSG00000047365.13,12427,16,0.04202026765262581
ENSG00000181826.10,4214,308,2.3854005512088823
ENSG00000169299.14,3677,77,0.6834428829748594
ENSG00000065882.18,9556,3135,10.706968725693493
ENSG00000231160.12,6516,73,0.3656342870117807
ENSG00000109787.13,6771,586,2.8245543267781716
ENSG00000174125.8,4537,16,0.11509496718518425
ENSG00000197712.12,4871,455,3.0485856226163426
ENSG00000109790.18,9168,522,1.8582366799889047
ENSG00000249685.1,455,11,0.7890171053998613
ENSG00000157796.18,8773,128,0.47617541649988004
ENSG00000035928.17,6713,727,3.5344585567987905
ENSG00000163682.17,4938,3513,23.218394943254893
ENSG00000121897.15,11318,728,2.0992628475369086
ENSG00000109814.12,4025,94,0.7621967611056366
ENSG00000249348.2,3482,36,0.33742624892824724
ENSG00000287262.1,2631,12,0.1488557201023891
ENSG00000163683.12,6527,267,1.3350661315863077
ENSG00000255458.9,3989,27,0.22090465005668533
ENSG00000078140.14,5180,1557,9.809886505158842
ENSG00000121892.15,12204,1334,3.5674571114132014
ENSG00000078177.15,10053,32,0.10388657437962416
ENSG00000260296.1,1157,14,0.3949115236424229
ENSG00000163694.15,8544,12,0.04583794470849551
ENSG00000163697.18,12950,864,2.177454576867627
ENSG00000154277.13,2207,397,5.870746172669768
ENSG00000064042.18,10862,11528,34.637720174817694
ENSG00000109133.14,8462,420,1.6198746142316827
ENSG00000182308.7,4710,21,0.14551357734212844
ENSG00000014824.14,7199,1839,8.337093761227026
ENSG00000178343.5,2322,15,0.2108308567987649
ENSG00000124406.17,11215,4584,13.339835099700876
ENSG00000124399.4,390,40,3.3473452956357748
ENSG00000183783.7,2712,20,0.24068301351363425
ENSG00000177752.15,4479,1421,10.354238051955738
ENSG00000151806.14,4463,1959,14.325595335641319
ENSG00000163281.12,7216,361,1.6327353941676854
ENSG00000249936.3,579,20,1.1273442705509087
ENSG00000169019.11,1758,83,1.5408641527265363
ENSG00000145246.14,7978,62,0.25363126487989796
ENSG00000242262.1,616,18,0.9536673691299975
ENSG00000259959.1,4218,67,0.518409984441458
ENSG00000170448.12,4494,98,0.7117019203337747
ENSG00000163293.12,5983,65,0.35456795606036645
ENSG00000198515.16,3590,93,0.8454610993921279
ENSG00000074966.11,3466,17,0.16007573074195894
ENSG00000135605.13,4004,21,0.17117106625410214
ENSG00000109171.15,6306,3391,17.550074056554696
ENSG00000075539.15,18165,469,0.8426409689302775
ENSG00000109180.15,4714,2577,17.841442736915692
ENSG00000248256.1,265,13,1.601041570648432
ENSG00000145247.12,2483,17,0.22344844250971796
ENSG00000109184.15,7625,675,2.8891431117249766
ENSG00000188993.4,3437,130,1.23443705621715
ENSG00000163069.13,4358,5250,39.31671347415242
ENSG00000163071.11,4975,32,0.2099239662790677
ENSG00000109189.13,8895,724,2.656426131747379
ENSG00000248866.1,1048,18,0.5605525757481665
ENSG00000226950.8,10179,740,2.372639385795473
ENSG00000184178.17,3167,139,1.4324249169278132
ENSG00000145216.17,13014,174,0.43635863639512007
ENSG00000072201.14,5624,58,0.33657961676423026
ENSG00000229585.4,472,24,1.6594889813109563
ENSG00000109220.11,1233,71,1.8793185570996471
ENSG00000134853.12,9547,325,1.1110192108040076
ENSG00000157404.17,11327,73,0.21033574769742763
ENSG00000128052.10,6341,327,1.6830426807775996
ENSG00000128039.13,7702,29,0.12288520934056289
ENSG00000134851.13,7048,279,1.2919432520506835
ENSG00000134852.15,11533,700,1.9808923647545447
ENSG00000090989.18,5367,412,2.505363527588766
ENSG00000174799.12,11029,77,0.2278556061926338
ENSG00000157426.14,4654,149,1.0448766390706645
ENSG00000242083.2,798,10,0.4089801583013635
ENSG00000128059.8,5439,132,0.7920635034902082
ENSG00000128050.9,7516,812,3.5259356979175664
ENSG00000289393.1,679,12,0.5767885119136755
ENSG00000174780.17,6145,965,5.125196916242977
ENSG00000171476.23,7730,175,0.7388626016401735
ENSG00000280285.1,3226,11,0.1112841856655105
ENSG00000084093.19,9408,482,1.6720715579124497
ENSG00000084092.7,2218,497,7.313074150733569
ENSG00000047315.17,5891,2089,11.573229018025048
ENSG00000163453.11,1930,1241,20.985513596305164
ENSG00000150471.17,14923,38,0.0831060398065439
ENSG00000205678.8,6023,3192,17.296377268931863
ENSG00000243199.1,870,61,2.2883144995165257
ENSG00000145241.11,8496,194,0.745233477718346
ENSG00000033178.13,11408,552,1.5791911273765553
ENSG00000248049.8,13720,27,0.06422657792099984
ENSG00000227725.3,1104,11,0.32518368021461674
ENSG00000083896.13,7033,192,0.8909754576183947
ENSG00000132464.13,5807,173,0.9722980329625698
ENSG00000132467.4,2020,239,3.8614610768095368
ENSG00000018189.13,9405,827,2.8698013774625375
ENSG00000132463.15,7736,6565,27.696404885215408
ENSG00000173542.9,8801,471,1.7466022535942949
ENSG00000156136.10,3103,306,3.218435285056182
ENSG00000080493.19,9331,139,0.4861740126364146
ENSG00000163626.17,6976,262,1.2257444893494247
ENSG00000132466.20,12041,1781,4.827324493180909
ENSG00000081041.9,1398,14,0.32683307071121837
ENSG00000163738.19,9819,183,0.6082595828229077
ENSG00000169116.11,5034,1287,8.343926421525946
ENSG00000163743.14,6337,721,3.713271357423953
ENSG00000174796.12,7127,472,2.1614259927761803
ENSG00000138757.15,13799,3937,9.311570380603735
ENSG00000138768.15,4604,7898,55.98696745505662
ENSG00000138744.16,4416,79,0.583852516748971
ENSG00000198301.12,3491,551,5.151181828839671
ENSG00000138755.6,2761,83,0.9811079972811485
ENSG00000156219.18,4526,4068,29.33401600989875
ENSG00000169245.6,1175,12,0.33331012731011544
ENSG00000138750.16,15569,2236,4.687229416799764
ENSG00000138760.11,19388,4158,6.999332162044674
ENSG00000189157.14,9511,38,0.13039548228714695
ENSG00000287401.1,1889,60,1.036631549998374
ENSG00000289515.2,705,134,6.20327181382715
ENSG00000118804.9,2244,179,2.603366478256834
ENSG00000163749.18,6037,16,0.08649757596806044
ENSG00000289586.2,3633,37,0.33238503038827577
ENSG00000138758.12,9740,503,1.6854433435443275
ENSG00000118816.11,4048,7960,64.1767461448351
ENSG00000289443.1,1889,33,0.5701473524991056
ENSG00000138764.15,7416,181,0.7965517274100908
ENSG00000138767.14,9353,593,2.0692305851643473
ENSG00000169288.18,1628,952,19.084802846493407
ENSG00000138759.20,20323,645,1.0358026732239078
ENSG00000249565.2,1181,129,3.5648802248822147
ENSG00000138772.13,4895,387,2.580259578500039
ENSG00000138756.19,9931,47,0.15445785738849
ENSG00000163291.14,12403,403,1.0604334840665055
ENSG00000250334.8,6325,14,0.07223915143941238
ENSG00000163297.18,10149,287,0.9229193983163669
ENSG00000152784.16,4589,70,0.49783464028577384
ENSG00000138670.19,10183,82,0.262810818409192
ENSG00000273156.2,1899,97,1.6670625662704235
ENSG00000289480.1,1190,29,0.7953461196142986
ENSG00000138668.20,7013,1626,7.566966867868495
ENSG00000152795.18,5529,5941,35.0685728727398
ENSG00000145293.17,2083,308,4.825769526065402
ENSG00000249242.8,3497,197,1.8385511800378653
ENSG00000145284.12,4231,15,0.11570532958797734
ENSG00000138674.17,9297,1855,6.511877364009092
ENSG00000251022.6,4397,336,2.4939511458955645
ENSG00000168152.13,4332,339,2.553973462234567
ENSG00000189308.11,6762,286,1.380371540502863
ENSG00000138663.9,3566,1640,15.009548871905789
ENSG00000173085.15,2774,676,7.953263461981035
ENSG00000163312.11,3712,368,3.2355266489065624
ENSG00000163319.11,4866,85,0.5701011947715061
ENSG00000163322.14,7699,224,0.9495521659525306
ENSG00000138678.11,3623,626,5.639117309388062
ENSG00000163625.17,18000,675,1.2238731237168303
ENSG00000180769.10,9357,183,0.6382922778388513
ENSG00000138639.18,7870,152,0.6303387202201041
ENSG00000109339.24,42623,51,0.03905092199645471
ENSG00000163629.13,9496,40,0.13747521749135974
ENSG00000285458.1,2497,19,0.24833628995455642
ENSG00000284968.1,2801,256,2.9828539299917507
ENSG00000172493.23,10953,3581,10.670293450269257
ENSG00000235043.3,445,59,4.327101980481976
ENSG00000145332.14,7354,777,3.4482800004640635
ENSG00000198189.11,2332,157,2.1972336240542294
ENSG00000170502.13,3194,626,6.396531625520649
ENSG00000152583.13,3476,5138,48.24135105222151
ENSG00000183199.6,2173,115,1.727202444883393
ENSG00000118762.8,5531,208,1.2273397684956342
ENSG00000118777.12,5602,10,0.058258865820151384
ENSG00000163644.15,11371,782,2.2444669955654706
ENSG00000138642.16,5779,125,0.7059313166734904
ENSG00000138646.9,4764,10,0.06850675195728129
ENSG00000138641.18,6969,15,0.07024669959631684
ENSG00000177432.8,1917,64,1.0895897049956826
ENSG00000248019.3,9781,118,0.3937348699140128
ENSG00000138640.15,13215,337,0.8322769432565454
ENSG00000180346.5,3186,74,0.7580381766482146
ENSG00000185477.5,14998,224,0.4874384668401476
ENSG00000138722.10,5510,19,0.11254005735327174
ENSG00000187653.11,135,43,10.395366779224434
ENSG00000163104.18,6313,433,2.2385007131079258
ENSG00000163110.15,11090,24648,72.53627833693402
ENSG00000138696.11,6561,128,0.6367149716435676
ENSG00000182168.16,10684,11,0.03360190780203453
ENSG00000138698.15,5421,117,0.7043874093334275
ENSG00000168785.8,7412,206,0.9070619301517073
ENSG00000260641.2,5657,14,0.08076942422737905
ENSG00000151247.13,4971,510,3.3483553575837637
ENSG00000287512.1,1077,10,0.3030326521118738
ENSG00000164024.12,4074,777,6.224509357735082
ENSG00000272777.1,870,18,0.6752403441196305
ENSG00000197894.12,4866,1241,8.32347744366399
ENSG00000246090.9,8216,25,0.09930810805881453
ENSG00000196616.15,10667,674,2.062161770907518
ENSG00000248144.6,1574,58,1.2026199267357247
ENSG00000145331.14,4386,81,0.6027282141423513
ENSG00000138823.14,5123,30,0.19111819226497448
ENSG00000248713.2,10451,4114,12.847291247334645
ENSG00000070190.13,4590,64,0.4550639356158439
ENSG00000109270.13,4164,700,5.486462930526938
ENSG00000164031.17,12970,316,0.7951558100118599
ENSG00000164032.12,2270,429,6.167889222608166
ENSG00000145358.6,2994,6325,68.94676025392073
ENSG00000164035.10,5172,819,5.168095325207961
ENSG00000286150.1,1336,11,0.26871465790189886
ENSG00000138814.17,5213,2632,16.47795414859107
ENSG00000254531.3,1685,32,0.6198051823373066
ENSG00000138821.14,8482,63,0.24240825841125616
ENSG00000109320.14,15679,357,0.7431132175383777
ENSG00000109323.11,11743,105,0.29182021173525713
ENSG00000109332.20,10044,5440,17.676542660346623
ENSG00000246560.3,1383,72,1.699086332274992
ENSG00000145354.12,6352,257,1.3204676439765968
ENSG00000164038.16,8611,39,0.1478141968024043
ENSG00000164039.15,5213,197,1.2333423127934806
ENSG00000168772.12,8112,13,0.05230227024430898
ENSG00000168769.14,16474,389,0.7706473151646587
ENSG00000138777.20,4640,759,5.338618970695828
ENSG00000138785.16,3895,224,1.8769196728288915
ENSG00000138780.15,6292,66,0.3423421325082043
ENSG00000168743.13,6111,42,0.22430664352198493
ENSG00000145348.17,10829,159,0.47919679052168807
ENSG00000164022.18,9258,1471,5.18561925538261
ENSG00000155011.9,4335,145,1.091651536725508
ENSG00000138801.9,3260,97,0.9710895132967897
ENSG00000164023.15,7635,63,0.26930017653494104
ENSG00000245293.5,6974,116,0.5428516675314111
ENSG00000155016.18,5920,180,0.9923295597704029
ENSG00000138796.18,12881,3792,9.607798328565009
ENSG00000109475.17,3505,2892,26.928700513849343
ENSG00000198856.13,1616,147,2.9688011416893403
ENSG00000164089.9,2942,36,0.3993603666785034
ENSG00000247950.9,7082,15,0.06912584714582493
ENSG00000138802.11,5219,1122,7.016341034988994
ENSG00000005059.16,3555,52,0.47738510967295017
ENSG00000138794.10,1943,36,0.604692845480266
ENSG00000123739.11,5221,1062,6.638591622995716
ENSG00000205403.15,5319,33,0.2024832391184077
ENSG00000109534.17,1964,116,1.9276209416313959
ENSG00000183423.12,3992,13,0.1062815671898383
ENSG00000138798.13,7628,1051,4.496733623584648
ENSG00000170522.10,7274,12,0.05384099526936839
ENSG00000138792.10,7720,254,1.0737954176997404
ENSG00000250511.1,1447,12,0.2706561158185112
ENSG00000164093.18,5995,976,5.3133174033811565
ENSG00000289096.1,797,12,0.49139196937187657
ENSG00000174749.6,8844,487,1.7971542627773145
ENSG00000260526.1,2036,32,0.5129527172094115
ENSG00000138660.12,6504,216,1.0838728770923958
ENSG00000145365.12,5876,95,0.5276512219337366
ENSG00000073331.18,12326,76,0.20123177543940524
ENSG00000138658.16,9103,91,0.3262586085414524
ENSG00000174720.18,8094,720,2.903183095547707
ENSG00000241741.1,796,48,1.9680371838662596
ENSG00000145362.21,55143,4677,2.7681021342684122
ENSG00000234841.4,1301,18,0.45154427316224327
ENSG00000196656.8,348,64,6.002136392174494
ENSG00000145349.20,15626,3080,6.432918163825824
ENSG00000269893.10,6614,139,0.685892003615117
ENSG00000291201.1,7149,163,0.7441276417805505
ENSG00000145388.15,6838,315,1.503441684589262
ENSG00000150961.15,9920,109,0.35860798517509274
ENSG00000172403.11,19530,36960,61.76391964850526
ENSG00000172399.6,2549,4321,55.324762835940085
ENSG00000145390.12,11949,3211,8.770288392902595
ENSG00000164096.13,2960,1283,14.146209168726966
ENSG00000291202.1,10418,185,0.5795521287198147
ENSG00000291203.1,9343,172,0.6008239388613074
ENSG00000138735.16,9586,438,1.4912203301703084
ENSG00000164109.14,5517,25,0.14789113935313034
ENSG00000250938.8,6860,46,0.21884611736044388
ENSG00000138738.11,9517,84,0.2880609222576127
ENSG00000173376.14,3573,120,1.0961080313165006
ENSG00000164111.15,2925,958,10.689189310730242
ENSG00000123737.13,4710,276,1.912464159353688
ENSG00000145386.11,2748,11,0.13064147851416916
ENSG00000138686.10,4930,159,1.0525805364217768
ENSG00000138688.17,45272,3454,2.489991028637528
ENSG00000287692.1,4507,28,0.20275688167485395
ENSG00000293471.1,3858,75,0.6344598878780873
ENSG00000181004.10,3431,12,0.11414730387332722
ENSG00000138685.18,6801,89,0.4270929099085346
ENSG00000273007.2,2849,29,0.3322084529101493
ENSG00000170917.14,6582,67,0.33221715502492705
ENSG00000145375.9,9313,118,0.4135209666733554
ENSG00000164056.11,3963,475,3.9117822105508915
ENSG00000249464.8,14472,75,0.16913669481990468
ENSG00000151458.12,8798,137,0.5082082835468841
ENSG00000196159.14,21269,235,0.3606001649642893
ENSG00000164066.13,16041,171,0.3479123149522315
ENSG00000164070.12,11439,140,0.39943407015847826
ENSG00000164073.11,8849,320,1.180214410937238
ENSG00000164074.17,6724,882,4.281007714131446
ENSG00000138709.20,9592,557,1.8951830133730174
ENSG00000164040.18,4626,1591,11.22456918768397
ENSG00000251432.8,6613,10,0.04935221024111418
ENSG00000077684.16,9052,423,1.5251092394527006
ENSG00000151466.12,8980,67,0.24350259625546436
ENSG00000151470.13,7015,86,0.4001067755367922
ENSG00000254535.4,4985,22,0.14403321282123846
ENSG00000189184.12,6686,81,0.39538826611252664
ENSG00000151014.6,2512,205,2.663418156708601
ENSG00000109381.21,8560,905,3.4504834173324967
ENSG00000179967.11,445,83,6.087279057288204
ENSG00000109390.13,2994,2685,29.268308503047773
ENSG00000164134.14,10035,1012,3.291306032091499
ENSG00000273247.7,7954,88,0.3610789871329514
ENSG00000293157.1,997,22,0.7201660641061923
ENSG00000172007.7,4714,343,2.374705028623237
ENSG00000145391.14,13909,9073,21.289238817039905
ENSG00000085871.9,3172,712,7.325747491268458
ENSG00000178458.5,411,18,1.4293408744138165
ENSG00000196782.13,6844,106,0.5054765287901188
ENSG00000153130.18,6296,905,4.691254455585478
ENSG00000196951.13,9363,13,0.04531411045838241
ENSG00000241923.2,622,59,3.0957562400554335
ENSG00000153132.13,2822,16,0.18504105815704494
ENSG00000179387.10,6617,236,1.164008089052126
ENSG00000109436.8,5851,168,0.9370964953429157
ENSG00000170153.11,11012,1946,5.767422445218433
ENSG00000109445.11,2536,1122,14.439386380760078
ENSG00000164136.17,7876,113,0.4682500862705326
ENSG00000109452.13,14562,640,1.4343795251179259
ENSG00000250326.2,1686,11,0.2129316624892864
ENSG00000170185.11,10500,2570,7.988200451942232
ENSG00000109458.10,10002,1798,5.866890292455804
ENSG00000245112.2,945,12,0.41443322707871505
ENSG00000153147.6,8146,1280,5.128267774310639
ENSG00000251600.9,17212,30,0.05688464437447503
ENSG00000164161.10,11939,20,0.05467227846963532
ENSG00000164162.14,4522,81,0.584601049807243
ENSG00000164163.11,6254,706,3.6842742792626897
ENSG00000164164.17,9513,2782,9.544314881895573
ENSG00000251333.3,711,25,1.1475603597907458
ENSG00000170365.10,7094,425,1.9552526175346407
ENSG00000151611.17,8375,292,1.1378975590059763
ENSG00000151612.18,19123,474,0.8089607427590197
ENSG00000164167.12,3975,119,0.977045881575197
ENSG00000250673.3,3649,14,0.12521584895979262
ENSG00000120519.16,12495,76,0.19851003313854418
ENSG00000151617.17,4238,137,1.0550298439465517
ENSG00000164168.8,4709,638,4.421779870779856
ENSG00000164169.13,3952,111,0.9166661048081522
ENSG00000071205.12,10755,827,2.5095752631366954
ENSG00000151623.15,6607,825,4.075254839075263
ENSG00000170390.16,4416,27,0.19954453104078754
ENSG00000198589.15,20981,639,0.9939849400950758
ENSG00000145425.10,2280,5348,76.55290603084923
ENSG00000109686.20,7741,1106,4.662976100696084
ENSG00000270681.1,1113,32,0.938339382065015
ENSG00000164142.16,11843,3573,9.846376021931908
ENSG00000059691.12,11741,650,1.8068137987472723
ENSG00000109670.17,11293,1426,4.12112063383264
ENSG00000268471.6,3000,29,0.3154872941136718
ENSG00000164144.16,4269,230,1.7583560143975698
ENSG00000137460.10,6597,11,0.054419097007266465
ENSG00000109654.16,16203,150,0.3021349438293724
ENSG00000121210.16,6393,932,4.7579112625437645
ENSG00000137462.9,5775,12,0.06781634624924426
ENSG00000145423.5,1996,15,0.245265155053473
ENSG00000171566.12,5015,719,4.679108147304226
ENSG00000164114.19,8857,22,0.08106645206208353
ENSG00000164116.17,10461,315,0.9827487084620374
ENSG00000061918.14,3944,227,1.87842595729358
ENSG00000145431.11,5998,99,0.5386837356806322
ENSG00000109738.11,3391,120,1.1549377752562244
ENSG00000164125.16,7880,371,1.5365716714008257
ENSG00000248429.5,5639,12,0.06945192402720086
ENSG00000164124.11,9248,64,0.22585893863286371
ENSG00000205208.5,3630,81,0.728255081881089
ENSG00000171503.13,23865,3939,5.386785372521092
ENSG00000171497.5,2516,794,10.29947281644052
ENSG00000052795.13,10981,507,1.5068540781942943
ENSG00000109756.10,13275,874,2.1487309180233716
ENSG00000145414.9,4777,194,1.3254141985964139
ENSG00000164128.7,3980,95,0.7790147186137277
ENSG00000164129.12,3338,12,0.1173275612910083
ENSG00000198498.10,3406,145,1.3894038202304981
ENSG00000145416.14,10421,72,0.2254904901195964
ENSG00000273449.1,927,11,0.38727376802258556
ENSG00000250486.5,2175,17,0.25509079666741596
ENSG00000170088.14,10182,328,1.0513465189003346
ENSG00000109466.14,3929,46,0.38210342710426193
ENSG00000052802.13,2852,139,1.590634541343052
ENSG00000109472.14,3119,627,6.5608075115567175
ENSG00000038295.8,8105,21,0.08456125222472854
ENSG00000137628.18,17337,124,0.23342795538003414
ENSG00000181381.15,12156,163,0.4376249186483346
ENSG00000129116.20,10128,5210,16.78878087036515
ENSG00000145439.12,5110,927,5.92057605054404
ENSG00000154447.15,5472,294,1.753502428717096
ENSG00000137601.18,16336,416,0.8310989544012429
ENSG00000109572.16,7828,1475,6.149592428827541
ENSG00000056050.7,1422,267,6.1279723212825825
ENSG00000229204.3,482,59,3.9949385504449784
ENSG00000198948.12,8741,505,1.885538428027302
ENSG00000109576.14,2970,97,1.0659097014638161
ENSG00000109586.12,6807,57,0.2732903111575704
ENSG00000164104.12,2401,422,5.736215001621574
ENSG00000272870.4,9078,21,0.07549779128458085
ENSG00000164105.4,1309,38,0.9474342490703244
ENSG00000234801.3,971,10,0.3361134565648693
ENSG00000164117.14,2213,144,2.123665971564676
ENSG00000164118.13,7079,202,0.9312892442088797
ENSG00000164120.14,5531,29,0.17111948695371823
ENSG00000150628.7,2437,17,0.22766618085828058
ENSG00000164122.9,4218,10686,82.68252378718537
ENSG00000129128.13,6829,1186,5.668037388502604
ENSG00000289520.1,1192,13,0.3559362552196598
ENSG00000150630.4,2615,58,0.7238714205285012
ENSG00000038002.9,2605,148,1.8542108489836557
ENSG00000218336.9,12010,172,0.4674020033956032
ENSG00000129187.15,3349,431,4.20017371411927
ENSG00000151718.16,10002,273,0.8908014737710982
ENSG00000168564.6,4015,238,1.9346238501924822
ENSG00000168556.7,2695,282,3.415037436122658
ENSG00000182552.15,2754,706,8.366540066270463
ENSG00000168538.16,5841,971,5.425467342939187
ENSG00000173320.12,11365,106,0.3043978322076175
ENSG00000168310.12,6723,422,2.048587270399137
ENSG00000270426.1,686,19,0.9039296151844421
ENSG00000271646.1,2503,30,0.3911699955946721
ENSG00000164305.20,7650,239,1.0196276307392502
ENSG00000164306.11,2789,88,1.029767753193078
ENSG00000151725.12,3483,11,0.10307286332384062
ENSG00000151726.16,6505,8762,43.960343571639726
ENSG00000151729.11,4819,34086,230.8470044684893
ENSG00000164323.15,7192,293,1.3296063227624444
ENSG00000109762.17,5048,201,1.2995166289861746
ENSG00000109771.16,7392,74,0.32671937646120286
ENSG00000186352.9,2253,45,0.6518631817399894
ENSG00000109775.11,2778,1044,12.265164781957004
ENSG00000168491.10,3534,76,0.701862723278469
ENSG00000249679.3,5931,837,4.60577442612707
ENSG00000154553.17,9012,36650,132.7265867265034
ENSG00000154556.20,25610,396,0.5046505344181854
ENSG00000164342.14,7496,38,0.16544709605563696
ENSG00000109794.14,8261,166,0.6558138676899289
ENSG00000145476.16,9767,523,1.747614466957175
ENSG00000088926.15,3995,18,0.14704858557799214
ENSG00000083857.15,16158,169,0.34135339837132367
ENSG00000180015.12,1122,27,0.7853731275188214
ENSG00000278974.1,775,100,4.211176339670814
ENSG00000185028.4,2570,1295,16.445299042420704
ENSG00000164366.4,9642,554,1.8752007482240862
ENSG00000260774.1,2881,16,0.18125160226281878
ENSG00000073578.18,8703,1122,4.207547266644555
ENSG00000249915.9,9294,56,0.19664843247440641
ENSG00000250848.1,1203,10,0.27129357134205156
ENSG00000221990.5,1663,63,1.236384153845024
ENSG00000180104.16,8165,976,3.9012048785388904
ENSG00000066230.12,5754,11,0.062391863565682465
ENSG00000225138.8,4731,46,0.317329183067564
ENSG00000171368.12,5979,307,1.6757720866636199
ENSG00000206077.14,7690,146,0.619628872345582
ENSG00000188818.13,7054,47,0.21745406602283723
ENSG00000028310.18,9549,353,1.2064850425441858
ENSG00000113504.21,6004,15,0.08153718345881614
ENSG00000049656.14,6549,63,0.3139573748426133
ENSG00000291055.1,4865,81,0.5433845729143584
ENSG00000291079.1,4273,81,0.6186674344086949
ENSG00000171421.13,1395,499,11.674316630531866
ENSG00000145494.12,887,1595,58.687038927571415
ENSG00000113430.10,2974,14,0.1536357205293488
ENSG00000249116.2,851,131,5.023968012750639
ENSG00000248994.2,14412,22,0.04981998098208949
ENSG00000164151.12,8681,1203,4.522733534020956
ENSG00000286986.1,899,31,1.1254005735327173
ENSG00000133398.4,1864,239,4.184630566070421
ENSG00000215218.4,5895,662,3.665044989089247
ENSG00000250056.8,7376,75,0.33185279927245936
ENSG00000037474.15,5506,863,5.115401408246154
ENSG00000145545.13,10030,91,0.2961048966652883
ENSG00000112941.14,6356,345,1.771496654845003
ENSG00000078295.17,17608,3651,6.767167612736857
ENSG00000124275.15,6498,1468,7.373122994218966
ENSG00000124279.12,2857,138,1.576427404717513
ENSG00000272049.1,587,11,0.6115890680697391
ENSG00000247516.8,7217,539,2.4374582741984074
ENSG00000112902.12,12308,170,0.450781997685757
ENSG00000150756.14,3285,111,1.102789785753978
ENSG00000150753.12,5638,1103,6.384921629228633
ENSG00000271980.1,2550,10,0.1279867318919561
ENSG00000164237.9,4882,5946,39.749553973072636
ENSG00000259802.3,4847,24,0.16160074255802998
ENSG00000145495.17,11344,4028,11.588530658983057
ENSG00000164236.12,10043,422,1.371368338035786
ENSG00000112977.16,3323,83,0.8151788084541833
ENSG00000038382.23,19917,1293,2.11875007811198
ENSG00000145569.6,7040,20,0.09271766088763865
ENSG00000154124.6,8753,246,0.9172406822326523
ENSG00000154122.14,12695,4423,11.370756625862235
ENSG00000286970.1,4709,29,0.20098999412635707
ENSG00000249485.1,1276,24,0.6138548582905732
ENSG00000183580.10,4870,116,0.7773814228673638
ENSG00000173545.5,1707,202,3.8620952312563905
ENSG00000154153.15,15449,5619,11.870357230741785
ENSG00000145555.15,13982,447,1.043382036525863
ENSG00000145526.12,6485,12,0.06039158050722987
ENSG00000291102.1,10314,126,0.3987021229094968
ENSG00000233974.3,2685,12,0.14586197377630752
ENSG00000213430.6,1726,30,0.5672644837621461
ENSG00000226432.3,877,12,0.44656716030716725
ENSG00000113361.13,12443,89,0.2334371839819934
ENSG00000113360.17,7782,706,2.9608649887572422
ENSG00000082213.18,4146,719,5.659847409245223
ENSG00000279923.1,1303,61,1.5278845852489467
ENSG00000133401.16,15922,427,0.8752565822167844
ENSG00000113384.14,2742,969,11.533508941226438
ENSG00000272086.2,1314,47,1.1673675660008325
ENSG00000230829.3,416,11,0.8629874590310983
ENSG00000150712.11,5523,291,1.719582734029079
ENSG00000056097.16,6771,1995,9.616016863348896
ENSG00000113387.12,9266,2771,9.759989713848007
ENSG00000113389.16,9979,39,0.12755066125518624
ENSG00000240376.1,629,111,5.7594029351380245
ENSG00000113407.14,4257,923,7.076250211827636
ENSG00000151388.11,9605,52,0.1766896475676562
ENSG00000242110.9,4335,20,0.1505726257552425
ENSG00000082196.21,4547,58,0.41630168565692344
ENSG00000290548.1,6571,41,0.20363738881911445
ENSG00000215156.5,3598,11,0.0997784277256634
ENSG00000039560.14,7581,76,0.32718412664109076
ENSG00000113456.20,5627,686,3.9788020276985754
ENSG00000113460.13,4710,232,1.6075785687320856
ENSG00000168724.18,14282,2583,5.902561319256075
ENSG00000152582.14,16140,50,0.10110476032357127
ENSG00000168685.15,6020,18,0.09758456800399976
ENSG00000145626.12,8489,163,0.6266660986086883
ENSG00000164187.7,8352,543,2.1218489980148107
ENSG00000145604.17,17377,139,0.26106288265583155
ENSG00000152620.13,5015,876,5.700832735797639
ENSG00000164188.9,4884,28,0.18710591025973924
ENSG00000079215.15,21227,485,0.7456898792451911
ENSG00000285967.1,6939,235,1.1052896539307493
ENSG00000164190.19,12519,874,2.2784889317645383
ENSG00000197603.16,21307,229,0.35076665925896544
ENSG00000113569.16,9158,384,1.368471367859832
ENSG00000082068.9,6966,341,1.5976293815195295
ENSG00000248587.8,10832,84,0.2530904539443962
ENSG00000168621.15,4628,210,1.4809182136590857
ENSG00000248461.3,4719,13,0.08990803480013444
ENSG00000164318.18,6183,1292,6.819749100618447
ENSG00000251257.3,812,42,1.688100860299076
ENSG00000113594.10,12159,1712,4.595269979007513
ENSG00000244968.7,7796,46,0.19257110891388468
ENSG00000145623.13,7174,125,0.5686614272450656
ENSG00000164327.14,13457,1276,3.0946215964185684
ENSG00000289196.2,1075,14,0.42503500730631
ENSG00000082074.19,8823,29,0.10727211632562796
ENSG00000153071.15,7717,346,1.463297830092949
ENSG00000113638.14,9708,1039,3.492938265462949
ENSG00000171522.6,3544,141,1.2984658423180817
ENSG00000132356.12,6553,1396,6.952650208896466
ENSG00000145592.14,8040,4631,18.798528809063487
ENSG00000132357.14,4275,60,0.45805777729752706
ENSG00000112936.21,10105,35,0.11304122534742286
ENSG00000039537.16,6900,18,0.08513899991073602
ENSG00000083720.13,4100,243,1.9343165467524537
ENSG00000205765.10,5577,199,1.1645484507544044
ENSG00000151876.13,3014,72,0.7796404769529908
ENSG00000112964.14,6948,2656,12.475943260763389
ENSG00000248873.1,932,35,1.2256240151670688
ENSG00000198865.10,3493,19,0.17752525508632333
ENSG00000250722.6,5502,592,3.511609786697509
ENSG00000287263.3,4529,15,0.10809212839185958
ENSG00000177738.6,6378,145,0.741973880794148
ENSG00000177721.5,2234,19,0.27757194092055837
ENSG00000215068.10,6382,130,0.6648010282385373
ENSG00000272144.1,1047,16,0.4987448578024651
ENSG00000172262.12,8516,506,1.9391883532197154
ENSG00000177453.7,3619,12,0.10821757380198554
ENSG00000112972.15,6627,539,2.6544645186192706
ENSG00000151881.15,3158,103,1.0644621637562468
ENSG00000249492.3,3779,10,0.08636310302315112
ENSG00000172239.14,3391,2725,26.226711979776763
ENSG00000248092.8,6987,2994,13.985119535931261
ENSG00000249286.1,994,36,1.182010260330138
ENSG00000112992.18,12018,18275,49.628404805957885
ENSG00000070193.5,6399,38,0.1938101940979926
ENSG00000251141.6,4749,91,0.6253805250690337
ENSG00000112996.11,6180,1668,8.80871788720463
ENSG00000272335.1,2517,310,4.019607133913043
ENSG00000164588.8,13755,72,0.17083507070420312
ENSG00000170571.12,5240,31,0.19307922053547957
ENSG00000151883.20,10097,74,0.23919081220176408
ENSG00000152684.11,4371,297,2.2175875405713326
ENSG00000213949.10,18545,1163,2.0467179910238857
ENSG00000164171.11,7896,28,0.11573268309379009
ENSG00000164172.20,6009,1529,8.304441143453856
ENSG00000247796.3,8072,21,0.08490695605567704
ENSG00000134363.12,2752,20,0.23718471389861054
ENSG00000164258.12,1174,2208,61.38130283172655
ENSG00000185305.12,3794,205,1.7634439666979456
ENSG00000169271.3,679,1112,53.44906877066726
ENSG00000178996.14,6654,441,2.163021931907112
ENSG00000164294.14,4045,59,0.4760347048985117
ENSG00000067248.11,4890,1178,7.862154272602188
ENSG00000039123.16,6347,1361,6.9983354713664445
ENSG00000067113.17,1935,600,10.119881126340715
ENSG00000177058.12,8823,139,0.5141663506642168
ENSG00000164509.16,11428,68,0.19419757884201247
ENSG00000134352.21,12060,3123,8.451422366760998
ENSG00000226221.1,438,163,12.145590207966109
ENSG00000095015.6,7741,161,0.6787876602279109
ENSG00000155542.12,2711,74,0.8908556365921105
ENSG00000155545.20,5763,544,3.080742572974519
ENSG00000062194.16,6472,1722,8.683599171983444
ENSG00000145632.15,4647,144,1.0113347955826615
ENSG00000113448.21,16321,2539,5.077162528631059
ENSG00000049167.16,26458,149,0.18379529360627683
ENSG00000164182.12,6912,498,2.3514228997337248
ENSG00000188725.8,2888,225,2.542672694702556
ENSG00000251279.3,2015,25,0.4049208018914244
ENSG00000130449.6,5518,123,0.7274925418251547
ENSG00000250461.1,744,41,1.7985232284010766
ENSG00000068796.19,13050,181,0.45266111957649297
ENSG00000086189.11,10981,141,0.41906592707178597
ENSG00000086200.17,7540,488,2.1122903072460235
ENSG00000217416.4,387,60,5.059940563170358
ENSG00000164197.12,5435,126,0.7566170553244802
ENSG00000186479.5,4628,13,0.09167588941699102
ENSG00000153006.16,8460,506,1.9520245881819263
ENSG00000153015.17,49554,859,0.5657435058173613
ENSG00000049192.15,8565,11,0.04191509433239193
ENSG00000113593.12,3777,437,3.776066049346076
ENSG00000113595.15,4654,561,3.9340657350244483
ENSG00000113597.18,6761,373,1.8005410448015684
ENSG00000253251.3,1739,22,0.41288416671298084
ENSG00000197860.10,5727,150,0.8548092360515663
ENSG00000123213.23,10939,1012,3.019312188686186
ENSG00000112851.16,13363,1690,4.127507454077564
ENSG00000285999.1,1759,11,0.20409481691696243
ENSG00000153914.16,18240,1410,2.522896351521536
ENSG00000069020.19,14654,336,0.7483214950527364
ENSG00000249364.7,6387,15,0.0766477609968267
ENSG00000250978.5,837,276,10.761895090269858
ENSG00000145675.16,16323,1118,2.235357311467118
ENSG00000248359.2,787,13,0.5391054843987731
ENSG00000145740.20,5439,364,2.1841751156851195
ENSG00000134057.15,2433,15,0.20121218638994334
ENSG00000280187.2,3153,22,0.2277213973719866
ENSG00000153044.10,2218,42,0.6180062662591749
ENSG00000134056.12,1559,293,6.133757968766838
ENSG00000183323.13,7980,10,0.040898015830136344
ENSG00000152942.19,4159,80,0.6277781511411168
ENSG00000183474.16,7980,36,0.14723285698849084
ENSG00000289810.1,1205,12,0.3250119498667101
ENSG00000145736.15,6330,17,0.08764968131937279
ENSG00000131844.17,20778,1839,2.888571469201721
ENSG00000131711.15,12540,534,1.3897889379368153
ENSG00000113048.19,19524,1839,3.07410049104043
ENSG00000049883.15,12115,652,1.7564237758445416
ENSG00000178175.12,6407,126,0.6418313868719446
ENSG00000083312.19,13099,1813,4.517152908972417
ENSG00000157107.14,6067,551,2.964030948488428
ENSG00000272525.2,838,10,0.38945843236812416
ENSG00000145741.17,5584,5655,33.05158793991727
ENSG00000164331.10,2785,117,1.3710894599628403
ENSG00000164338.10,6324,279,1.4398507337845061
ENSG00000214944.10,15617,11,0.022987947938588518
ENSG00000171617.16,8282,80,0.31525348111517804
ENSG00000049860.14,5015,343,2.232175374861404
ENSG00000164347.18,3971,873,7.174960040324303
ENSG00000164346.10,4962,1570,10.326378096119432
ENSG00000176928.7,5884,62,0.3438936490842668
ENSG00000113161.17,10125,204,0.6575673869648945
ENSG00000113163.19,14492,925,2.0831403798657977
ENSG00000122008.16,17863,645,1.1784480617997808
ENSG00000152359.15,3415,47,0.44917159054907585
ENSG00000145703.17,10161,28,0.08993457983550504
ENSG00000181104.7,3972,173,1.4214840577577148
ENSG00000145708.11,2468,29,0.38349346934400946
ENSG00000164252.13,5032,364,2.360836338277298
ENSG00000132846.6,6476,147,0.7408249915024668
ENSG00000250802.7,17200,11,0.020872254823077724
ENSG00000113231.14,5594,22,0.12835280048514008
ENSG00000164253.14,7141,366,1.672735147384997
ENSG00000244363.3,747,16,0.6990439974821699
ENSG00000171530.15,3114,607,6.361729703242269
ENSG00000132842.15,18187,450,0.8075261167098455
ENSG00000245556.5,5060,26,0.16769803012720733
ENSG00000085365.18,6746,752,3.638116766617477
ENSG00000145685.14,7977,86,0.3518552125348624
ENSG00000113273.17,8899,214,0.7848337969821378
ENSG00000132837.15,5296,82,0.5053252575265865
ENSG00000132840.10,3735,255,2.2282027419744166
ENSG00000152409.9,9096,699,2.508024958892009
ENSG00000152413.15,6071,1326,7.128340249485607
ENSG00000288846.1,829,15,0.5905298546281449
ENSG00000164329.15,7004,679,3.1639438454358566
ENSG00000164309.15,14220,165104,378.9336112857825
ENSG00000177034.18,7931,388,1.5966469869360909
ENSG00000113296.14,4605,635,4.500380360826274
ENSG00000249825.6,5342,10,0.06109437782188096
ENSG00000164300.17,9539,103,0.35240292621262476
ENSG00000248569.1,936,17,0.5927590627688352
ENSG00000039319.17,15490,636,1.3400186041470263
ENSG00000228716.7,4411,269,1.9903082915730512
ENSG00000113318.11,5329,325,1.9904110350057913
ENSG00000251450.2,3816,11,0.09407829742058095
ENSG00000113319.13,11032,263,0.7780484204436219
ENSG00000247572.9,8183,75,0.2991257787405182
ENSG00000131730.16,2702,23690,286.1441332430467
ENSG00000131732.12,5130,274,1.743164319160034
ENSG00000145687.17,11498,460,1.3056917421226695
ENSG00000152348.16,5445,68,0.40758309109394286
ENSG00000186468.13,4061,3009,24.182117568834883
ENSG00000293465.1,7185,26,0.11810049164142922
ENSG00000174695.10,4865,653,4.380618840902173
ENSG00000152422.16,2676,39,0.475645758096227
ENSG00000038427.16,14678,207,0.4602656794465801
ENSG00000164176.13,5825,15,0.08404278961145614
ENSG00000127184.13,1969,7069,117.17026052553611
ENSG00000242477.1,651,10,0.5013305166274779
ENSG00000145715.15,5237,383,2.3868291331349805
ENSG00000134480.17,6080,362,1.9431669771293534
ENSG00000164180.14,9598,303,1.0303078599324846
ENSG00000247828.10,35212,690,0.6395338372256524
ENSG00000245864.5,4065,24,0.19268851148309254
ENSG00000081189.17,11755,23210,64.44031238104098
ENSG00000248309.9,12161,213,0.5716305684328259
ENSG00000250831.1,253,12,1.5479818165588366
ENSG00000214942.6,5757,55,0.31179675434856424
ENSG00000260871.1,896,12,0.43709754418458224
ENSG00000153140.9,3090,214,2.2602705370045455
ENSG00000176055.10,5673,125,0.7191216427033493
ENSG00000113356.13,4024,73,0.5920658583918397
ENSG00000176018.13,4459,675,4.9405059939230656
ENSG00000248323.8,16558,133,0.2621494149121688
ENSG00000113369.9,4985,1342,8.786025982095547
ENSG00000113391.19,5415,129,0.7774928062023815
ENSG00000249353.2,830,136,5.3476865807386
ENSG00000251023.1,3157,19,0.1964192955389697
ENSG00000185261.16,12529,28,0.07293680786244446
ENSG00000133302.13,6863,93,0.4422563524432083
ENSG00000175471.20,12659,86,0.22171964850229856
ENSG00000198677.13,27118,2771,3.3349090894798894
ENSG00000164291.17,4325,71,0.5357687354691018
ENSG00000175449.15,5004,73,0.4761137118642612
ENSG00000164292.13,8827,1257,4.647584355612116
ENSG00000173221.14,6229,648,3.3951721910140997
ENSG00000251000.1,418,13,1.0150143928752022
ENSG00000118985.16,7108,564,2.5896246174312223
ENSG00000153113.24,13341,7288,17.828923020559696
ENSG00000164307.13,7945,1004,4.12424960339567
ENSG00000247121.8,4205,45,0.3492622469584295
ENSG00000164308.17,6953,55,0.2581639457478332
ENSG00000113441.16,14966,1757,3.8315204746233165
ENSG00000058729.11,5489,376,2.235629049699536
ENSG00000174136.13,6643,355,1.74409136000592
ENSG00000246763.7,2358,11,0.1522488477340699
ENSG00000153922.12,10816,653,1.9703874501654095
ENSG00000248489.4,4335,62,0.4667751398412517
ENSG00000174132.9,1347,500,12.114557027635042
ENSG00000113532.13,7812,56,0.23395424109282298
ENSG00000145730.21,7523,3578,15.522240370982566
ENSG00000145723.17,4169,314,2.458118882846948
ENSG00000145725.21,17270,220,0.41575307812036694
ENSG00000181751.10,3507,101,0.9399196691979839
ENSG00000112874.10,4301,605,4.590828426559295
ENSG00000145743.18,8125,2377,9.547967721271485
ENSG00000272523.2,2616,20,0.24951541767927224
ENSG00000151422.14,13577,145,0.34855339262761115
ENSG00000249476.2,5862,20,0.11134976674325762
ENSG00000198961.10,5193,2232,14.027523266633109
ENSG00000112893.10,11254,477,1.383300704965175
ENSG00000164209.17,8270,3067,12.103567498394256
ENSG00000145777.15,4263,65,0.49762610394303836
ENSG00000134987.13,7051,462,2.1384366592244146
ENSG00000214784.4,817,13,0.5193096893780104
ENSG00000164211.13,5684,60,0.3445103796528727
ENSG00000246859.3,9263,382,1.3459125071354254
ENSG00000134986.14,9308,548,1.921451000707128
ENSG00000129595.14,8578,65,0.24730474249349182
ENSG00000224032.9,4293,49,0.37251204635219926
ENSG00000134982.18,13623,1107,2.6520395369684233
ENSG00000153037.15,10517,140,0.4344514907809102
ENSG00000129625.13,3974,3476,28.54677388384299
ENSG00000172795.17,11371,361,1.0361286258300957
ENSG00000171444.19,10721,439,1.3363934988942285
ENSG00000047188.16,10805,1061,3.2047617072677634
ENSG00000080709.17,6108,122,0.6518774114536271
ENSG00000164219.10,10069,531,1.7211285561456264
ENSG00000164221.13,3149,141,1.4613410432439764
ENSG00000145780.8,5697,1464,8.386871467422337
ENSG00000249249.2,4456,244,1.7871037832848984
ENSG00000134970.14,4055,902,7.259735684949156
ENSG00000129596.5,1894,27,0.4652527186251942
ENSG00000145782.13,8867,699,2.572797454165074
ENSG00000177879.17,2929,239,2.663076604696233
ENSG00000172901.21,6636,11,0.054099274104420864
ENSG00000185641.6,373,157,13.737128180414109
ENSG00000271918.2,1638,45,0.896610347045297
ENSG00000145781.9,2439,179,2.3952252469078865
ENSG00000092421.17,10906,351,1.0503807480276481
ENSG00000248445.5,2829,37,0.4268486445389204
ENSG00000249167.2,3875,15,0.1263352901901244
ENSG00000169570.10,5867,891,4.956404537159006
ENSG00000172869.15,13929,496,1.1621625277977319
ENSG00000145779.8,8506,19,0.07290097766476926
ENSG00000133835.18,24901,2058,2.6973276988707138
ENSG00000184838.15,2252,618,8.956229608727071
ENSG00000151304.6,3111,246,2.5807160692968196
ENSG00000113083.15,5596,41,0.23911745567019319
ENSG00000064692.20,7266,17,0.07635872319730659
ENSG00000205302.7,8606,621,2.3550242771032663
ENSG00000064652.11,3474,231,2.1701377208104993
ENSG00000263432.2,297,36,3.955953531205916
ENSG00000168938.6,2082,485,7.6026700608730415
ENSG00000061455.11,9230,18,0.06364670632546895
ENSG00000168944.17,13029,247,0.6187155045064745
ENSG00000151292.19,4926,324,2.14662277485047
ENSG00000168916.16,6934,134,0.6307047344603606
ENSG00000155324.10,5051,63,0.40706926308538405
ENSG00000279118.1,2326,46,0.6454360984921088
ENSG00000164904.18,17914,516,0.9400744770762299
ENSG00000164902.14,3662,551,4.910643299967038
ENSG00000230929.5,301,10,1.0842729778222195
ENSG00000113368.12,3633,10,0.08983379199683128
ENSG00000173926.6,4929,138,0.9137458095512143
ENSG00000164241.14,4527,131,0.9444216432186423
ENSG00000286615.3,7307,25,0.11166216173685782
ENSG00000145794.17,9042,279,1.0070356160642797
ENSG00000249577.1,297,10,1.0988759808905324
ENSG00000250859.1,1379,17,0.4023368257807322
ENSG00000164244.21,9029,538,1.9446782310618516
ENSG00000205279.9,2067,426,6.7262693204756605
ENSG00000248799.1,547,12,0.7159769645144162
ENSG00000230561.7,1802,45,0.8150098493119846
ENSG00000245937.10,16552,518,1.021373091808149
ENSG00000064651.14,10653,1709,5.235706169609969
ENSG00000113396.13,3133,13,0.1354216457777959
ENSG00000066583.12,1942,416,6.991159896549282
ENSG00000145808.10,5392,50,0.302639249188138
ENSG00000198108.4,3945,21,0.1737310391080925
ENSG00000169567.13,7118,2056,9.426929445955992
ENSG00000186687.16,6219,3724,19.543135606888463
ENSG00000158985.14,6024,364,1.97206647646271
ENSG00000158987.22,11231,103,0.2993118612004476
ENSG00000217128.13,7896,1065,4.401975267674516
ENSG00000164398.15,16996,121,0.23235058911074993
ENSG00000072682.20,10128,195,0.6283708771057974
ENSG00000131435.13,3167,18,0.18549387413453697
ENSG00000197208.6,2721,52,0.6237060142915611
ENSG00000233006.8,4732,122,0.8414343256886632
ENSG00000197375.14,18390,676,1.1996929224325934
ENSG00000197536.11,9728,157,0.5267217116873419
ENSG00000125347.15,12265,112,0.2980269924854681
ENSG00000113522.14,10565,45,0.13901067188454297
ENSG00000131437.16,6860,215,1.022867722445553
ENSG00000164402.14,7709,209,0.8848168214011936
ENSG00000164403.15,4181,64,0.49957987669857057
ENSG00000164404.9,4028,21,0.17015117906688804
ENSG00000164405.11,2218,2467,36.300510925271055
ENSG00000164406.8,1283,27,0.686818900293155
ENSG00000072364.13,11281,1344,3.8882734468585403
ENSG00000155329.12,2559,447,5.7008861409553
ENSG00000286408.1,829,12,0.4724238837025159
ENSG00000170606.16,5075,2515,16.173613956770197
ENSG00000113583.8,2301,772,10.949790543350925
ENSG00000213585.11,3049,13677,146.39914912495976
ENSG00000271737.2,730,17,0.7600307982899037
ENSG00000113558.19,12697,462,1.1875338177672954
ENSG00000113575.12,6499,352,1.7676702653672844
ENSG00000006837.12,3149,16,0.16582593398513207
ENSG00000119048.9,3402,4972,47.69819456100395
ENSG00000237190.4,1762,983,18.207601674061962
ENSG00000250994.3,2134,66,1.0093798958489322
ENSG00000043143.22,11091,214,0.6297210314078122
ENSG00000152700.14,10798,7142,21.586471197346672
ENSG00000113615.13,7291,376,1.6830843305171788
ENSG00000164615.6,7414,539,2.3726917136350023
ENSG00000145833.16,9205,1777,6.300409316226131
ENSG00000181904.9,5759,1105,6.262104771463089
ENSG00000113621.15,4807,819,5.560513630533715
ENSG00000132570.15,8324,1603,6.285018796469899
ENSG00000279799.1,457,11,0.7855640764922032
ENSG00000244921.2,747,14,0.6116634977968987
ENSG00000249119.1,522,132,8.252937539239927
ENSG00000248923.1,1812,76,1.3688647152682722
ENSG00000247627.2,1377,2556,60.58038642885922
ENSG00000198868.3,297,32,3.5164031388497032
ENSG00000069011.16,3442,119,1.1283432246546798
ENSG00000113648.17,17013,974,1.8684573326282923
ENSG00000270021.1,2017,34,0.5501462397140602
ENSG00000145824.13,1975,929,15.351603469136679
ENSG00000120708.17,7717,294,1.243380237131003
ENSG00000113658.18,9040,839,3.028995725069087
ENSG00000152377.15,6200,372,1.9581969979469285
ENSG00000146021.15,11853,114,0.31389304784435706
ENSG00000177733.7,8713,839,3.142674320512401
ENSG00000293504.1,3124,264,2.7580239407703218
ENSG00000250159.7,13133,2132,5.298200461462031
ENSG00000120729.10,2826,30090,347.50028112894006
ENSG00000078795.17,4653,27,0.18938075415347472
ENSG00000031003.11,6808,287,1.375838568377322
ENSG00000112981.5,2389,17,0.23224046996719536
ENSG00000112983.18,7009,709,3.3013783981175924
ENSG00000094880.11,4616,283,2.000901756278816
ENSG00000120709.11,7051,1535,7.104978943527005
ENSG00000120733.15,7872,1695,7.027320273374077
ENSG00000132563.17,3244,255,2.5654553764717773
ENSG00000120738.8,3137,111,1.1548181211991766
ENSG00000120705.13,4537,2024,14.559513348925806
ENSG00000289155.2,780,12,0.5021017943453662
ENSG00000113013.16,9782,9149,30.524678549404427
ENSG00000044115.21,8830,1699,6.2796842195391305
ENSG00000120725.13,3977,178,1.4607286297651214
ENSG00000281398.4,4469,76,0.5550196607890152
ENSG00000015479.20,12064,236,0.6384484022925994
ENSG00000120727.13,3158,1478,15.274515320696434
ENSG00000228672.4,4513,1878,13.581113679534424
ENSG00000170469.11,1205,111,3.0063605362670685
ENSG00000170464.10,6498,543,2.727251897725408
ENSG00000249751.4,1031,19,0.6014507429840227
ENSG00000184584.14,4798,101,0.6870150645846872
ENSG00000131508.17,4161,1915,15.02021649871172
ENSG00000171604.12,3795,1074,9.236291505467726
ENSG00000158458.21,4601,25,0.1773343655316714
ENSG00000245146.7,7185,39,0.17715073746214383
ENSG00000185129.8,12519,964,2.5131159384679806
ENSG00000182700.5,3456,416,3.9284816316836526
ENSG00000120306.11,1857,2703,47.50499448438833
ENSG00000113068.10,2152,1094,16.591291169098046
ENSG00000113070.8,2990,668,7.291391274406623
ENSG00000249637.4,1589,24,0.49293819960904434
ENSG00000131503.21,11124,49,0.14376071691747494
ENSG00000254996.5,11385,49,0.1404650166877463
ENSG00000213523.12,2821,429,4.96317211461203
ENSG00000243056.2,693,44,2.072166135393575
ENSG00000113108.20,3609,197,1.7814944518128055
ENSG00000176087.16,4030,1566,12.68211951523941
ENSG00000170458.15,1647,10,0.19815796376714515
ENSG00000131495.9,1474,520,11.513596098285875
ENSG00000113119.13,3494,55,0.5137418187706595
ENSG00000113141.19,4036,1374,11.11068167814288
ENSG00000120314.19,7483,204,0.8897326998556137
ENSG00000170445.16,14155,606,1.3972299314209804
ENSG00000112855.17,3719,398,3.4927059477587052
ENSG00000146007.11,1709,980,18.71497033341125
ENSG00000081818.4,3806,41,0.3515767950421443
ENSG00000113209.9,3410,15,0.143562829761505
ENSG00000113211.6,3231,11,0.11111197244102039
ENSG00000272674.4,3840,25,0.21247797286750528
ENSG00000197479.7,4170,20,0.15653053540742834
ENSG00000120328.6,3875,14,0.11791293751078279
ENSG00000187372.11,5061,18,0.11607569638096789
ENSG00000120327.7,4417,34,0.25122140944153487
ENSG00000113248.6,3971,24,0.19724976055874371
ENSG00000178913.9,3025,2638,28.461287496330566
ENSG00000272070.3,3154,49,0.5070368468579555
ENSG00000204956.6,6303,30,0.15533848944525847
ENSG00000081853.15,6720,24,0.1165593451158886
ENSG00000254245.3,4872,12,0.08038575525233697
ENSG00000262576.3,4887,14,0.09349552544593479
ENSG00000253731.3,7929,17,0.06997382806805773
ENSG00000253537.3,5439,12,0.07200577304456439
ENSG00000276547.2,4887,22,0.14692153998646895
ENSG00000261934.3,4899,17,0.11325219080457843
ENSG00000253305.3,6778,25,0.12037701620112426
ENSG00000253846.3,6639,10,0.04915893452696009
ENSG00000254122.3,4962,37,0.2433605029021777
ENSG00000253873.6,5810,15,0.08425976755365441
ENSG00000253159.3,4893,10,0.06670062667575885
ENSG00000240184.7,5430,64,0.384667304691846
ENSG00000240764.4,5026,20,0.1298711366193745
ENSG00000131504.18,7364,2234,9.900896463456087
ENSG00000171720.10,4610,464,3.284900242398318
ENSG00000197948.11,6072,38,0.2042476007959576
ENSG00000120318.16,6195,355,1.8702177408425062
ENSG00000156453.14,5924,333,1.8345701111758022
ENSG00000081791.9,6000,1325,7.207252839665778
ENSG00000113555.6,6114,226,1.2063911283829623
ENSG00000013561.18,4988,1013,6.628085935980481
ENSG00000113552.16,3959,435,3.5859884402917985
ENSG00000131507.11,5747,1382,7.8482345895326695
ENSG00000280047.1,2621,12,0.14942365493681253
ENSG00000187678.10,6555,234,1.1650599987784929
ENSG00000113578.18,4980,82,0.537390073064418
ENSG00000145819.18,17158,499,0.9491590919449793
ENSG00000113580.15,9161,3339,11.895389470117516
ENSG00000145817.17,3698,347,3.062440771081594
ENSG00000186314.12,8050,27,0.10946442845666059
ENSG00000156463.18,7209,1042,4.717347001111341
ENSG00000133706.20,20639,3122,4.936843700106845
ENSG00000091009.8,6664,454,2.223442969857707
ENSG00000113649.14,8795,1178,4.371339896876031
ENSG00000169302.16,7916,10,0.0412286718449328
ENSG00000113657.13,7179,1749,7.951169033312851
ENSG00000133710.17,4780,19,0.1297271372419513
ENSG00000247199.6,15182,22,0.04729321340494492
ENSG00000145868.17,8722,675,2.5257643002640386
ENSG00000169252.6,2013,153,2.4805774191578083
ENSG00000169247.14,38112,57,0.04881106076956292
ENSG00000173210.21,7216,1400,6.331937816716786
ENSG00000157510.14,6568,1030,5.118105227074037
ENSG00000285736.1,857,10,0.38082399804491024
ENSG00000164284.15,4419,425,3.138846360894036
ENSG00000145882.11,6039,48,0.2594067889315355
ENSG00000249669.12,18220,798,1.4294193234189982
ENSG00000276365.1,88,10,3.708706435505546
ENSG00000113712.19,8505,880,3.376863331752492
ENSG00000230551.4,8636,210,0.7936185146843735
ENSG00000183111.12,5299,690,4.249719848346796
ENSG00000155846.17,12889,286,0.7241890260594585
ENSG00000155850.9,10206,156,0.4988548103725274
ENSG00000164296.7,4127,37,0.29259869527516497
ENSG00000113716.13,6263,487,2.5377666134444468
ENSG00000182578.14,5151,52,0.32947079496939197
ENSG00000214485.6,747,471,20.578107675881377
ENSG00000113721.14,7135,1204,5.507286114291291
ENSG00000070808.17,9481,3663,12.60921070822276
ENSG00000070814.22,11439,397,1.132680898949399
ENSG00000019582.17,4526,2605,18.784442405552173
ENSG00000164587.13,5082,6356,40.81824779926104
ENSG00000070614.15,9510,1279,4.389298914080129
ENSG00000171992.13,10243,53739,171.22514314274787
ENSG00000286657.1,1852,14,0.2467130846945374
ENSG00000164591.14,5861,6442,35.871879260575874
ENSG00000086589.12,3587,860,7.824781238892103
ENSG00000132912.13,6403,2142,10.917949840185123
ENSG00000256235.3,1638,94,1.8729193916057314
ENSG00000145908.14,4411,31,0.22936638304373452
ENSG00000291115.1,3771,35,0.30291211406409657
ENSG00000211445.13,3005,1694,18.398145948541856
ENSG00000145901.16,5793,3698,20.83380084702152
ENSG00000197043.15,5508,4447,26.349860959422628
ENSG00000285420.1,888,14,0.514541253214283
ENSG00000198624.13,4941,9721,64.20978552601393
ENSG00000196743.9,4186,202,1.5749155661143475
ENSG00000186335.9,4269,2621,20.037613537982743
ENSG00000270904.1,355,33,3.0338263348473538
ENSG00000123643.14,6971,113,0.5290399769712688
ENSG00000113140.11,4638,6140,43.20587022924444
ENSG00000177556.12,5239,77,0.4796754114713797
ENSG00000253921.1,570,11,0.6298294437840998
ENSG00000275765.6,1185,40,1.101657945399116
ENSG00000145907.16,20038,3363,5.4774399508396705
ENSG00000254226.6,5415,14,0.08437906423901814
ENSG00000055147.19,6523,535,2.6767729416464987
ENSG00000037749.13,10159,592,1.9018483164100493
ENSG00000164574.16,10496,157,0.48818109863704867
ENSG00000245275.9,13187,23,0.05692289243545329
ENSG00000164576.12,6714,747,3.6311517164788887
ENSG00000155506.19,12238,2982,7.952475142830719
ENSG00000170271.11,6928,384,1.8089579657708346
ENSG00000155508.14,3929,370,3.0734406093168896
ENSG00000082516.9,5644,692,4.0015128826460975
ENSG00000082515.18,5264,271,1.6801905599152027
ENSG00000170624.14,10584,4448,13.71576632474795
ENSG00000231989.5,2234,31,0.45288053518617416
ENSG00000135077.10,5311,19,0.11675686613001832
ENSG00000155868.8,2776,356,4.185387435573406
ENSG00000055163.21,10564,110,0.3398360308187589
ENSG00000135074.16,7704,311,1.3174958168083566
ENSG00000113272.14,2998,78,0.8491181111844586
ENSG00000155858.6,6567,74,0.3677645242578364
ENSG00000113282.14,6338,1968,10.133932081517711
ENSG00000164330.18,6316,193,0.9972873670143476
ENSG00000245812.5,3901,23,0.19242301526437391
ENSG00000145860.13,4569,271,1.9357678063895003
ENSG00000164332.8,2463,279,3.696961445575809
ENSG00000248626.1,1006,31,1.0057009101450427
ENSG00000113312.12,9846,1336,4.4284501138484265
ENSG00000170234.13,6537,340,1.6974835023761043
ENSG00000254373.1,333,56,5.488440034285685
ENSG00000145861.9,2411,32,0.4331695280955462
ENSG00000221886.4,2882,46,0.5209175451397102
ENSG00000164609.10,4769,1187,8.123225821496483
ENSG00000113328.20,3096,7927,83.56281009219046
ENSG00000170584.11,8809,292,1.081835856132938
ENSG00000072571.20,3932,23,0.19090594673100778
ENSG00000038274.18,8700,1008,3.7813459270699306
ENSG00000229119.3,295,75,8.297444906554782
ENSG00000113643.9,3417,730,6.972411513517011
ENSG00000120137.7,10348,678,2.138348094008532
ENSG00000233913.7,645,135,6.830919760279983
ENSG00000184347.16,14261,136,0.3112390338695069
ENSG00000040275.17,4775,109,0.7450033953794596
ENSG00000134516.20,14613,24,0.053601505452595045
ENSG00000043462.13,6823,56,0.2678661192169329
ENSG00000204764.14,10965,15,0.04464653438091492
ENSG00000181163.14,8311,3185,12.507234264751467
ENSG00000072803.18,5577,1302,7.6193069491569565
ENSG00000072786.13,8915,147,0.5381472400415003
ENSG00000168246.6,2988,316,3.451529737568214
ENSG00000174705.13,8244,54,0.21377696484136774
ENSG00000214357.9,6427,548,2.782770486164921
ENSG00000253683.1,192,20,3.399647565880084
ENSG00000120129.6,2013,1108,17.963920133508832
ENSG00000113719.17,16736,2122,4.13807961843071
ENSG00000037241.7,1164,123,3.448714644150518
ENSG00000253785.1,864,12,0.45328634211734453
ENSG00000113732.9,1609,684,13.87411173188004
ENSG00000164463.12,12333,534,1.4131154854234707
ENSG00000113734.18,2440,134,1.792338782273828
ENSG00000113739.11,5062,18,0.11605276558357933
ENSG00000253955.2,4449,13,0.09536435518584727
ENSG00000145919.11,2386,703,9.615901715260483
ENSG00000113742.14,10444,2162,6.756067135135418
ENSG00000120149.9,2224,27,0.39621791775005294
ENSG00000164466.13,7407,424,1.8682226882892254
ENSG00000051596.10,3449,69,0.6529215852823914
ENSG00000170085.18,5536,312,1.8393468911351207
ENSG00000122203.15,3811,1867,15.988602270475445
ENSG00000251414.1,528,19,1.1744237045767563
ENSG00000175414.7,11440,664,1.8942931332120636
ENSG00000048162.22,2806,283,3.2915760894451216
ENSG00000146066.3,654,1507,75.20394688853266
ENSG00000175416.16,1963,1584,26.33540537228676
ENSG00000113194.13,5924,443,2.4405842620146556
ENSG00000146083.12,5627,452,2.6216013360346295
ENSG00000074317.11,2008,38,0.6176252151559037
ENSG00000048140.18,5215,423,2.6472270058534697
ENSG00000087206.17,4767,229,1.567817329312099
ENSG00000113761.12,6686,241,1.1764021251002337
ENSG00000251666.1,745,10,0.4380753910395813
ENSG00000160867.15,4810,42,0.2849766940879106
ENSG00000165671.22,21794,1328,1.9886861928921729
ENSG00000169228.14,2065,41,0.6479909355595163
ENSG00000213347.11,4743,36,0.24771625527475374
ENSG00000169230.10,1840,30,0.5321187494421001
ENSG00000169223.16,10613,390,1.199310325700088
ENSG00000169220.18,3705,66,0.5813810250314767
ENSG00000198055.11,4357,167,1.250932976272424
ENSG00000113758.14,5119,247,1.5747693510870981
ENSG00000196923.14,4407,2169,16.0628140403407
ENSG00000146094.16,5181,30,0.18897867187289408
ENSG00000183258.12,4177,336,2.6253060063449367
ENSG00000146067.17,5848,518,2.890863101164241
ENSG00000272459.1,541,18,1.0858763389724186
ENSG00000184840.12,3513,301,2.7963625409527726
ENSG00000027847.14,4878,200,1.3381146630770318
ENSG00000247679.3,2860,232,2.647445824730113
ENSG00000246596.8,1805,16,0.28929964881949083
ENSG00000170074.21,14433,12,0.02713499616083875
ENSG00000204677.13,25699,10,0.012699566766196662
ENSG00000145911.6,5985,148,0.8070541790480239
ENSG00000145916.19,7704,797,3.3763478006310614
ENSG00000145912.10,1476,365,8.07070804257711
ENSG00000197451.12,2118,603,9.291727964762337
ENSG00000175309.15,8439,590,2.281739994447778
ENSG00000113240.14,7922,1301,5.359787710024729
ENSG00000169131.13,2984,164,1.7937014503088484
ENSG00000178338.11,3742,149,1.2995339065298963
ENSG00000198939.8,2637,57,0.7054558771519082
ENSG00000234284.7,3831,132,1.1245192888236082
ENSG00000177932.7,5893,137,0.7587334937460524
ENSG00000087116.17,8965,13,0.04732582445307691
ENSG00000176783.15,5901,572,3.1635561284122553
ENSG00000244945.1,1966,65,1.07903361195787
ENSG00000169045.19,9480,4175,14.37319350637909
ENSG00000127022.16,13764,3578,8.484002783413386
ENSG00000161021.13,5967,537,2.937131411366685
ENSG00000213316.10,1192,12,0.328556543279686
ENSG00000161013.17,5495,371,2.203491314037945
ENSG00000161011.20,7535,5086,22.02917480990506
ENSG00000161010.16,8469,336,1.2948285734446567
ENSG00000245317.2,1454,33,0.7407210102275176
ENSG00000197226.13,11511,1109,3.144297441176764
ENSG00000113269.14,12817,871,2.2178741582946797
ENSG00000050748.18,8955,1621,5.907756064902236
ENSG00000131459.13,4721,51,0.3525667121912495
ENSG00000113300.13,6572,351,1.7430694519156316
ENSG00000037280.16,8852,208,0.7668793786205774
ENSG00000131446.17,11499,753,2.1371747390411295
ENSG00000278970.4,2221,22,0.32328030883110026
ENSG00000245060.8,6088,57,0.305566220113269
ENSG00000196670.14,4197,330,2.5661385486557315
ENSG00000165810.17,5563,1519,8.911562226260964
ENSG00000146054.18,7338,2111,9.388920374911342
ENSG00000250900.6,1484,12,0.2639079512057855
ENSG00000248514.1,456,141,10.091585406086143
ENSG00000146063.20,12811,524,1.334914301413096
ENSG00000204628.12,5740,10891,61.92428427595818
ENSG00000233937.9,3387,30,0.28907543518555184
ENSG00000183718.6,6779,301,1.4491254766731214
ENSG00000248275.3,1679,878,17.066676237814203
ENSG00000286310.1,708,10,0.4609691614752656
ENSG00000112679.15,5686,686,3.937516533566634
ENSG00000112685.14,4990,306,2.00136366523634
ENSG00000271727.2,1212,18,0.4847022272145862
ENSG00000137273.6,2451,14,0.18641886285364476
ENSG00000054598.9,3983,49,0.4015049497840802
ENSG00000112699.11,4217,58,0.4488792422769815
ENSG00000250903.11,28932,106,0.11957283848470807
ENSG00000164385.11,3113,25,0.2620993947353743
ENSG00000145949.12,6697,2342,11.413312849513977
ENSG00000124535.16,3898,486,4.069111257919476
ENSG00000021355.13,3047,367,3.930961044997936
ENSG00000170542.6,4143,127,1.0004466117115614
ENSG00000124570.21,13201,1676,4.1435474188307095
ENSG00000244041.7,2811,21,0.2438167731346229
ENSG00000124588.22,2426,1097,14.757777595134517
ENSG00000271361.1,631,13,0.6723867135052843
ENSG00000288612.1,1376,39,0.9250203842045811
ENSG00000137275.16,12173,373,1.0000376245710512
ENSG00000137274.13,5780,236,1.3325677379338958
ENSG00000137267.7,2907,56,0.6287067531534686
ENSG00000137285.11,4160,23,0.18044283234286598
ENSG00000180822.12,10415,148,0.4637752531543374
ENSG00000137266.15,8926,227,0.8299923790685502
ENSG00000272320.1,1989,13,0.21331121981992684
ENSG00000168994.14,2161,76,1.1477940139130538
ENSG00000145945.7,1948,396,6.634548350333535
ENSG00000260604.3,7153,146,0.6661465159146548
ENSG00000288904.2,1507,22,0.4764469581379388
ENSG00000112739.17,8429,1744,6.752670471822365
ENSG00000198721.13,4575,1615,11.52090401342182
ENSG00000153046.18,4562,349,2.496751250487644
ENSG00000124787.14,1977,30,0.49524456194914723
ENSG00000214113.11,3950,115,0.9501799779067374
ENSG00000145982.13,4838,236,1.592030079631649
ENSG00000124785.9,2286,268,3.8261650295259315
ENSG00000124491.16,4554,57,0.40849520159191516
ENSG00000288860.1,1545,17,0.3591084030754885
ENSG00000124782.21,17254,617,1.1670796604973288
ENSG00000124783.14,11349,765,2.1999305422348523
ENSG00000220472.1,730,28,1.2518154324774886
ENSG00000124784.9,2940,303,3.363569673344214
ENSG00000096696.16,13619,15,0.03594604959884956
ENSG00000168566.13,5837,554,3.0975990430660683
ENSG00000153162.9,3784,80,0.689991894977776
ENSG00000188428.20,3297,111,1.0987759921752556
ENSG00000124802.12,2088,93,1.45364240747976
ENSG00000124786.13,3990,153,1.2514792844021723
ENSG00000285219.4,50369,28,0.018142612831475044
ENSG00000111846.20,9210,30,0.10630819749983324
ENSG00000111845.5,1523,231,4.950136862833667
ENSG00000111843.14,1321,1119,27.64600606488283
ENSG00000137210.14,4815,1012,6.859450889312189
ENSG00000111837.12,4394,18,0.13369574405645848
ENSG00000153157.14,3956,36,0.296996511316521
ENSG00000197977.4,3988,39,0.31916450568342614
ENSG00000224531.6,4887,693,4.628028509573772
ENSG00000111859.17,10359,676,2.1297763146573407
ENSG00000205269.6,8891,621,2.2795342401024308
ENSG00000095951.17,11005,191,0.5664328738571306
ENSG00000078401.7,2035,19,0.30471533956586105
ENSG00000212802.4,615,71,3.7678045217949028
ENSG00000112137.19,24490,55,0.0732957907221186
ENSG00000215022.8,3450,29,0.2743367774901494
ENSG00000145979.18,8300,146,0.574089882932232
ENSG00000145990.11,10686,944,2.88311492616804
ENSG00000124523.17,11295,1381,3.990364547978026
ENSG00000225921.7,2364,454,6.267776629074348
ENSG00000010017.13,3618,1406,12.682996955561919
ENSG00000050393.12,6057,462,2.4893704613160557
ENSG00000112149.10,2384,50,0.6844927984993459
ENSG00000008083.14,6244,512,2.6761607488491013
ENSG00000047579.20,3046,229,2.4536392675084624
ENSG00000007944.15,3072,739,7.851061097454319
ENSG00000217078.1,386,13,1.0991606637871358
ENSG00000137198.10,2225,3319,48.68356431599892
ENSG00000124788.19,19278,1572,2.6613114091819448
ENSG00000229931.3,2230,38,0.5561396556202038
ENSG00000272341.1,2538,51,0.6558185375314772
ENSG00000287559.1,3543,119,1.09617764020926
ENSG00000288812.1,1283,57,1.4499510117299936
ENSG00000112183.15,3425,12303,117.23453851942124
ENSG00000112186.13,3246,16228,163.16297434115197
ENSG00000137414.7,5382,1098,6.6583064032755095
ENSG00000124789.12,6121,1411,7.52332397784435
ENSG00000137177.20,11138,5769,16.904349196677785
ENSG00000187566.6,2238,32,0.4666540358527086
ENSG00000137364.5,3184,601,6.160366393248031
ENSG00000165097.16,5619,479,2.7821568547682825
ENSG00000124795.17,7249,3557,16.014408244119245
ENSG00000289097.1,698,11,0.5143306346087921
ENSG00000137393.10,5171,3258,20.562772575617522
ENSG00000172201.12,3873,15,0.12640052917292333
ENSG00000172197.11,4325,38,0.2867494640538854
ENSG00000287483.1,1991,22,0.36062559814860556
ENSG00000112242.16,5190,259,1.628686648902551
ENSG00000145996.11,4602,405,2.872192467653578
ENSG00000124766.7,4869,137,0.9183028298717367
ENSG00000272168.10,36587,50,0.04460138386920054
ENSG00000146038.12,5004,11,0.07174316206173799
ENSG00000124532.15,5133,1433,9.111293908883527
ENSG00000112293.15,7221,142,0.6417947045849232
ENSG00000112294.14,7563,3584,15.466036494869302
ENSG00000111802.14,2977,537,5.88708872409305
ENSG00000112304.11,4394,495,3.676632961552608
ENSG00000272345.1,887,16,0.5887101083643528
ENSG00000112308.14,4123,1966,15.562354668783495
ENSG00000112312.10,2476,91,1.1994879295447662
ENSG00000111913.20,9435,379,1.3109992266770638
ENSG00000293489.1,8544,25,0.09549571814269898
ENSG00000079691.19,6853,10,0.04762383865817716
ENSG00000112343.11,9418,209,0.7242570478001488
ENSG00000272462.4,4365,170,1.2710709799579145
ENSG00000187837.4,731,799,35.67258097035102
ENSG00000180596.9,2881,19,0.2152362776870973
ENSG00000010704.19,5675,53,0.3048001200915924
ENSG00000180573.10,1668,256,5.008977133037707
ENSG00000158373.9,861,128,4.8519011950678825
ENSG00000274290.3,2585,15,0.1893807541534747
ENSG00000274750.3,2679,173,2.107553071076388
ENSG00000158406.6,2163,84,1.2674414226193713
ENSG00000186470.14,7042,275,1.2745057617045472
ENSG00000124508.17,6398,58,0.2958617950425181
ENSG00000026950.17,5539,245,1.4435766519136952
ENSG00000291104.1,3695,13,0.11482436162972517
ENSG00000111801.16,5658,156,0.8998430884874539
ENSG00000112763.17,3787,299,2.5768017885139143
ENSG00000228223.3,5696,377,2.160113144387851
ENSG00000182952.5,1992,629,10.305437681631677
ENSG00000146109.5,2943,182,2.0183024896723354
ENSG00000181315.11,5059,87,0.5612543283303115
ENSG00000224843.8,8418,48,0.18609617466827547
ENSG00000124635.9,1046,31,0.9672419843268766
ENSG00000291112.1,4808,52,0.3529750550930404
ENSG00000124613.9,4797,43,0.2925525360006877
ENSG00000096654.16,3366,100,0.9695964537269403
ENSG00000233822.6,4265,10,0.0765219616235611
ENSG00000269293.5,6486,168,0.8453517721633363
ENSG00000197279.5,2514,20,0.25963895491208283
ENSG00000196812.6,1518,37,0.7954906557316244
ENSG00000198315.11,7580,829,3.569360842783649
ENSG00000226314.9,2547,52,0.6663149057272626
ENSG00000280107.1,1677,14,0.2724583380168654
ENSG00000216901.1,487,12,0.8041876788283073
ENSG00000137185.13,3710,106,0.9324747609271088
ENSG00000187626.9,5346,64,0.39071145987218925
ENSG00000189134.4,1662,129,2.5331669949373623
ENSG00000197062.12,2885,267,3.020442509831484
ENSG00000137338.6,3100,68,0.7158999777440384
ENSG00000235109.8,4957,101,0.6649784708245571
ENSG00000189298.14,4804,81,0.5502843353930794
ENSG00000158691.15,11366,62,0.17802835044974716
ENSG00000204642.14,4315,11,0.08319879095178143
ENSG00000206503.14,6219,527,2.7656370743367935
ENSG00000204619.8,2428,34,0.45702016701122716
ENSG00000204560.10,3977,18,0.14771413109984374
ENSG00000137312.15,3185,16,0.1639516063168543
ENSG00000204536.15,5193,71,0.4462160178902109
ENSG00000137310.13,5628,12,0.06958766872590363
ENSG00000272501.1,2838,38,0.4369948668192582
ENSG00000204525.18,2507,455,5.923279045777505
ENSG00000234745.14,4623,454,3.2050668291437936
ENSG00000206337.12,11058,58,0.17118138584572534
ENSG00000204469.13,9120,57,0.20397885395280504
ENSG00000204463.14,6323,14,0.07226200108402392
ENSG00000204356.14,2647,43,0.5301754874179444
ENSG00000168477.21,15908,10,0.020515851541644963
ENSG00000204310.13,3593,46,0.4178358934296257
ENSG00000204301.6,9748,27,0.09039686592902317
ENSG00000198502.6,1250,286,7.467257885504287
ENSG00000196126.12,3083,266,2.8158741564162773
ENSG00000196735.13,6883,70,0.33191386957306646
ENSG00000179344.17,4894,105,0.7002134749503728
ENSG00000204256.14,8995,14,0.05079629047851955
ENSG00000223501.9,4493,10,0.07263880844079414
ENSG00000112511.18,3596,113,1.0255666516870732
ENSG00000112514.18,1876,113,1.965851641506778
ENSG00000030110.14,2212,261,3.85088469306923
ENSG00000096433.11,9870,198,0.6547163215020126
ENSG00000137288.10,4689,592,4.1204685532970124
ENSG00000161896.12,2793,1563,18.263885355000888
ENSG00000161904.13,6782,354,1.703533218502931
ENSG00000137309.21,2327,967,13.562358523239364
ENSG00000186577.14,1866,88,1.5391330459032664
ENSG00000272325.2,9900,92,0.3032897707257869
ENSG00000196821.10,4551,7403,53.08918324104999
ENSG00000272288.8,962,45,1.5266608611852353
ENSG00000124562.10,1241,742,19.51359350626673
ENSG00000065060.18,9567,1489,5.0795361310459155
ENSG00000064995.19,6904,540,2.5526901769296573
ENSG00000064999.16,9967,1081,3.539699265544011
ENSG00000286550.1,971,37,1.2436197892900165
ENSG00000146197.9,7819,34,0.14191648107216517
ENSG00000272374.1,4261,38,0.29105642619879246
ENSG00000065029.15,6782,1266,6.0922967644765835
ENSG00000112033.14,4457,492,3.602695845448691
ENSG00000112039.6,4665,135,0.9444680054406406
ENSG00000198755.11,1508,4005,86.67748648074104
ENSG00000007866.22,3049,614,6.572280292661059
ENSG00000219023.1,392,12,0.9990801009933309
ENSG00000096060.15,10628,12470,38.29305696336438
ENSG00000197753.11,7533,10,0.043324859461633884
ENSG00000096063.16,6692,245,1.1948552114390254
ENSG00000112062.12,6755,953,4.604396099292926
ENSG00000156711.17,7034,23,0.10671626137991506
ENSG00000246982.7,1846,87,1.5381287361988332
ENSG00000096070.19,6613,827,4.081427786940142
ENSG00000112078.14,6239,1038,5.429845818958465
ENSG00000112079.9,3585,547,4.979701338340167
ENSG00000112081.17,7118,1600,7.336131864557191
ENSG00000124762.14,2996,29,0.3159085054542775
ENSG00000137168.8,1589,245,5.0320774543423274
ENSG00000198663.17,7330,1390,6.188935486917304
ENSG00000164530.15,2305,44,0.6229983218341637
ENSG00000137409.21,14126,863,1.9938694714571232
ENSG00000146192.15,10166,17,0.054576281994061546
ENSG00000137193.14,3030,134,1.4433355210389902
ENSG00000065491.8,3462,152,1.4329190433657475
ENSG00000286672.1,2197,10,0.1485508267293983
ENSG00000112130.17,6564,270,1.3424568084645303
ENSG00000137200.13,5276,618,3.82286373746273
ENSG00000198937.9,572,60,3.423421325082043
ENSG00000112139.17,14690,21,0.046655476465719874
ENSG00000156639.12,3808,2112,18.100980653290936
ENSG00000183826.19,9451,381,1.3156862699146117
ENSG00000124767.7,2356,3484,48.26229726122735
ENSG00000112167.11,7401,132,0.5820880145228
ENSG00000146122.17,12955,2269,5.716131465768147
ENSG00000281969.1,4477,48,0.3499123516545773
ENSG00000235033.7,6854,32,0.15237404905724566
ENSG00000124615.20,5174,557,3.5134509981202133
ENSG00000124596.17,6529,297,1.484618646015821
ENSG00000124701.6,1633,8513,170.13810005636049
ENSG00000001167.15,6209,235,1.2352399595144903
ENSG00000290554.1,4705,36,0.24971693916432666
ENSG00000137166.18,8078,168,0.6787511258048279
ENSG00000112561.19,6722,897,4.355109360206274
ENSG00000137218.10,2858,119,1.3589074105183372
ENSG00000164663.15,10935,94,0.28055253438044697
ENSG00000288721.1,7765,15,0.06304562131187792
ENSG00000124641.16,3278,221,2.2003332140851697
ENSG00000112578.10,1937,123,2.07243358068725
ENSG00000112576.13,5761,161,0.9120804162166738
ENSG00000137413.17,13168,421,1.04343982398701
ENSG00000112599.9,2270,17,0.24441519063948444
ENSG00000048544.6,2100,2144,33.320431457128684
ENSG00000124496.13,7985,56,0.22888547669594653
ENSG00000024048.11,8874,2257,8.300748674716807
ENSG00000112619.8,3001,262,2.849314747651312
ENSG00000124659.7,1606,242,4.917846341875848
ENSG00000112624.14,6661,566,2.773205977175503
ENSG00000146223.16,7811,1244,5.197791715627489
ENSG00000221821.4,557,30,1.7578069999523591
ENSG00000137161.18,1431,58,1.32279787888332
ENSG00000231113.2,1490,11,0.24094146507176972
ENSG00000181524.6,421,657,50.93172714375027
ENSG00000124587.14,3465,173,1.629476097377675
ENSG00000112640.16,3787,634,5.463853959591376
ENSG00000124733.5,3017,149,1.611818322252195
ENSG00000124702.19,2019,4702,76.00662278641619
ENSG00000124541.7,2236,468,6.830919760279982
ENSG00000044090.13,7873,301,1.2477609051653868
ENSG00000137171.15,6417,304,1.5461323759177865
ENSG00000112651.12,2171,178,2.6758718381280002
ENSG00000112655.16,8985,19,0.0690145482489179
ENSG00000112658.8,4231,1877,14.478593575775564
ENSG00000112659.14,12242,211,0.5625164278260658
ENSG00000112667.13,1247,391,10.233293587239361
ENSG00000171467.16,9728,498,1.6707478498108044
ENSG00000124574.15,8087,146,0.5892105883934123
ENSG00000137221.14,6741,564,2.73061144944387
ENSG00000171453.20,5505,127,0.752924670721344
ENSG00000137207.12,3043,560,6.006081273142073
ENSG00000124571.18,8481,308,1.1852467778321227
ENSG00000170734.12,8368,307,1.1973519725336739
ENSG00000172432.19,4726,461,3.183554859830491
ENSG00000124688.14,1848,174,3.072928189418881
ENSG00000172426.16,2642,12,0.14823595745245485
ENSG00000096080.12,1385,370,8.718807331412318
ENSG00000112715.26,14431,5491,12.418242805680578
ENSG00000237686.8,3691,12,0.10610658347043773
ENSG00000231881.2,26394,12,0.014838198059763042
ENSG00000287562.1,4799,103,0.7004733305151546
ENSG00000180992.7,957,580,19.77976765602958
ENSG00000137216.19,4425,542,3.997524568313504
ENSG00000112759.19,4298,2189,16.62204602336678
ENSG00000096384.20,2980,21630,236.8892677046536
ENSG00000157593.20,2192,323,4.809136483704819
ENSG00000146232.17,2581,15,0.18967425396618834
ENSG00000124608.5,5242,107,0.6661804615932893
ENSG00000096401.8,6241,1226,6.411230891104348
ENSG00000196284.18,5255,35,0.21737042476416904
ENSG00000124813.23,8192,22,0.08764716380784592
ENSG00000112782.19,10432,18030,56.40703584001649
ENSG00000231769.4,1979,62,1.0224710617543336
ENSG00000001561.7,4644,1423,10.000410307488082
ENSG00000112796.10,4275,865,6.603666289372682
ENSG00000172348.16,3795,2615,22.488735835007542
ENSG00000146233.8,3111,28,0.2937400404077681
ENSG00000153291.16,3285,447,4.440964272360613
ENSG00000180113.16,9041,58,0.20937106124123778
ENSG00000069122.19,6601,2243,11.089824436688787
ENSG00000146072.6,3595,129,1.1711052977985803
ENSG00000198087.7,6751,515,2.489684130604523
ENSG00000153294.12,3391,20,0.19248962920937074
ENSG00000124818.16,5078,13,0.08355179523864405
ENSG00000244694.8,28174,14,0.016217527963877452
ENSG00000146085.8,3811,1128,9.659958950774666
ENSG00000031691.7,1741,95,1.780860758232416
ENSG00000197261.12,2920,25,0.27942308760658224
ENSG00000225613.2,462,92,6.499066515552576
ENSG00000199080.1,119,24,6.582174783014886
ENSG00000112118.20,3645,281,2.516019005135285
ENSG00000170915.9,5034,27,0.17504740744460026
ENSG00000096093.16,22744,109,0.15641009553890783
ENSG00000065308.5,7047,147,0.6807978778160884
ENSG00000225791.7,8603,138,0.5235212246051303
ENSG00000096092.6,988,28,0.9249243580046221
ENSG00000170899.11,2101,620,9.630986345606026
ENSG00000112144.16,6302,275,1.4241621031297085
ENSG00000112146.17,8208,1049,4.1710295866762666
ENSG00000012660.14,3813,276,2.3623672149372856
ENSG00000001084.13,8618,446,1.6890149707672506
ENSG00000124743.6,5776,12993,73.4154362717118
ENSG00000146147.15,10785,4059,12.282988123422317
ENSG00000146151.14,4779,27,0.18438766459010628
ENSG00000112175.8,3970,203,1.6688244776793721
ENSG00000124749.18,6906,37,0.17485589565603907
ENSG00000151914.22,48142,9927,6.729751429319913
ENSG00000168116.14,3109,95,0.9972591122813241
ENSG00000112200.17,16414,506,1.0061001593773056
ENSG00000226803.9,4918,14,0.09290618805495797
ENSG00000112208.11,6651,564,2.7675615367164528
ENSG00000112210.12,4919,61,0.4047232393940592
ENSG00000146143.19,5652,29,0.16745610090959226
ENSG00000272316.1,5352,86,0.5244299384137887
ENSG00000290555.1,2969,129,1.4180274656739293
ENSG00000225096.3,10016,12,0.03910137775453132
ENSG00000198225.5,1579,23,0.4753908692503626
ENSG00000146166.17,5829,13,0.07278710177077277
ENSG00000266680.1,1404,19,0.441663615396387
ENSG00000118482.12,20926,1591,2.481356067199945
ENSG00000214558.5,4729,61,0.42098405890872853
ENSG00000230910.6,6233,36,0.18849963079867754
ENSG00000135298.15,7635,12,0.05129527172094115
ENSG00000168216.13,10746,1039,3.155541101909018
ENSG00000082293.13,11018,12,0.03554541655376526
ENSG00000082269.17,10476,278,0.866072873598775
ENSG00000154079.6,1440,354,8.023168255477
ENSG00000271967.1,543,13,0.7813554626553121
ENSG00000232389.1,1101,11,0.326069739288771
ENSG00000112305.15,4157,266,2.0883666163654997
ENSG00000112309.11,6587,11,0.05450171291284908
ENSG00000218350.1,695,10,0.469591606222285
ENSG00000233237.9,25534,775,0.990576403624494
ENSG00000119900.9,9176,457,1.625428705430373
ENSG00000279289.1,3978,35,0.28714971898836306
ENSG00000285844.2,4479,26,0.18945122403296916
ENSG00000185760.18,11321,1632,4.704792716558295
ENSG00000229154.2,4661,21,0.14704332745793286
ENSG00000229852.4,10451,47,0.14677265158598163
ENSG00000235174.1,156,110,23.012998907495955
ENSG00000164430.17,4174,23,0.1798376096181894
ENSG00000135297.17,13313,585,1.4341185855917187
ENSG00000156508.19,10063,5530,17.93505813151564
ENSG00000119899.13,3441,113,1.0717633477090136
ENSG00000156535.15,9782,103,0.3436486928176474
ENSG00000111799.22,18860,284,0.4914527637123786
ENSG00000112695.13,1922,861,14.620253340550688
ENSG00000112697.17,5502,972,5.765683636266856
ENSG00000225793.5,9474,54,0.1860225140544897
ENSG00000118407.15,8964,2002,7.2889900154130425
ENSG00000237174.7,2237,15,0.21884186387426557
ENSG00000112701.18,11417,1900,5.431336743597507
ENSG00000196586.17,10715,178,0.5421668465306475
ENSG00000112706.12,3802,13,0.11159285013725262
ENSG00000146243.14,7463,62,0.27113362337020314
ENSG00000146247.15,17998,1039,1.8840673786595348
ENSG00000286340.3,4557,13,0.09310423880224587
ENSG00000118418.16,1345,1143,27.735057851962072
ENSG00000270362.2,2965,110,1.2108019661279492
ENSG00000135338.14,5964,66,0.3611698017675421
ENSG00000198478.8,4603,231,1.6378575802945199
ENSG00000218418.2,5914,46,0.25385261499706546
ENSG00000083123.15,4071,323,2.589444159243666
ENSG00000272129.1,1436,58,1.318192036686651
ENSG00000233967.7,6270,14,0.07287282820642478
ENSG00000112773.16,6053,101,0.5445726548616107
ENSG00000005700.15,8719,2945,11.023607751182675
ENSG00000146242.9,3481,42,0.3937770464127693
ENSG00000118420.17,6402,65,0.3313620870211141
ENSG00000083097.15,10045,397,1.2898692685995197
ENSG00000013375.17,22007,194,0.2877040771888521
ENSG00000013392.8,3769,95,0.8226263146942522
ENSG00000065833.9,3338,1437,14.049975464598242
ENSG00000065615.14,9621,381,1.2924385133523537
ENSG00000135315.12,5426,81,0.4872034550734156
ENSG00000112837.17,8654,30,0.11313825964565105
ENSG00000135318.12,4533,30,0.2159934919420834
ENSG00000135317.14,25158,109,0.14140198795360998
ENSG00000135316.20,10452,1584,4.9460773771334585
ENSG00000203875.13,12604,236,0.6110950115247477
ENSG00000217334.1,641,12,0.6109819026355471
ENSG00000288021.1,1223,12,0.3202284542840439
ENSG00000272008.1,4127,23,0.18188567544131878
ENSG00000188994.14,21258,606,0.9303692576565988
ENSG00000111850.11,8750,264,0.9846933475390267
ENSG00000203872.7,2920,51,0.5700230987174278
ENSG00000213204.8,3530,11,0.10170050508695096
ENSG00000164414.19,1994,120,1.9640892657441609
ENSG00000146282.19,17631,538,0.9958879103997197
ENSG00000135336.16,4095,564,4.4950065398537555
ENSG00000135334.9,2235,1035,15.113600990865555
ENSG00000118432.13,6345,18,0.09258614647503208
ENSG00000111880.16,5188,301,1.893527680487103
ENSG00000146278.11,2992,3459,37.730634001216714
ENSG00000154548.9,4538,10,0.07191850293620274
ENSG00000288009.1,1759,399,7.403075631806183
ENSG00000146281.6,4703,1169,8.112312320504497
ENSG00000111886.11,4974,51,0.3346335842892821
ENSG00000198833.7,4164,637,4.992681266779513
ENSG00000025039.15,5095,4927,31.560473041820465
ENSG00000135299.18,8686,107,0.4020398318756645
ENSG00000083099.11,8675,1165,4.382900101072376
ENSG00000112159.13,33741,1536,1.4857248791512216
ENSG00000118412.13,8147,398,1.5943750361746194
ENSG00000112182.16,10868,212,0.6366362464187658
ENSG00000135341.19,9530,936,3.2054431445930835
ENSG00000261366.1,2268,10,0.14390042606899828
ENSG00000172469.17,10588,113,0.34831296557109137
ENSG00000014123.10,4539,1608,11.56194746529581
ENSG00000112214.11,4125,415,3.28344143090091
ENSG00000112218.9,5967,16,0.08751229531073922
ENSG00000123545.6,2548,1088,13.935886536932616
ENSG00000186231.17,4124,10,0.07913825565579245
ENSG00000146263.12,21793,29,0.0434296279695781
ENSG00000112234.9,8118,516,2.074463437095785
ENSG00000132423.12,1448,480,10.818767944458168
ENSG00000132424.17,11292,5173,14.951223683993772
ENSG00000228506.4,3258,207,2.0735971893544822
ENSG00000123552.18,8105,320,1.2885524148530065
ENSG00000279170.3,16113,186,0.3767399425082529
ENSG00000112237.13,5610,378,2.1990447570527
ENSG00000112246.10,9272,553,1.946510892767924
ENSG00000112249.14,11731,448,1.2463732206407865
ENSG00000260000.3,1544,17,0.3593409862381021
ENSG00000164418.22,26797,38,0.04628098040948817
ENSG00000085382.12,9237,179,0.6324514861111115
ENSG00000112276.14,5791,3058,17.23411736522681
ENSG00000203808.13,7495,480,2.0901368890694365
ENSG00000132429.10,2280,2238,32.035415799745806
ENSG00000085377.15,8917,2445,8.948808754775971
ENSG00000231628.1,1198,113,3.0784120863662063
ENSG00000057657.17,6750,26,0.12571141221387688
ENSG00000057663.16,5655,450,2.5970782466139632
ENSG00000112297.18,10981,74,0.21993530924334867
ENSG00000130347.13,3185,251,2.5719908240956517
ENSG00000130348.11,5453,772,4.620478276224184
ENSG00000130349.10,2294,524,7.454920276984818
ENSG00000178409.14,7085,36,0.16583178528837783
ENSG00000164494.12,3921,286,2.380533628380607
ENSG00000112320.12,7895,715,2.955691056643559
ENSG00000025796.14,8606,805,3.052809248096827
ENSG00000081087.16,13527,308,0.7431121403706833
ENSG00000112335.15,1828,4659,83.1805234631176
ENSG00000135537.17,8353,111,0.4336962104874677
ENSG00000118689.15,7670,2107,8.965495599031243
ENSG00000118690.13,4254,27,0.20714354703246776
ENSG00000228834.1,259,21,2.646212159387741
ENSG00000080546.14,7276,5341,23.95714258300015
ENSG00000271730.1,644,11,0.5574577375107715
ENSG00000183137.16,16918,235,0.4533399283972969
ENSG00000135535.17,6861,2642,12.567547171393345
ENSG00000185250.16,4481,28,0.20393333311951942
ENSG00000135587.9,2053,14,0.22255851575951452
ENSG00000135596.18,6841,167,0.7967131965529821
ENSG00000112365.6,10456,178,0.5555965723580613
ENSG00000155085.16,10099,202,0.6527969660119476
ENSG00000112367.12,28959,301,0.339225166834735
ENSG00000112290.13,3260,12,0.12013478515011831
ENSG00000168438.15,5955,378,2.071644179188186
ENSG00000203797.12,2143,167,2.5433107688375878
ENSG00000155111.15,7645,171,0.7300014969455522
ENSG00000123505.19,10193,1117,3.57648393784414
ENSG00000155115.7,921,1178,41.74368555160118
ENSG00000197498.13,3922,653,5.433888490818223
ENSG00000218803.1,654,11,0.5489339188943989
ENSG00000112394.18,11237,951,2.762073722297661
ENSG00000173214.7,18075,247,0.44598862009487444
ENSG00000009413.17,12420,612,1.6081811094250136
ENSG00000272356.1,4315,36,0.2722869522058301
ENSG00000231889.9,6372,57,0.2919471356010016
ENSG00000056972.21,12634,180,0.4649826653348729
ENSG00000255389.1,2421,17,0.22917079006676158
ENSG00000010810.18,7411,271,1.1934318050726793
ENSG00000074935.14,7087,449,2.0677071917552583
ENSG00000203778.8,2551,80,1.0234924855334788
ENSG00000112769.20,11983,595,1.6205279893438238
ENSG00000225580.2,1178,11,0.3047561824761773
ENSG00000230943.4,2523,979,12.663990361937131
ENSG00000277443.3,4296,678,5.150750948975859
ENSG00000196591.12,15333,1005,2.1391638763197713
ENSG00000249853.9,4072,138,1.1060542964827935
ENSG00000111816.8,13363,108,0.26376970712448333
ENSG00000178425.14,7307,591,2.639693503459319
ENSG00000187189.11,4112,257,2.0397885395280504
ENSG00000111817.19,19194,287,0.4880019263057626
ENSG00000189241.8,9089,5031,18.065223707542074
ENSG00000178033.6,9787,149,0.496868895293233
ENSG00000111832.13,5867,2682,14.919278303771552
ENSG00000111834.13,2840,13,0.14939296345839242
ENSG00000153975.10,2656,62,0.7618487316309586
ENSG00000196911.12,11608,731,2.055252132866995
ENSG00000183807.8,1032,46,1.4547329119114778
ENSG00000170162.14,2231,2458,35.95733020285037
ENSG00000047936.11,8890,40,0.14684641904363915
ENSG00000164465.19,6819,161,0.7705668393934972
ENSG00000047932.14,4628,640,4.513274555913404
ENSG00000153989.8,4796,451,3.069039637455048
ENSG00000196376.11,5117,45,0.28701343530588164
ENSG00000230202.1,474,240,16.524869180986737
ENSG00000111860.14,9428,618,2.1393115272436742
ENSG00000198523.6,2989,23409,255.60072223117905
ENSG00000293224.1,1179,27,0.7474034343308886
ENSG00000111877.18,12496,65,0.16976473120271865
ENSG00000111875.8,2589,566,7.134926617986105
ENSG00000111879.20,7712,11,0.04655119073611733
ENSG00000111885.7,5018,226,1.4698834912183
ENSG00000146350.14,6912,20,0.09443465460778011
ENSG00000152661.9,3395,254,2.441738033767893
ENSG00000025156.13,2697,1914,23.161469868189474
ENSG00000279453.1,2435,299,4.007535266161065
ENSG00000111897.7,3125,5009,52.312580067819546
ENSG00000164434.12,2487,17,0.22308905619285474
ENSG00000172594.13,2349,793,11.017810553227715
ENSG00000146352.13,11219,31,0.09018050767500785
ENSG00000186439.15,13259,106379,261.8486040231746
ENSG00000235535.9,10271,171,0.5433610596970836
ENSG00000285691.2,2866,44,0.5010506391583208
ENSG00000188580.16,4411,98,0.7250937270414833
ENSG00000236548.3,12176,66,0.17690675901294522
ENSG00000146373.17,12887,455,1.1522977083700012
ENSG00000111907.21,7595,1215,5.2209992374490195
ENSG00000111906.18,5888,1276,7.072745044667914
ENSG00000237742.8,4126,32,0.25311966365447447
ENSG00000135547.9,2689,226,2.742980795438241
ENSG00000111912.20,7647,189,0.8066327374830422
ENSG00000111911.7,3325,3590,35.237730439245475
ENSG00000066651.20,5722,163,0.9297043885161054
ENSG00000293110.1,37231,41,0.035940514139571896
ENSG00000146374.14,4957,815,5.365915383386278
ENSG00000118518.17,3392,2170,20.878967597999385
ENSG00000093144.19,5676,872,5.013941103505172
ENSG00000189367.15,9164,46,0.1638241341218513
ENSG00000152894.15,8936,17,0.062088460469072265
ENSG00000196569.14,26419,684,0.8449769399521171
ENSG00000226149.6,6823,31,0.14828303028080214
ENSG00000146376.11,4592,764,5.429959735886517
ENSG00000198945.8,5111,61,0.3895193924044956
ENSG00000079819.20,10320,1504,4.756344129380136
ENSG00000118507.19,4593,745,5.293768646020981
ENSG00000112282.18,7426,672,2.953380874899757
ENSG00000154269.15,3885,13,0.10920875578425598
ENSG00000197594.14,11423,178,0.5085632286243446
ENSG00000118523.6,2338,235,3.2804127068543494
ENSG00000079950.14,16387,863,1.7187648839814071
ENSG00000146409.12,2844,135,1.5492064857175067
ENSG00000112306.8,639,2845,145.30700206465863
ENSG00000112319.21,14674,1746,3.8832992122294954
ENSG00000227954.7,8082,11,0.04442004243466182
ENSG00000028839.10,5039,106,0.6865412508512747
ENSG00000146411.6,5572,228,1.3354538033378192
ENSG00000118515.12,9962,1096,3.5906175295285983
ENSG00000112339.15,11085,3797,11.179182079694012
ENSG00000232876.1,790,10,0.4131217295246684
ENSG00000135541.22,31596,291,0.30058410685031656
ENSG00000171408.14,5941,230,1.2634946684839632
ENSG00000237596.7,8029,42,0.17072336512178976
ENSG00000029363.17,9533,2743,9.390773043407854
ENSG00000135525.19,5447,18,0.107850027425019
ENSG00000197442.11,5716,209,1.1933262554551785
ENSG00000112357.14,3409,113,1.0818239012809372
ENSG00000016402.14,4730,54,0.372595623287999
ENSG00000027697.16,3549,649,5.968206310075874
ENSG00000237499.7,4150,16,0.12582791954679057
ENSG00000118503.18,6443,112,0.5673290490197527
ENSG00000112378.12,4198,24,0.18658380161476207
ENSG00000112379.9,14859,19,0.041731995155564125
ENSG00000051620.11,10352,1486,4.684892998050515
ENSG00000135540.12,8741,24,0.08960974707456484
ENSG00000024862.18,1247,189,4.946528102271711
ENSG00000135597.19,9602,426,1.447948207188418
ENSG00000146386.8,1137,12,0.3444497797619927
ENSG00000112406.5,5646,1003,5.797826156986566
ENSG00000272446.5,1894,23,0.39632638993998026
ENSG00000164440.15,4796,15121,102.89788992895295
ENSG00000164442.11,2563,979,12.466347125699329
ENSG00000286452.1,1175,123,3.4164288049286835
ENSG00000259828.1,3996,80,0.6533857183673434
ENSG00000009844.16,7258,1365,6.137914260580411
ENSG00000112414.15,8473,42,0.16177716258265662
ENSG00000010818.11,11272,1897,5.49251789848788
ENSG00000229017.7,4180,31,0.24204189368562512
ENSG00000146416.19,8431,724,2.802622517126431
ENSG00000189007.16,7197,93,0.42173201984406544
ENSG00000034693.15,2830,209,2.4102660339865016
ENSG00000293105.1,4875,14,0.0937256682778017
ENSG00000001036.14,2822,128,1.4803284652563595
ENSG00000112419.15,11224,673,1.956917586746084
ENSG00000135521.9,1853,243,4.279923282075046
ENSG00000118495.21,6410,258,1.313611090666426
ENSG00000169976.7,690,489,23.129428309083288
ENSG00000135604.11,5758,26,0.14736923106003283
ENSG00000152818.20,15009,1335,2.9029171300099375
ENSG00000112425.16,18282,2854,5.094896831255273
ENSG00000270638.1,1649,12,0.2375011519644546
ENSG00000118496.5,9051,627,2.260872680206099
ENSG00000235652.11,9116,93,0.33295363611427586
ENSG00000146414.17,17695,182,0.33568037451854665
ENSG00000118508.5,1065,21,0.6435389195130752
ENSG00000164506.16,26928,657,0.7962810876232497
ENSG00000203727.4,6557,12,0.059728442822843626
ENSG00000111961.19,10014,775,2.5258016666814287
ENSG00000111962.8,4861,20,0.13427943481772808
ENSG00000055208.20,6109,3545,18.93874708823556
ENSG00000177688.7,1017,17,0.5455481639642378
ENSG00000289045.1,612,37,1.9731287833343232
ENSG00000131013.4,2889,359,4.055571260314684
ENSG00000055211.14,2250,679,9.849005641525663
ENSG00000293098.1,1721,20,0.37927503349737135
ENSG00000186625.14,2255,186,2.6919781346498795
ENSG00000131023.13,8492,547,2.102240849970501
ENSG00000278899.1,1268,11,0.28312522315215843
ENSG00000120253.14,4420,632,4.666593147445169
ENSG00000120265.21,2831,1688,19.459770001968767
ENSG00000285991.1,5065,12,0.07732268501271188
ENSG00000198729.5,2219,935,13.751796553104837
ENSG00000120278.17,10294,175,0.5548288236524714
ENSG00000131016.17,8775,253,0.9409759553287234
ENSG00000181472.5,3103,271,2.8503136021249196
ENSG00000155906.20,10735,244,0.7418103827030749
ENSG00000146476.11,2819,576,6.668567286374783
ENSG00000091831.25,13726,413,0.9819993202099195
ENSG00000131018.25,47523,1906,1.3089533762903736
ENSG00000120279.7,3030,392,4.222294957069285
ENSG00000146469.13,1585,25,0.5147731330039245
ENSG00000112029.10,3856,31,0.26237943869447955
ENSG00000112031.16,4297,308,2.3393246271338684
ENSG00000218426.5,447,71,5.1838921273017124
ENSG00000153721.19,21579,49,0.07410881945363508
ENSG00000213079.10,5428,661,3.9743558574150075
ENSG00000146426.19,11571,59,0.16641261613641686
ENSG00000235381.1,3088,35,0.3699098387745169
ENSG00000029639.11,4111,126,1.0002952312548163
ENSG00000049618.25,45931,2169,1.5411992222198834
ENSG00000215712.11,5005,466,3.0386939761680605
ENSG00000175048.17,11132,99,0.29024659060478186
ENSG00000130340.17,15256,1084,2.3189625347125395
ENSG00000078269.15,12517,158,0.4119665597129434
ENSG00000122335.17,11003,228,0.6762836128508887
ENSG00000272047.4,8762,851,3.1697969361120673
ENSG00000130338.13,12285,757,2.0110638006319697
ENSG00000146433.10,5533,440,2.5953571874710777
ENSG00000218226.1,2226,10,0.1466155284476586
ENSG00000146425.11,2953,616,6.808044648015058
ENSG00000164674.17,2896,339,3.820377430386791
ENSG00000092820.19,3286,425,4.221108359339849
ENSG00000130363.13,6576,122,0.605484675966964
ENSG00000271913.9,13531,50,0.12059942588296801
ENSG00000164694.17,6850,47,0.22393007032483125
ENSG00000291237.1,18144,19096,34.34903170266988
ENSG00000146457.16,6413,979,4.9822622303395265
ENSG00000120437.9,2639,30,0.3710111780877091
ENSG00000120438.12,4883,2384,15.933994276419815
ENSG00000112110.10,1374,694,16.4845792888788
ENSG00000197081.16,22613,3330,4.806082049531443
ENSG00000146477.6,3234,274,2.7651307845674005
ENSG00000213071.12,2498,12,0.15678118478358113
ENSG00000085511.20,7522,667,2.8939940566130486
ENSG00000026652.15,14253,64,0.1465476366011874
ENSG00000185345.25,11631,1091,3.061348873355829
ENSG00000112530.13,2568,27,0.34314199730378414
ENSG00000285564.2,7002,98,0.45678212367609017
ENSG00000270419.2,900,29,1.0516243137122392
ENSG00000112531.17,17364,10174,19.122606405121754
ENSG00000228692.2,602,10,0.5421364889111098
ENSG00000198818.10,3089,207,2.1870442353243456
ENSG00000060762.20,1540,3893,82.50282373384623
ENSG00000071242.12,8251,1060,4.192802524590443
ENSG00000232082.1,579,14,0.7891409893856361
ENSG00000026297.17,19532,93,0.15539654652968152
ENSG00000213066.14,29787,302,0.3308912687749535
ENSG00000146521.12,2988,11,0.12014818706724795
ENSG00000130396.22,13749,1336,3.1713229922868282
ENSG00000235994.4,1539,29,0.6149849787790873
ENSG00000229921.7,3121,34,0.35554148205807734
ENSG00000125337.21,5892,13,0.07200882827933375
ENSG00000153303.18,8907,11,0.04030569023879386
ENSG00000112562.20,4032,712,5.763212064063381
ENSG00000226445.2,5767,10,0.056592017743105266
ENSG00000184465.16,12610,148,0.3830467297067743
ENSG00000185127.7,4235,525,4.04586156600605
ENSG00000130024.15,5982,3065,16.72203777640515
ENSG00000130023.16,4267,15,0.1147291421342236
ENSG00000287823.1,6815,18,0.08620089499399537
ENSG00000288162.1,1713,34,0.6477787305915116
ENSG00000008018.9,2219,1441,21.193945275961575
ENSG00000112592.15,2318,219,3.083442209881919
ENSG00000071994.11,6476,547,2.7566753085159816
ENSG00000177706.9,5054,249,1.6079377802690447
ENSG00000197461.13,4588,273,1.941978278260358
ENSG00000188191.16,4988,71,0.46455488791176125
ENSG00000237181.2,1124,16,0.46457817270389756
ENSG00000164818.16,7139,571,2.610380739197124
ENSG00000164828.18,11850,4271,11.76295271199906
ENSG00000273151.1,6758,57,0.27527184789132614
ENSG00000240230.6,6715,292,1.4191946473082728
ENSG00000146540.15,4961,568,3.7366656414494903
ENSG00000164849.10,3190,19,0.19438737179201485
ENSG00000164850.16,3123,30,0.3135121674586821
ENSG00000178381.12,2282,24,0.3432422432860523
ENSG00000229043.3,4569,31,0.22143469371983213
ENSG00000164877.19,8811,21,0.07778560314168936
ENSG00000273230.1,3026,12,0.12942478505928146
ENSG00000164880.16,9084,1418,5.094531306122017
ENSG00000198517.10,4470,384,2.80368250265332
ENSG00000164855.16,7612,78,0.33442670747911285
ENSG00000157778.9,1973,61,1.0090388315151428
ENSG00000230487.9,6438,100,0.5069371952850079
ENSG00000225968.8,4664,18,0.12595606762094308
ENSG00000106268.16,2089,65,1.0155002781757647
ENSG00000106266.11,5750,151,0.8570659324347425
ENSG00000106263.19,8989,1683,6.110515718368154
ENSG00000136213.10,16116,252,0.5103268423540023
ENSG00000106003.14,3440,63,0.5977054790244986
ENSG00000106009.16,6673,263,1.2862925482292875
ENSG00000106012.19,9239,143,0.5051451648923236
ENSG00000136295.16,6119,89,0.4746950286465017
ENSG00000146535.14,6111,243,1.29777415180577
ENSG00000146555.20,12241,30,0.0799851726961412
ENSG00000164916.11,13106,922,2.2959682996427437
ENSG00000242802.9,8398,98,0.38085120623719737
ENSG00000157927.17,6513,58,0.29063776518993256
ENSG00000196204.12,5508,73,0.4325477513015183
ENSG00000146587.18,6959,541,2.537205000453342
ENSG00000157954.15,8983,914,3.320702170996127
ENSG00000182095.15,12860,434,1.1014223653563595
ENSG00000155034.21,9753,131,0.4383673514662969
ENSG00000075624.17,4405,8403,62.25777288591767
ENSG00000075618.18,3699,196,1.7293259962043703
ENSG00000011275.19,7576,879,3.786640182143942
ENSG00000122674.12,6431,207,1.0505021991784953
ENSG00000122512.17,11237,224,0.6505830849575983
ENSG00000106305.10,1828,1088,19.42485716417084
ENSG00000086232.13,5492,1561,9.276358077795445
ENSG00000106346.12,7007,238,1.1085364290741853
ENSG00000008256.17,5802,550,3.0937847548857023
ENSG00000136238.20,8276,4189,16.519428114225235
ENSG00000164535.15,5715,262,1.496201847366857
ENSG00000136240.10,3930,861,7.150159521765501
ENSG00000136247.15,3557,551,5.055601845510062
ENSG00000146576.13,2724,251,3.007265335809343
ENSG00000236609.4,3864,589,4.974887990815825
ENSG00000205903.7,7662,353,1.5036185945255063
ENSG00000164631.19,5321,276,1.6928596486667677
ENSG00000290835.1,3879,14,0.11779134644348628
ENSG00000146574.16,6933,200,0.941486128153723
ENSG00000106392.11,7773,570,2.393267912066875
ENSG00000215018.10,6639,217,1.066748879235034
ENSG00000272732.1,1655,58,1.1437605828894446
ENSG00000272894.5,1730,106,1.9997002098494643
ENSG00000164654.16,6714,1448,7.0386983741116875
ENSG00000106399.11,3232,89,0.8987187129603785
ENSG00000219545.12,3752,344,2.9922697552138566
ENSG00000106415.13,6883,127,0.6021865919397063
ENSG00000003147.19,4883,59,0.3943396234516649
ENSG00000227719.1,524,14,0.8719706733860368
ENSG00000189043.10,3461,10719,101.07827035053995
ENSG00000106443.17,14044,372,0.8644845761372084
ENSG00000005108.17,10915,32,0.09568224757108217
ENSG00000106460.20,14321,1596,3.6371789781012707
ENSG00000229618.3,13329,59,0.14446397939188832
ENSG00000006468.15,9592,41,0.13950180170250218
ENSG00000106511.6,2371,190,2.6153341038233964
ENSG00000229108.4,2098,150,2.333409196790906
ENSG00000214960.11,7193,93,0.4219665434196774
ENSG00000106524.9,2851,510,5.838188173465062
ENSG00000136261.16,3662,4868,43.38477601495379
ENSG00000106537.8,2004,114,1.856574000049483
ENSG00000106546.14,8051,108,0.4378033283200188
ENSG00000071189.21,16418,1658,3.295864927311495
ENSG00000048052.25,17284,840,1.586135036522622
ENSG00000105849.6,3948,376,3.1082492030903626
ENSG00000213860.4,483,23,1.5541246015451813
ENSG00000105866.15,6225,345,1.8087763434851147
ENSG00000164649.20,3894,75,0.6285943111026349
ENSG00000136237.20,10257,373,1.1868439118556504
ENSG00000105889.16,6478,23,0.11587560706179724
ENSG00000233476.3,1384,15,0.3537205559875232
ENSG00000196683.12,1732,2338,44.0556637913772
ENSG00000228649.11,7475,130,0.5675933327382401
ENSG00000122591.13,18606,949,1.6646323328062942
ENSG00000122550.18,7066,476,2.19856064492579
ENSG00000230042.1,664,14,0.6881214350215109
ENSG00000136243.18,4145,189,1.4881352336629252
ENSG00000136235.17,5906,326,1.8014793467961923
ENSG00000156928.5,3712,760,6.68206590535051
ENSG00000164548.12,3516,892,8.27982424236187
ENSG00000169193.12,3547,197,1.812634191314467
ENSG00000188732.11,7458,17,0.07439293144966877
ENSG00000105926.16,9369,382,1.3306849774357397
ENSG00000105928.16,8598,98,0.37199214119329876
ENSG00000070882.13,8089,73,0.2945324532289236
ENSG00000172115.9,5791,11686,65.85935105625914
ENSG00000153790.12,3842,23,0.1953779756757737
ENSG00000050344.9,4303,54,0.40956943949622027
ENSG00000122566.22,12613,14109,36.50757346128758
ENSG00000122565.19,4840,1274,8.590712725152848
ENSG00000086300.17,9556,16,0.0546448164628695
ENSG00000214870.11,7236,34,0.15335060330338024
ENSG00000005020.13,5361,185,1.1262402680475714
ENSG00000233429.9,1496,12,0.26179104250627383
ENSG00000105997.23,4308,127,0.9621286704551993
ENSG00000253552.8,5431,65,0.3906057965584924
ENSG00000197576.15,1728,27,0.5099471348820126
ENSG00000254369.6,5967,15,0.08204277685381803
ENSG00000106004.5,1720,94,1.7836290485175512
ENSG00000122592.8,2411,57,0.7715832219201917
ENSG00000078399.19,3033,283,3.0452233784975316
ENSG00000253187.2,1654,11,0.21705125934518554
ENSG00000253293.6,3707,626,5.511335854306164
ENSG00000005073.6,2669,70,0.855962219659579
ENSG00000240990.10,3128,47,0.49038394556428827
ENSG00000106031.9,5071,128,0.8237994338302993
ENSG00000233830.2,687,73,3.467937429648854
ENSG00000106049.9,2211,3247,47.92903401427466
ENSG00000106052.14,9167,2583,9.196070771420885
ENSG00000153814.13,4258,95,0.7281537294698536
ENSG00000146592.17,11681,309,0.8633434243152711
ENSG00000255690.3,4973,92,0.6037741263191816
ENSG00000106066.15,3336,104,1.0174484801482842
ENSG00000106069.26,8842,97,0.3580357174109403
ENSG00000293330.1,887,18,0.6622988719098969
ENSG00000288973.1,3048,235,2.516274576320692
ENSG00000227855.5,2326,27,0.378842927375803
ENSG00000291213.1,7630,96,0.41063108738074516
ENSG00000122574.12,6060,758,4.082269869207293
ENSG00000136193.17,6048,63,0.3399647565880084
ENSG00000106080.11,5344,125,0.7633939144940308
ENSG00000106086.21,12352,167,0.4412495933953166
ENSG00000180354.16,6356,1280,6.572509328120591
ENSG00000180233.11,3403,154,1.4769435678510479
ENSG00000235859.5,1234,48,1.2694956226560314
ENSG00000106100.11,6820,76,0.36369250206247933
ENSG00000006625.18,1594,213,4.361103728175404
ENSG00000196295.13,30756,482,0.5114725327363873
ENSG00000244480.1,1393,25,0.5857253523411488
ENSG00000106105.15,17366,1007,1.8924952751857624
ENSG00000106113.19,3812,15,0.12842320290837672
ENSG00000241644.2,3376,195,1.8851126313173925
ENSG00000240583.14,3261,4302,43.05511338632161
ENSG00000078549.16,7008,39,0.18162500694427847
ENSG00000154678.18,14131,41,0.09469261070910771
ENSG00000106355.10,4695,588,4.087397354607007
ENSG00000105778.20,14756,315,0.696701967960245
ENSG00000229358.3,2594,48,0.6039158050722987
ENSG00000273014.1,472,32,2.212651975081275
ENSG00000281332.1,2646,35,0.4317012782069948
ENSG00000170852.12,4850,2520,16.95758225026206
ENSG00000122642.11,5169,811,5.120583495630873
ENSG00000122643.23,3222,1372,13.897404723687076
ENSG00000164610.10,5745,387,2.1984979350317992
ENSG00000122507.21,8981,183,0.6650151256806738
ENSG00000164619.10,7990,52,0.21240351250154418
ENSG00000197085.11,7106,22,0.10104215675680746
ENSG00000173852.16,13303,117,0.2870393254150575
ENSG00000122557.11,3581,437,3.9827426608154504
ENSG00000271122.1,4200,225,1.7483901767383287
ENSG00000228878.10,6243,44,0.23001940282360203
ENSG00000122545.22,17138,2288,4.357134954781356
ENSG00000122547.12,4737,494,3.4035230349228858
ENSG00000164542.13,6797,122,0.5857977385844865
ENSG00000155849.16,10999,92,0.27298561052689246
ENSG00000106483.12,3508,81,0.7535820830183447
ENSG00000086289.13,2647,2022,24.930577571141477
ENSG00000010270.14,4324,224,1.6907035443266727
ENSG00000078053.17,5489,70,0.4162075358483178
ENSG00000006715.16,7752,335,1.4103801047304374
ENSG00000241127.8,2560,125,1.5935847965062893
ENSG00000236015.1,823,13,0.5155237135137721
ENSG00000006451.8,3579,503,4.586817034401159
ENSG00000188185.13,7319,29,0.1293157374424123
ENSG00000233225.3,1148,13,0.3695784113430614
ENSG00000175741.5,563,89,5.159252007616241
ENSG00000259826.1,2234,21,0.3067900399648277
ENSG00000065883.18,24780,834,1.0984236590582044
ENSG00000168303.9,7627,142,0.6076307279150034
ENSG00000175600.16,2829,214,2.4688002684142965
ENSG00000122641.11,8284,18,0.07091490818252999
ENSG00000106571.15,13799,31,0.07331945181577745
ENSG00000106588.12,8378,48,0.18698467395053026
ENSG00000106591.4,3358,741,7.201826362312258
ENSG00000002746.15,13935,41,0.0960244909889057
ENSG00000164543.7,5683,229,1.3151126533223259
ENSG00000106603.20,11820,829,2.2889809803976364
ENSG00000106605.11,1821,353,6.326592900194634
ENSG00000106608.17,7388,749,3.30872033807582
ENSG00000078967.13,4715,1883,13.033881043245195
ENSG00000214783.9,6492,30,0.15081615819061372
ENSG00000239556.4,793,15,0.617338271736106
ENSG00000136206.5,3296,26,0.2574490389695598
ENSG00000285596.1,2698,13,0.15725575100883413
ENSG00000290872.1,1422,21,0.4819753511121132
ENSG00000290758.1,3272,14,0.13964322519996436
ENSG00000235314.1,2703,142,1.7145392385526195
ENSG00000136279.21,12587,333,0.8634299943279139
ENSG00000122678.17,4662,206,1.4421156212536366
ENSG00000106624.11,4971,128,0.8403715407269055
ENSG00000106628.13,8005,1370,5.585529642280432
ENSG00000106636.9,7683,534,2.268378664809015
ENSG00000058404.21,11598,2750,7.738463160823781
ENSG00000015676.18,9893,1695,5.591738117052535
ENSG00000146677.7,408,59,4.719510738515881
ENSG00000136271.11,3681,410,3.6351569734593885
ENSG00000158604.15,3769,1338,11.586042200641153
ENSG00000287574.1,1158,17,0.47912131498413624
ENSG00000105953.16,5209,11864,74.3330427581825
ENSG00000122515.16,7341,441,1.9605977298610437
ENSG00000196262.15,6780,824,3.9664560627046925
ENSG00000105968.19,7003,3354,15.630902782412294
ENSG00000146676.10,9232,1042,3.6836389223366184
ENSG00000136286.16,8717,15,0.05616029017858576
ENSG00000232956.10,3943,56,0.4635177609477893
ENSG00000136280.17,8193,667,2.65697831000163
ENSG00000136274.9,4973,26,0.1706318183075948
ENSG00000136270.14,5803,1093,6.147134581986308
ENSG00000122679.8,1427,94,2.149854214050587
ENSG00000289251.2,1710,17,0.32445759225241505
ENSG00000164742.16,13966,387,0.9043656477701337
ENSG00000291207.1,6683,324,1.5822630239283875
ENSG00000291208.1,10312,72,0.2278739718324587
ENSG00000146674.16,4569,246,1.7571914404864097
ENSG00000136205.18,12569,623,1.617679382768367
ENSG00000158683.10,11536,250,0.7072775795867027
ENSG00000225507.1,526,12,0.7445615961775394
ENSG00000136273.13,4165,465,3.6437038977403833
ENSG00000183696.14,4580,305,2.1733991425539054
ENSG00000185811.21,10921,22,0.06574540480852245
ENSG00000132436.13,4956,174,1.145837629952803
ENSG00000290114.1,1564,35,0.7303590678617059
ENSG00000106070.20,9795,1553,5.174544729983971
ENSG00000286658.1,1259,12,0.31107180269212525
ENSG00000106078.19,14349,3321,7.553571944829779
ENSG00000132432.14,1842,261,4.624406591242746
ENSG00000146648.21,15941,742,1.519124869285303
ENSG00000132434.10,5341,369,2.2548046315996273
ENSG00000154978.13,5341,370,2.260915213257079
ENSG00000291029.1,2451,13,0.17310322979267012
ENSG00000178665.16,6480,68,0.3424830140442158
ENSG00000146729.10,5651,15170,87.61236494677904
ENSG00000239789.6,2100,191,2.968377988951296
ENSG00000146733.14,2762,75,0.8862223922641782
ENSG00000146731.11,3846,2422,20.552752335879095
ENSG00000129103.19,4101,723,5.753785375581685
ENSG00000164776.11,2753,2979,35.31583034800763
ENSG00000106153.13,1028,3476,110.35494106458371
ENSG00000260653.6,4691,13,0.09044468476270187
ENSG00000235720.1,1356,14,0.33695621891908795
ENSG00000214652.6,8478,59,0.2271243667509412
ENSG00000234444.10,11183,122,0.35604643022075955
ENSG00000232727.2,763,18,0.7699332888388971
ENSG00000228653.2,905,28,1.0097516748160957
ENSG00000173041.12,5561,548,3.2161240630429684
ENSG00000196247.13,11314,49,0.14134649239791333
ENSG00000197008.10,2850,187,2.141420108865939
ENSG00000287580.1,556,97,5.693798225445205
ENSG00000234338.1,1603,30,0.6107913281181935
ENSG00000198039.12,8661,189,0.7121949594195618
ENSG00000152926.16,10695,88,0.2685387810804577
ENSG00000213462.5,5027,52,0.33759778493879805
ENSG00000290860.1,3702,17,0.1498710110080037
ENSG00000146757.14,3513,179,1.6629531389719148
ENSG00000291124.1,2983,18,0.19693566858333172
ENSG00000196715.7,6092,975,5.223358702665395
ENSG00000169919.17,3893,228,1.9114175679934058
ENSG00000126522.17,6031,57,0.30845417808814163
ENSG00000241258.7,3540,268,2.4707947055074237
ENSG00000169902.15,2805,53,0.6166633445703339
ENSG00000179406.10,11632,166,0.4657563927945755
ENSG00000237310.3,1262,20,0.5172205488502187
ENSG00000291136.1,11168,194,0.5669326313301458
ENSG00000225573.4,370,16,1.4113131516734618
ENSG00000243335.10,6560,195,0.9701433297755363
ENSG00000226824.8,3302,72,0.7116403384422514
ENSG00000289015.1,785,12,0.4989036937444403
ENSG00000154710.18,5501,16,0.09492562554429755
ENSG00000232546.1,298,21,2.299895802957802
ENSG00000273142.1,3441,120,1.1381557674785985
ENSG00000106609.16,5086,643,4.126099979289143
ENSG00000126524.12,2806,4339,50.466956367852944
ENSG00000198874.14,3880,243,2.043994289094088
ENSG00000291154.1,10518,36,0.11170547620918017
ENSG00000291153.1,4469,1054,7.697246348310816
ENSG00000273448.1,1337,20,0.48820668111366955
ENSG00000158321.19,24887,229,0.3003088041479799
ENSG00000277149.5,3262,31,0.31015791404227866
ENSG00000291152.1,1937,121,2.038735473684205
ENSG00000196313.13,9861,425,1.406608058897753
ENSG00000289042.1,1049,22,0.6844666977253324
ENSG00000285886.1,2085,12,0.187836642488914
ENSG00000290832.1,3644,46,0.41198802554682906
ENSG00000130305.17,3374,225,2.176419307143148
ENSG00000146755.11,2493,10,0.13091302299417892
ENSG00000188763.5,2343,77,1.0725648658551252
ENSG00000009954.11,7060,1545,7.142149107242692
ENSG00000106635.8,3230,967,9.77077655838328
ENSG00000106638.18,6396,96,0.4898554091174305
ENSG00000009950.16,4815,561,3.8025216886404527
ENSG00000176428.6,1620,14,0.2820448350952366
ENSG00000176410.8,2536,205,2.6382123066451126
ENSG00000071462.13,1201,620,16.84821175030663
ENSG00000106089.12,3693,16,0.1413988264606501
ENSG00000106077.19,2274,125,1.794009269593712
ENSG00000049540.19,6572,63,0.31285861957460054
ENSG00000106683.15,7038,413,1.9151637779484736
ENSG00000106682.16,5807,2913,16.371700404739688
ENSG00000086730.17,4545,10,0.07180773736512389
ENSG00000049541.11,2211,167,2.4650904466842833
ENSG00000106665.16,7375,84,0.3717255318136542
ENSG00000006704.11,6499,695,3.490144415995064
ENSG00000263001.8,11303,837,2.416778565103039
ENSG00000196275.16,8359,70,0.273305797855176
ENSG00000290833.1,2955,107,1.1817658137637976
ENSG00000123965.13,516,29,1.8342284541492546
ENSG00000184616.12,2901,12,0.13500151657683065
ENSG00000274070.2,8206,4337,17.248964944544294
ENSG00000274523.5,4196,1264,9.831430749145683
ENSG00000174428.19,6560,197,0.9800935177732341
ENSG00000290871.1,7453,43,0.18829659401520177
ENSG00000290951.1,3018,22,0.23790774218484884
ENSG00000291151.1,4829,153,1.0340448011523438
ENSG00000272391.6,8796,502,1.8626172748396206
ENSG00000170092.15,3281,12,0.11936586394068444
ENSG00000127946.17,8955,328,1.19540036353358
ENSG00000005486.17,2390,139,1.8981128501717086
ENSG00000127948.17,6222,161,0.8445026161723332
ENSG00000189077.11,2000,688,11.22699612156239
ENSG00000127952.17,2028,140,2.2530208720625406
ENSG00000146701.12,3641,14638,131.20977595874365
ENSG00000106211.10,1623,9000,180.97938982873646
ENSG00000170027.7,3705,11230,98.92286228944673
ENSG00000146700.9,2821,11,0.12726082345159054
ENSG00000091073.20,5042,39,0.25244507113556197
ENSG00000205482.11,3077,27,0.2863791514709515
ENSG00000225726.1,487,12,0.8041876788283073
ENSG00000135205.15,4459,93,0.6806919369405112
ENSG00000127951.8,6480,349,1.7577437044328137
ENSG00000186088.16,8950,180,0.6563788819933839
ENSG00000127947.16,5525,747,4.412588710305748
ENSG00000214293.11,5939,68,0.37368074271872687
ENSG00000187257.16,7190,445,2.0199296803115048
ENSG00000135211.6,877,142,5.284378063634812
ENSG00000006576.17,8665,7623,28.711936363434194
ENSG00000187391.23,34030,155,0.14865341104994315
ENSG00000234456.10,17783,488,0.8956120405238158
ENSG00000127955.17,24192,278,0.37504048544232677
ENSG00000135218.19,10880,11473,34.41543222647841
ENSG00000229436.1,255,18,2.30376117405521
ENSG00000075223.14,6100,777,4.157155921870938
ENSG00000019991.18,9753,20,0.06692631320096136
ENSG00000153956.17,9168,9838,35.02170968913955
ENSG00000170381.15,8450,20,0.07724642989928712
ENSG00000164659.15,8070,188,0.760307797633256
ENSG00000224046.3,911,15,0.537375685495864
ENSG00000135164.19,9369,859,2.992299464966755
ENSG00000135185.12,3270,32,0.31937973462946845
ENSG00000182165.20,6170,42,0.2221617339648055
ENSG00000005469.12,4995,247,1.6138627243673382
ENSG00000005471.19,7728,248,1.0473448401717527
ENSG00000105784.16,4725,15,0.10360830676967876
ENSG00000075303.13,5084,421,2.702599449697275
ENSG00000006634.8,4595,47,0.33382393508707164
ENSG00000008277.15,13668,145,0.3462327635136872
ENSG00000075142.14,4226,286,2.208725119943294
ENSG00000127954.13,11248,717,2.0804102174133887
ENSG00000164647.9,1544,22,0.4650295116022498
ENSG00000157214.14,8720,45,0.16842290693350875
ENSG00000105792.19,9139,63,0.22498160059571887
ENSG00000105793.16,10434,369,1.1541989205840149
ENSG00000157224.16,6708,1031,5.016152615989076
ENSG00000058091.17,7017,185,0.8604494908084692
ENSG00000157240.4,6894,100,0.4734061014280361
ENSG00000127989.14,4872,160,1.0718100700311595
ENSG00000127914.19,26515,5754,7.082447373302298
ENSG00000001631.17,21110,235,0.36331619652418146
ENSG00000001629.10,7389,741,3.2729371937534935
ENSG00000157259.8,6337,617,3.1776538523309
ENSG00000244055.2,5690,307,1.7608859940530375
ENSG00000127980.16,7838,575,2.3942401841870455
ENSG00000127993.16,6829,555,2.652412100015974
ENSG00000234545.8,4496,337,2.446294440643961
ENSG00000105810.10,12239,196,0.5226551891461693
ENSG00000205413.8,6855,56,0.26661568656705076
ENSG00000177409.12,7992,311,1.270018490076524
ENSG00000004766.17,9559,530,1.8095414599014403
ENSG00000004948.16,4222,17,0.1314122412959805
ENSG00000105825.14,2444,17,0.22701410914551134
ENSG00000127920.6,3019,415,4.486318616252485
ENSG00000278959.1,2476,17,0.2240801626622091
ENSG00000105829.13,5244,193,1.2011569431850915
ENSG00000236861.6,636,10,0.5131543495668052
ENSG00000164692.19,10812,1130,3.410967147120528
ENSG00000127995.17,5260,803,4.982358014421368
ENSG00000127990.19,20876,144,0.22512324176435275
ENSG00000242265.6,6689,118,0.5757393874463985
ENSG00000158528.12,11194,442,1.2886711230607801
ENSG00000105852.11,4119,20,0.15846864108982184
ENSG00000105854.13,3844,309,2.62349493741589
ENSG00000005981.13,4606,1615,11.44336427733496
ENSG00000231170.7,6742,15,0.07261187325522576
ENSG00000004799.8,4544,43007,308.89149901226364
ENSG00000158560.14,4568,76,0.5429909947605319
ENSG00000004864.14,3710,196,1.7241986145444652
ENSG00000127922.10,10668,473,1.4470490876591946
ENSG00000196636.8,1195,358,9.777329501603909
ENSG00000285725.1,1910,14,0.23922127374569807
ENSG00000164715.6,9167,646,2.299907750034027
ENSG00000205356.10,9047,212,0.7647797862362271
ENSG00000164713.10,5139,844,5.360051457051331
ENSG00000006453.14,4821,76,0.5144955121481247
ENSG00000272950.1,578,13,0.7340415505568071
ENSG00000214389.2,784,81,3.3718953408524914
ENSG00000106236.4,3029,21,0.22626904895392042
ENSG00000196367.15,19972,690,1.1275418323848225
ENSG00000198742.10,6282,289,1.5014298323428374
ENSG00000241685.10,2065,94,1.4856377546974275
ENSG00000130429.16,5581,10,0.05847808033049419
ENSG00000106244.13,2912,2030,22.75148755627441
ENSG00000106245.11,2374,148,2.0346332188721243
ENSG00000106246.18,5687,32,0.1836419434215512
ENSG00000160917.15,4252,300,2.302677561085287
ENSG00000241468.8,2130,1363,20.884370173721937
ENSG00000198556.14,6645,132,0.6483120233985317
ENSG00000160908.15,8611,210,0.7959225981667923
ENSG00000196652.12,6045,323,1.7438589201457344
ENSG00000221909.3,2705,208,2.509580872291812
ENSG00000197343.11,8401,810,3.1467277076876004
ENSG00000197037.11,7095,119,0.5473935700157023
ENSG00000106258.16,9815,42,0.13965745273182373
ENSG00000146833.16,4832,138,0.9320888028306985
ENSG00000106261.17,10319,1090,3.4474185608459345
ENSG00000166529.16,2142,85,1.2951038346209844
ENSG00000166526.19,4686,383,2.6674827507955388
ENSG00000168090.10,2779,1388,16.30069229429253
ENSG00000166508.19,4960,441,2.9017636965544202
ENSG00000221838.11,4905,39,0.2594960343864431
ENSG00000106290.16,7195,294,1.3335879485670534
ENSG00000166997.8,2451,33,0.4394158910121626
ENSG00000214309.5,1477,12,0.26515869978969914
ENSG00000188186.11,1931,227,3.8366193555493933
ENSG00000146826.17,3263,65,0.6501318054272671
ENSG00000197093.11,3264,22,0.21997719543929956
ENSG00000066923.19,6142,278,1.4772027717064096
ENSG00000291122.1,5566,1487,8.719124853117387
ENSG00000292277.1,3056,424,4.528116967329285
ENSG00000213413.3,1971,84,1.3909060360860983
ENSG00000291178.1,7684,43,0.1826359337838754
ENSG00000290682.1,2803,118,1.3739282064320226
ENSG00000121716.21,5761,92,0.5211888092666708
ENSG00000085514.16,1990,12,0.19680371838662597
ENSG00000289691.1,3630,14,0.12587124872018823
ENSG00000078487.18,3318,59,0.5803376676656057
ENSG00000146834.15,3372,79,0.7646182425751649
ENSG00000160813.7,1119,24,0.6999810537790628
ENSG00000166925.9,3668,216,1.921894545422285
ENSG00000106351.13,5487,127,0.755394625901403
ENSG00000077454.17,7117,84,0.38520103936008143
ENSG00000106333.13,3346,70,0.6827744065365859
ENSG00000106330.12,1696,95,1.8281123703317432
ENSG00000172354.10,2692,678,8.219771945319573
ENSG00000146830.11,7058,1037,4.795150389324088
ENSG00000172336.5,911,314,11.24906434971342
ENSG00000196411.10,6437,288,1.460205932910557
ENSG00000146828.18,8901,65,0.23833053377251687
ENSG00000087077.14,2553,77,0.9843397887577587
ENSG00000087087.20,4858,588,3.950253309979395
ENSG00000176125.7,995,32,1.0496198313953384
ENSG00000087085.16,4074,2277,18.24093668926999
ENSG00000169894.18,11396,239,0.684463967633842
ENSG00000169871.13,11131,671,1.9674036259431453
ENSG00000106366.9,3156,38,0.39296306464925684
ENSG00000106367.15,1699,59,1.13334925327515
ENSG00000106397.12,5671,146,0.8402302994776099
ENSG00000106400.12,5013,487,3.170562996210367
ENSG00000106404.14,2893,21,0.23690596242012615
ENSG00000214253.9,1791,1762,32.108162203447684
ENSG00000128581.17,6585,209,1.0358470578863783
ENSG00000257923.12,17765,1680,3.086378606389755
ENSG00000160999.11,2404,432,5.8648163000074405
ENSG00000260097.3,3151,48,0.49716204327437097
ENSG00000128563.13,3696,190,1.677748149395366
ENSG00000239486.1,338,17,1.641486635359851
ENSG00000160991.17,11107,55,0.16161104841853643
ENSG00000160993.4,2299,46,0.6530162527588713
ENSG00000161036.13,5899,111,0.6141150103749479
ENSG00000005075.16,937,1296,45.14093399749589
ENSG00000170667.16,7305,430,1.9211150105342898
ENSG00000168255.20,3190,12,0.12277097165811462
ENSG00000205238.12,3312,26,0.25620532380545563
ENSG00000285437.2,6795,59,0.28337901123097564
ENSG00000279168.3,1130,19,0.5487572708110862
ENSG00000105808.19,7744,61,0.25708078700663445
ENSG00000228049.8,2099,22,0.34207030296039714
ENSG00000233297.4,1199,53,1.4426527785819738
ENSG00000222011.9,2729,177,2.1167757947759025
ENSG00000161040.19,6185,16,0.08442778756979481
ENSG00000128606.13,2827,19,0.21934761797542532
ENSG00000170632.14,4575,86,0.6134970558230814
ENSG00000291139.1,6405,25,0.12738726242173615
ENSG00000105819.15,16849,1450,2.808658918455147
ENSG00000105821.15,6706,341,1.6595714690821715
ENSG00000161057.13,8637,2028,7.663200015121707
ENSG00000164815.11,3724,128,1.1217741484837398
ENSG00000197258.5,1828,207,3.695721905315592
ENSG00000005483.23,13704,1506,3.5865984127603543
ENSG00000228393.6,3973,113,0.928250108096329
ENSG00000239569.5,1004,71,2.307967909266798
ENSG00000272918.1,2646,58,0.7153906896001628
ENSG00000135250.17,7756,416,1.7504941360364494
ENSG00000244490.1,565,15,0.8664588486490834
ENSG00000091127.14,4433,267,1.9657064382729148
ENSG00000135249.8,3571,484,4.423445099441395
ENSG00000185055.11,2578,18,0.2278739718324587
ENSG00000272604.1,2578,50,0.6329832550901631
ENSG00000231167.3,999,112,3.6589600228571233
ENSG00000146776.15,8585,92,0.3497459208136622
ENSG00000128536.16,9726,21,0.0704677101872738
ENSG00000008282.10,2909,2772,31.09958793576765
ENSG00000105835.13,23584,4526,6.263285569812725
ENSG00000253276.5,6799,60,0.28801250153653896
ENSG00000105851.11,7765,19,0.07985778699504538
ENSG00000005249.14,12581,128,0.3320472878907438
ENSG00000105856.14,6344,1213,6.240261030132471
ENSG00000164597.15,8397,787,3.0588325937521987
ENSG00000105865.11,5498,62,0.36803751022404985
ENSG00000288558.3,7268,205,0.9205429842669243
ENSG00000075790.12,5625,14,0.08122891250742814
ENSG00000091137.14,5607,13,0.07566898809021481
ENSG00000241764.5,4013,17,0.13825628775271112
ENSG00000105879.13,5457,1125,6.728274456936945
ENSG00000091140.15,5102,8233,52.665085208732066
ENSG00000091136.15,18592,823,1.4447039311803662
ENSG00000135241.17,5673,864,4.97056879436555
ENSG00000177683.14,5056,596,3.8471961061984747
ENSG00000128590.5,2538,564,7.252581473877513
ENSG00000184903.10,3970,175,1.438641791102907
ENSG00000173114.13,3875,21,0.17686940626617417
ENSG00000128512.24,11774,642,1.779574305931046
ENSG00000198839.10,4745,167,1.1486438308996736
ENSG00000006652.15,7902,511,2.110517729585085
ENSG00000181016.9,2592,227,2.8582222127954777
ENSG00000146802.13,7831,404,1.6837176758408015
ENSG00000164603.12,4097,119,0.9479515204445711
ENSG00000214194.9,1843,1800,31.875154605755753
ENSG00000154415.8,4623,11265,79.52660315045118
ENSG00000128573.28,16537,130,0.2565616594435717
ENSG00000135272.13,6027,1698,9.194785970117483
ENSG00000135269.18,4267,99,0.7572123380858757
ENSG00000105971.15,6578,917,4.549677326232222
ENSG00000105974.13,3868,2391,20.174289133450127
ENSG00000105976.16,7224,1307,5.904769925056837
ENSG00000198898.16,8329,5935,23.255891429173207
ENSG00000004866.22,6526,149,0.7451510692974062
ENSG00000077063.11,6969,14,0.06556358628989573
ENSG00000128534.8,17309,521,0.9823604636608599
ENSG00000106025.9,3309,50,0.4931492389309278
ENSG00000071243.16,5200,214,1.3431222998738548
ENSG00000106034.18,7683,1742,7.399842011418173
ENSG00000196937.11,3395,320,3.076205396872936
ENSG00000008311.16,10816,549,1.6565738286995555
ENSG00000081803.17,6353,70,0.359603835081287
ENSG00000128609.16,13738,5272,12.524402597632124
ENSG00000146809.14,4910,5420,36.026570702214364
ENSG00000289345.1,560,38,2.214627557201883
ENSG00000230442.5,1727,148,2.796884343718832
ENSG00000170807.12,2672,27521,336.14982273264354
ENSG00000106299.8,4363,1237,9.253150303538659
ENSG00000272686.1,2099,157,2.4411380711264705
ENSG00000106302.10,2741,56,0.6667823901558311
ENSG00000128513.16,8717,154,0.5765789791668138
ENSG00000048405.11,5793,223,1.2563379093796105
ENSG00000280347.1,4975,10,0.06560123946220865
ENSG00000179562.3,4966,177,1.1632463036535317
ENSG00000004059.11,1825,546,9.76416037332441
ENSG00000197157.11,6486,731,3.6782865800678506
ENSG00000106344.8,15866,754,1.5509901008991807
ENSG00000224940.10,3688,33,0.2920304633597643
ENSG00000106348.19,3396,35,0.33636088991039703
ENSG00000135245.10,2070,23,0.36262907369387565
ENSG00000165055.16,6749,358,1.7312059200498848
ENSG00000273270.1,7054,93,0.43028144978986943
ENSG00000242588.7,17286,1464,2.7640869345079864
ENSG00000271553.1,1114,17,0.4980453166531684
ENSG00000205085.13,6920,44,0.20751605951268026
ENSG00000271344.1,1267,13,0.33486662685227664
ENSG00000128595.17,6342,2325,11.964700988717041
ENSG00000128596.17,6238,111,0.5807413347550204
ENSG00000128591.16,9251,53942,190.30206187304654
ENSG00000242902.1,559,129,7.531526915180493
ENSG00000135253.16,12525,45,0.11725730526628313
ENSG00000128524.5,762,650,27.839633610356593
ENSG00000224163.4,543,91,5.469488238587185
ENSG00000064419.14,4676,1234,8.612828255868653
ENSG00000158457.6,3530,238,2.2004291100631206
ENSG00000128602.11,4750,73,0.5015732661407922
ENSG00000158467.17,6851,1373,6.540661894081479
ENSG00000238072.1,258,32,4.047952450536286
ENSG00000128578.10,5877,1229,6.824979043947521
ENSG00000273329.2,7124,61,0.2794544658309064
ENSG00000106459.15,4119,261,2.068015766222175
ENSG00000186591.13,6514,3110,15.581804993385905
ENSG00000091732.17,3010,497,5.388836699776431
ENSG00000128607.14,6583,1141,5.65674913832965
ENSG00000146842.17,4669,202,1.411993266171484
ENSG00000106477.20,14095,30,0.06946424256640399
ENSG00000106484.16,4767,52,0.3560109219398653
ENSG00000158623.14,4139,307,2.4207396245860795
ENSG00000286214.1,7947,30,0.12320353579633374
ENSG00000266265.4,3511,21,0.1952061946116277
ENSG00000231721.8,27290,332,0.39704495133649703
ENSG00000273319.1,3198,16,0.16328513637247682
ENSG00000128585.18,12874,472,1.196557639468373
ENSG00000236753.7,8878,137,0.5036287991265472
ENSG00000128567.17,6893,1263,5.979986480020723
ENSG00000221866.10,16364,65,0.1296370130230489
ENSG00000106554.13,3428,6370,60.646221688651956
ENSG00000283041.1,1314,2858,70.98588305596552
ENSG00000131558.15,9468,2238,7.714485427061727
ENSG00000205060.11,6988,202,0.9434167944697565
ENSG00000085662.14,3654,3212,28.688782874500703
ENSG00000198074.10,1773,34,0.6258572845478056
ENSG00000227471.9,3351,105,1.0226334665494254
ENSG00000172331.12,2539,456,5.86147978904949
ENSG00000122786.20,9786,1731,5.772939238786929
ENSG00000146856.14,7307,72,0.32158702580215054
ENSG00000122783.17,5321,223,1.3677815277271348
ENSG00000146859.6,2313,447,6.307206067749509
ENSG00000287733.1,1053,11,0.3409333171480883
ENSG00000105875.15,16225,177,0.35603581780853244
ENSG00000080802.21,7317,1140,5.084835719692721
ENSG00000155561.15,7621,496,2.1240994422903303
ENSG00000243317.8,4934,1734,11.469779740710626
ENSG00000164707.16,8021,65,0.2644782547200065
ENSG00000105887.11,3782,1795,15.489880183830145
ENSG00000105894.13,1622,73,1.4688489606465862
ENSG00000279483.2,75,40,17.40619553730603
ENSG00000230383.1,862,86,3.256089362402085
ENSG00000182158.16,8807,411,1.5230668145720971
ENSG00000122779.18,9301,585,2.0527277421763843
ENSG00000122778.10,12498,76,0.1984623831065858
ENSG00000146858.8,1766,28,0.5174548503446017
ENSG00000105939.14,8466,248,0.9560454671447325
ENSG00000105948.13,4999,66,0.43088951745181464
ENSG00000157741.15,16634,1052,2.064068816720942
ENSG00000164898.13,1328,31,0.7618487316309586
ENSG00000146963.18,6316,827,4.273350531196194
ENSG00000236279.7,2699,27,0.32648708746799476
ENSG00000064393.16,15622,3337,6.971475464247963
ENSG00000059378.13,5510,129,0.7640877578195818
ENSG00000006459.11,9378,1033,3.5949696077329514
ENSG00000260231.2,2457,101,1.3415947415048146
ENSG00000157800.18,10588,183,0.5640820592876966
ENSG00000133606.11,5843,1167,6.518386378584247
ENSG00000146966.13,5175,116,0.7315647399737316
ENSG00000133597.11,3110,64,0.671621692757789
ENSG00000090266.13,4447,1455,10.67827236343895
ENSG00000157764.14,23433,463,0.6448492937662185
ENSG00000090263.16,5245,849,5.282838421534611
ENSG00000261115.7,10786,296,0.8956460711296911
ENSG00000006530.18,10697,78,0.23797850774338666
ENSG00000106028.11,4975,217,1.4235468963299278
ENSG00000127364.4,5018,16,0.1040625480508531
ENSG00000127366.5,1151,10,0.28355010106384715
ENSG00000106123.12,5325,14,0.08580518926841
ENSG00000197448.14,4214,2797,21.662225135491052
ENSG00000106144.20,8020,267,1.0865307532249167
ENSG00000188037.14,3321,1940,19.065051570897527
ENSG00000159784.18,6430,223,1.1318764399745076
ENSG00000232533.3,1354,17,0.40976549686235575
ENSG00000159840.16,3267,603,6.023838331609008
ENSG00000198420.10,6310,350,1.8102719209757658
ENSG00000244198.7,9504,11,0.037773861843112044
ENSG00000196511.15,8438,54,0.2088619694420758
ENSG00000273314.1,2198,21,0.31181480859027527
ENSG00000055130.18,4152,2121,16.672028872211925
ENSG00000106462.12,10774,129,0.39076698956616823
ENSG00000155660.11,3298,165,1.6328204197556253
ENSG00000197362.15,3273,70,0.6980027999607138
ENSG00000204947.9,3665,45,0.40072244159896214
ENSG00000197024.9,6304,282,1.459950172961701
ENSG00000170265.12,3761,398,3.4537020525696955
ENSG00000170260.9,3179,112,1.1498273239491243
ENSG00000204946.10,6723,168,0.8155513303958649
ENSG00000290600.1,4130,44,0.3477024532270575
ENSG00000196453.8,3172,203,2.0886611527071586
ENSG00000181220.18,8403,171,0.6641510703497258
ENSG00000291118.1,4357,209,1.5655388744966263
ENSG00000133619.18,5337,149,0.9111590553185072
ENSG00000181444.13,2843,31,0.35586884122613893
ENSG00000106479.11,8422,206,0.7982834274856867
ENSG00000280149.1,599,10,0.5448516967019834
ENSG00000273419.1,4093,10,0.07973764141815003
ENSG00000204934.10,3291,25,0.2479232500186023
ENSG00000171130.19,6749,138,0.667336360242693
ENSG00000106526.12,6454,12,0.060681654724106866
ENSG00000293476.1,5176,12,0.07566448987430172
ENSG00000127399.15,1968,19,0.3150892865937639
ENSG00000106538.10,1909,33,0.5641740957940338
ENSG00000240449.1,577,37,2.092815971231553
ENSG00000214022.12,4649,2952,20.723444245856932
ENSG00000196456.13,2541,27,0.34678813422909
ENSG00000284691.1,4394,66,0.49021772820701437
ENSG00000171115.4,4185,232,1.8092461311178314
ENSG00000213205.3,1281,10,0.25477452484347235
ENSG00000179144.5,1214,215,5.779960935730226
ENSG00000133574.10,2099,377,5.861841100730442
ENSG00000133561.15,3913,424,3.5363980199740084
ENSG00000106560.11,2097,24,0.3735235093842496
ENSG00000213203.3,4797,121,0.8232292292112374
ENSG00000196329.12,5544,41,0.24136026008845618
ENSG00000106565.19,1806,21,0.3794955422377768
ENSG00000002933.9,3477,27,0.25343360629166456
ENSG00000055118.17,7207,12,0.054341529011986356
ENSG00000164867.11,5931,89,0.48974184459415676
ENSG00000197150.13,9336,315,1.10117119100486
ENSG00000243433.1,511,10,0.6386813431007594
ENSG00000213199.8,2748,67,0.7957253691317576
ENSG00000164885.13,2302,37,0.5245676869681173
ENSG00000164889.15,7570,341,1.470156706957073
ENSG00000164896.21,3774,2117,18.30729131184264
ENSG00000164897.14,1963,428,7.115879734431019
ENSG00000133612.20,11299,495,1.4297836297957482
ENSG00000164900.5,2193,103,1.5328643470780787
ENSG00000146926.11,2375,1341,18.427664380679516
ENSG00000033050.9,5158,279,1.7653385111386615
ENSG00000033100.17,6498,105,0.5273691514938634
ENSG00000082014.17,4919,1153,7.649932705268037
ENSG00000013374.17,5338,1115,6.817127678003075
ENSG00000106615.10,3533,1340,12.378450689918314
ENSG00000106617.16,16580,290,0.5708455261405401
ENSG00000178234.13,8288,630,2.480823899426007
ENSG00000055609.21,53322,2535,1.5515888969516844
ENSG00000241007.1,1143,11,0.31408817406556155
ENSG00000261455.1,1764,179,3.311765519959374
ENSG00000196584.4,6448,30,0.15184530070928415
ENSG00000133627.18,6024,88,0.4767633239799958
ENSG00000130226.18,17955,15,0.02726534388675757
ENSG00000214106.9,8880,192,0.7056565758367309
ENSG00000157212.20,9681,176,0.593331735080156
ENSG00000273344.2,2283,126,1.8012324554045336
ENSG00000273117.1,1624,12,0.24115726575701085
ENSG00000186480.13,3650,220,1.9671385367503391
ENSG00000216895.9,2031,16,0.2571077627371644
ENSG00000184863.11,13132,2163,5.375647409076056
ENSG00000182648.15,13851,63,0.14844465005012453
ENSG00000105983.23,11805,590,1.6311396707450059
ENSG00000146909.8,7793,445,1.863633312131364
ENSG00000009335.19,9203,3744,13.277354413983302
ENSG00000105993.15,14981,5640,12.28693130011423
ENSG00000155093.20,4860,37,0.2484680690124703
ENSG00000146918.20,7105,135,0.6201186833751708
ENSG00000117868.18,7094,1573,7.23673498207527
ENSG00000126870.16,6687,751,3.6653355900955664
ENSG00000231419.6,9158,24,0.0855294604912395
ENSG00000106018.14,5132,78,0.4960358724339452
ENSG00000172748.14,6008,55,0.29877062496416185
ENSG00000272812.1,574,13,0.7391568226861228
ENSG00000272240.1,541,10,0.6032646327624548
ENSG00000273402.1,625,13,0.6788416259549351
ENSG00000147364.17,11438,588,1.6777697656828028
ENSG00000180190.13,3449,37,0.35011737181809394
ENSG00000104714.14,9711,143,0.48059274826899173
ENSG00000036448.10,7056,654,3.024992528007585
ENSG00000246089.5,3219,16,0.16221990249120252
ENSG00000147316.15,27241,534,0.6397692185208936
ENSG00000091879.14,6794,54,0.25940201621316394
ENSG00000249898.10,11515,31,0.08786236349161207
ENSG00000155189.12,6236,662,3.4646312076140333
ENSG00000215374.6,7584,23,0.09897708103195181
ENSG00000291049.1,4870,10,0.06701563990235894
ENSG00000275342.6,4845,240,1.6166745081089193
ENSG00000147324.11,6868,67,0.31838283552330665
ENSG00000104626.15,6382,71,0.3630836384995088
ENSG00000173281.5,5738,5002,28.45039323727935
ENSG00000248538.10,17949,88,0.16001015452980638
ENSG00000173273.17,13920,1336,3.1323649296660636
ENSG00000175806.15,4138,76,0.5994158685515005
ENSG00000253641.6,3195,11,0.11236393832767978
ENSG00000272505.1,2860,35,0.399399154592905
ENSG00000183638.6,8922,10,0.03657993345936875
ENSG00000171056.8,3215,286,2.903288446930127
ENSG00000248896.3,3277,24,0.2390231306618161
ENSG00000254093.9,2804,28,0.3259005940472777
ENSG00000171044.11,5676,10,0.05749932458148134
ENSG00000269918.1,2014,20,0.3240974839369296
ENSG00000255310.2,1939,30,0.5049502315489758
ENSG00000104643.10,8404,551,2.1397876921084356
ENSG00000154328.16,3366,287,2.7827418221963183
ENSG00000079459.14,5080,3444,22.126084189400334
ENSG00000164733.23,10530,2567,7.956143864719476
ENSG00000154359.13,5709,964,5.5108948035874326
ENSG00000250305.9,14669,128,0.28478334780512965
ENSG00000164741.15,12794,651,1.660656356708158
ENSG00000287134.1,5550,39,0.22933838714693758
ENSG00000104723.21,5190,113,0.7105852946949354
ENSG00000038945.15,7812,16,0.0668440688836637
ENSG00000155970.12,4604,254,1.8005431417554296
ENSG00000104219.13,6282,1308,6.795398687558587
ENSG00000198791.12,10941,2670,7.96451571233327
ENSG00000155975.10,6424,842,4.277713450268041
ENSG00000003987.14,6928,24,0.11305987286067716
ENSG00000003989.18,7905,8449,34.882577346939904
ENSG00000104213.13,2420,93,1.2542170854618757
ENSG00000129422.15,12044,6215,16.841296277870253
ENSG00000078674.20,14447,7462,16.857093743429985
ENSG00000104763.20,15378,2771,5.880872980134975
ENSG00000245281.9,5032,107,0.6939821104276673
ENSG00000171428.15,3152,24,0.248502157099864
ENSG00000156011.19,15225,60,0.12861720840373914
ENSG00000104611.12,4072,11,0.0881637482703676
ENSG00000147408.16,7632,155,0.6628243681904566
ENSG00000104613.12,6618,425,2.0958842654564434
ENSG00000175445.17,4131,2508,19.814242196606536
ENSG00000253775.2,1963,14,0.23276242121970622
ENSG00000147416.11,7797,1315,5.504315874268332
ENSG00000061337.16,5706,29,0.16587134285682006
ENSG00000147443.13,2041,13,0.20787653906018347
ENSG00000130227.17,6918,1556,7.340644041643588
ENSG00000158856.19,4525,960,6.924011484453227
ENSG00000158863.22,8300,606,2.382866226417346
ENSG00000168453.16,7964,18,0.07376432689403296
ENSG00000168476.12,2266,34,0.4896932769211207
ENSG00000168487.20,7067,206,0.9513432894133937
ENSG00000168495.13,5583,612,3.5775764605156137
ENSG00000254064.1,515,14,0.8872089958335597
ENSG00000197181.12,5737,105,0.5973234698286778
ENSG00000104635.15,6908,259,1.2236369003769891
ENSG00000120910.15,2899,963,10.841345918264297
ENSG00000251034.2,6151,129,0.6844616396660537
ENSG00000120896.14,5865,982,5.464476987734821
ENSG00000287467.1,1290,36,0.9107893013706644
ENSG00000120913.24,12388,165,0.43469823574055966
ENSG00000241852.11,3319,66,0.6489956907928959
ENSG00000158941.17,5859,519,2.8910059792184555
ENSG00000253200.1,2750,14,0.16615004831064847
ENSG00000147439.14,5072,49,0.3152985439649037
ENSG00000179388.9,5033,20,0.129690509169278
ENSG00000287812.1,3009,13,0.14100233174537535
ENSG00000134020.8,1335,4721,115.41383305003058
ENSG00000248738.6,4023,26,0.21092518827831694
ENSG00000245025.3,6318,10,0.051656563204255795
ENSG00000008853.18,7408,252,1.1102088811254183
ENSG00000120889.13,5010,150,0.9771442105523596
ENSG00000173530.6,3535,41,0.37852935839615304
ENSG00000104689.10,2927,27,0.3010552268794389
ENSG00000147457.14,4698,720,5.001780326812077
ENSG00000289584.1,619,10,0.5272474415581391
ENSG00000104679.12,2630,327,4.057860699167589
ENSG00000134013.16,5985,87,0.4744169836295816
ENSG00000197217.13,7054,777,3.5949321127605223
ENSG00000147454.14,7996,1652,6.742832750976166
ENSG00000167034.10,3278,72,0.7168506398829512
ENSG00000159167.12,4134,20,0.15789364602055542
ENSG00000104722.14,3635,16,0.1436549838017004
ENSG00000147459.18,15989,125,0.25514898236638317
ENSG00000147437.10,1764,70,1.2951038346209842
ENSG00000104756.17,4383,1194,8.89074156037962
ENSG00000221818.9,7098,187,0.8598263328075412
ENSG00000221914.11,8777,1379,5.127708139016396
ENSG00000293314.1,4022,29,0.23532120396345482
ENSG00000104765.16,4149,396,3.1149916091708185
ENSG00000240694.9,5564,11,0.0645224268434466
ENSG00000092964.18,7296,911,4.075103858574679
ENSG00000104228.13,4223,121,0.9351244642496579
ENSG00000120899.18,7860,81,0.33633154544889987
ENSG00000120915.14,4185,390,3.0414051342066992
ENSG00000120885.22,6285,298,1.5474481712760133
ENSG00000168077.14,4029,30,0.2430127820733344
ENSG00000147419.19,4410,1061,7.852029534473511
ENSG00000168079.17,4380,240,1.7883077606821265
ENSG00000134014.18,6374,645,3.302575733907983
ENSG00000186918.14,5808,246,1.3823360350520673
ENSG00000214050.8,3932,23,0.19090594673100778
ENSG00000104290.11,13786,160,0.3787798245460474
ENSG00000012232.10,16477,1019,2.018371812129959
ENSG00000246339.6,4840,32,0.21577928352032272
ENSG00000104299.15,4905,173,1.1510977935603757
ENSG00000147421.18,6633,194,0.9545460013108802
ENSG00000259366.3,1467,61,1.3570781285476325
ENSG00000197892.13,11113,179,0.5256865272391197
ENSG00000120875.9,7273,34,0.152570461364397
ENSG00000133872.14,2999,2339,25.45416682337371
ENSG00000104660.19,5411,264,1.5923243006775987
ENSG00000271869.2,806,10,0.4049208018914244
ENSG00000104671.8,1961,283,4.709924786834784
ENSG00000285669.1,4587,90,0.640352190303116
ENSG00000272375.1,645,12,0.6071928675804429
ENSG00000157110.16,8894,265,0.9724199918595607
ENSG00000197265.9,2580,83,1.0499376668578493
ENSG00000104687.14,3602,637,5.771661519952774
ENSG00000104691.16,4151,68,0.5346398291993542
ENSG00000104695.13,4510,1708,12.359942618231168
ENSG00000165392.11,8222,153,0.6073221046904242
ENSG00000247134.8,1791,22,0.40089646338016405
ENSG00000172728.16,5330,32,0.1959421636469722
ENSG00000129696.13,3806,69,0.5916780209245842
ENSG00000198042.11,4416,290,2.1432560741417923
ENSG00000133874.2,1872,569,9.91999725633727
ENSG00000133878.9,1971,4076,67.49205956055877
ENSG00000243181.2,475,11,0.7557953325409197
ENSG00000232024.2,588,122,6.771542906732576
ENSG00000253414.4,742,11,0.4838312438772734
ENSG00000254290.3,2379,10,0.13718628260802354
ENSG00000183779.7,3316,1548,15.235670249406137
ENSG00000183154.1,2086,26,0.4067842916796112
ENSG00000147475.17,8736,716,2.674887535351802
ENSG00000233170.4,667,16,0.7828873555010208
ENSG00000147471.12,3427,1058,10.075733993910369
ENSG00000020181.18,7084,183,0.8430972393757951
ENSG00000104221.13,2717,98,1.1771764556422462
ENSG00000156675.16,9632,91,0.30834012806819366
ENSG00000187840.5,880,381,14.13017151927613
ENSG00000129691.16,5659,840,4.844452725085174
ENSG00000175324.10,1676,133,2.589898575248026
ENSG00000156735.11,4809,248,1.6830694374812443
ENSG00000085788.14,10548,1055,3.264280484189751
ENSG00000147535.17,4102,107,0.851320814157002
ENSG00000147548.17,15245,698,1.4942839232174003
ENSG00000077782.23,17201,499,0.9467863321662666
ENSG00000147526.20,12573,1825,4.73728031131942
ENSG00000169499.15,6328,125,0.6446866433400917
ENSG00000169490.17,4435,196,1.4423397654926644
ENSG00000168615.13,17704,485,0.8940781217090867
ENSG00000131203.13,3488,201,1.8807224607575144
ENSG00000176907.5,1829,534,9.528678666882264
ENSG00000104332.12,4733,18,0.12411981816692975
ENSG00000147533.19,7474,164,0.716136623992722
ENSG00000158669.11,7939,842,3.461397053095087
ENSG00000029534.22,10996,8983,26.661943180182575
ENSG00000253389.2,1374,70,1.662709726543971
ENSG00000083168.11,24143,1321,1.7857337767247181
ENSG00000070718.13,6276,428,2.225696609096254
ENSG00000104368.19,7770,127,0.5334427686384812
ENSG00000104365.16,11048,2164,6.3926175228656055
ENSG00000070501.12,4106,1005,7.988261012082575
ENSG00000240395.1,868,21,0.7895955636882775
ENSG00000078668.14,3181,10524,107.97477316563698
ENSG00000168575.10,6424,3836,19.488490255615446
ENSG00000176209.12,4071,833,6.678040200154719
ENSG00000131931.8,2462,296,3.9238174342830408
ENSG00000120925.16,6055,459,2.474022631592734
ENSG00000168172.9,15232,1427,3.0575401742715633
ENSG00000168522.13,9396,696,2.417527157959171
ENSG00000185900.11,12471,247,0.6463991907797975
ENSG00000165102.15,8934,700,2.5571559931401575
ENSG00000164808.17,7174,281,1.2783508884469075
ENSG00000221869.5,1252,453,11.808616081868458
ENSG00000253729.9,29073,2074,2.3282200975371934
ENSG00000104738.19,9852,487,1.6132797706052142
ENSG00000169139.12,6591,1520,7.52657522095618
ENSG00000019549.13,3281,90,0.8952439795551332
ENSG00000168333.14,2059,2383,37.77224741871078
ENSG00000147485.13,5239,25,0.15573876995824015
ENSG00000168300.14,7323,5250,23.397820199420487
ENSG00000228801.8,4893,884,5.896335398137083
ENSG00000272024.1,407,13,1.0424472143042616
ENSG00000023287.13,7613,3202,13.726841778155926
ENSG00000288818.1,741,18,0.7927923068611047
ENSG00000271555.1,239,12,1.6386585756878063
ENSG00000237807.4,7527,39,0.1691016405826363
ENSG00000047249.18,5104,486,3.1076402200960267
ENSG00000187735.16,4310,788,5.966973064122891
ENSG00000120992.18,4694,2184,15.184995893751212
ENSG00000137547.9,1773,1696,31.219233958619952
ENSG00000164736.6,2346,77,1.071193299530502
ENSG00000226098.4,499,10,0.654040413475928
ENSG00000167904.16,6630,121,0.5956305599587187
ENSG00000137574.11,4562,258,1.8457358814493185
ENSG00000254087.8,6164,53,0.28061983801424184
ENSG00000236814.1,1170,31,0.8647308680392419
ENSG00000008988.11,6765,6884,33.21071232783113
ENSG00000181690.8,7828,32,0.13341488659151274
ENSG00000170791.18,5877,421,2.3379301688380036
ENSG00000246430.9,5111,30,0.19156691429729295
ENSG00000104331.9,7619,2235,9.57380734657082
ENSG00000169122.12,4929,264,1.748035461750149
ENSG00000215114.10,5295,667,4.111165872302805
ENSG00000137575.12,4777,985,6.729551472254987
ENSG00000035681.9,6170,609,3.22134514248968
ENSG00000198846.6,4076,10,0.08007020763603731
ENSG00000178538.10,7706,111,0.47010958294858773
ENSG00000104388.15,5592,4078,23.80045111357765
ENSG00000171316.14,18887,536,0.9262046124314374
ENSG00000198363.18,21954,8611,12.801034245331907
ENSG00000185942.13,28726,13,0.014769756186793654
ENSG00000137563.13,10619,17,0.05224809141648269
ENSG00000185728.17,6163,2211,11.708511986750658
ENSG00000172817.4,7542,43,0.18607458435365934
ENSG00000272010.1,623,16,0.8381795603839179
ENSG00000104442.10,3419,794,7.579255222627771
ENSG00000066855.16,4629,500,3.5252340281322976
ENSG00000205268.11,10601,3054,9.402153305867243
ENSG00000147573.17,3079,819,8.6811916277933
ENSG00000179041.4,1720,185,3.5103337656994356
ENSG00000285791.1,4999,114,0.7442637119622253
ENSG00000147576.17,3378,559,5.40079002295408
ENSG00000185697.17,7239,45,0.20287992104713307
ENSG00000175073.8,9956,549,1.7996687958230613
ENSG00000288596.2,2505,98,1.2768017684550832
ENSG00000104205.16,5691,69,0.39569962179563656
ENSG00000178460.18,6354,116,0.5958211409134501
ENSG00000245910.9,2527,701,9.053529188502814
ENSG00000121022.14,7779,1805,7.572836228508818
ENSG00000104218.16,31717,684,0.7038321965064471
ENSG00000066777.9,11059,903,2.664876102640499
ENSG00000046889.19,12132,300,0.8070379978350348
ENSG00000137573.14,9372,125,0.43529418257107355
ENSG00000137571.11,9907,934,3.07687493032272
ENSG00000246528.4,1995,39,0.638009046950127
ENSG00000140396.13,10009,885,2.885743402909101
ENSG00000067167.8,4131,1193,9.425195749821212
ENSG00000147592.9,1932,444,7.500340468326745
ENSG00000104313.20,9322,153,0.5356578357396126
ENSG00000235531.11,11501,28,0.0794561573522795
ENSG00000178860.9,2046,21,0.3349799361101784
ENSG00000147601.15,15706,457,0.9496328664859993
ENSG00000253636.1,3549,71,0.652916252720165
ENSG00000164764.11,4280,29,0.22113595381799425
ENSG00000147604.14,2700,7210,87.1518540444281
ENSG00000121039.10,5331,170,1.0407474821827605
ENSG00000253302.1,2279,10,0.14320586499538748
ENSG00000040341.18,8964,2969,10.809695981898763
ENSG00000104343.21,9091,511,1.834485876051187
ENSG00000154582.18,9275,1196,4.208452128561592
ENSG00000175606.11,2982,3270,35.788643993329174
ENSG00000253833.1,391,12,1.0016352930674823
ENSG00000154589.7,559,16,0.9341428732006812
ENSG00000253115.1,429,26,1.977976765602958
ENSG00000104369.5,4590,8472,60.239088477147334
ENSG00000104381.14,24256,106,0.14262373693270008
ENSG00000253341.1,1001,11,0.3586441388181188
ENSG00000137558.9,7159,27,0.12308823146753985
ENSG00000121005.9,4553,11,0.07884972171248339
ENSG00000253661.3,10665,119,0.3641591541735967
ENSG00000091656.19,15851,678,1.395976662469263
ENSG00000164751.15,4969,834,5.477749702447636
ENSG00000171033.13,4015,35275,286.73889208210005
ENSG00000260398.1,3754,1514,13.162450074994005
ENSG00000104427.13,4335,87,0.6549909220353048
ENSG00000253919.1,2290,23,0.3277913460900972
ENSG00000164683.19,5487,236,1.4037254465569378
ENSG00000147586.10,1817,54,0.9699379736666128
ENSG00000076554.16,8111,379,1.5250003333372084
ENSG00000251867.4,1672,32,0.6246242417693552
ENSG00000205189.13,10216,646,2.063748467556963
ENSG00000254162.1,3766,16,0.13865795701518344
ENSG00000260317.1,1805,28,0.506274385434109
ENSG00000188856.6,888,202,7.424095224948941
ENSG00000164684.13,15782,661,1.3669245719204575
ENSG00000076641.4,11023,116,0.3434498348329912
ENSG00000164687.11,1904,226,3.873884117086886
ENSG00000170323.9,1369,769,18.3327671222448
ENSG00000133731.10,4405,554,4.104582432321598
ENSG00000104231.11,4214,442,3.4232046871244353
ENSG00000104497.15,4608,223,1.5794195983151225
ENSG00000133739.16,5001,59,0.3850350692490461
ENSG00000133740.11,5999,64,0.34818194106963224
ENSG00000176731.12,2542,197,2.529273594253507
ENSG00000185015.8,5597,19,0.11079073003689964
ENSG00000164879.7,2279,70846,1014.5562711463222
ENSG00000253549.6,3728,104,0.9104635541241083
ENSG00000104267.10,2007,961,15.627199095058943
ENSG00000254231.3,5462,34,0.20315726208408266
ENSG00000123124.14,6527,8966,44.83222073334395
ENSG00000176623.12,5552,1789,10.516373767192169
ENSG00000254088.1,1471,14,0.31061361852772484
ENSG00000085719.13,6737,876,4.243680595224158
ENSG00000156103.16,12108,14,0.03773642491363423
ENSG00000251136.11,19810,23,0.03789208392459983
ENSG00000104312.8,3059,35,0.37341666627515796
ENSG00000164823.11,4655,386,2.7062801332170223
ENSG00000104320.15,19417,685,1.15136645172928
ENSG00000104325.7,5048,2529,16.350634600527542
ENSG00000180694.14,5870,359,1.9960043221548758
ENSG00000123119.12,6202,11,0.05788500208915461
ENSG00000155099.8,2868,352,4.005609851681304
ENSG00000253738.3,9834,1204,3.9957785667549692
ENSG00000155100.11,3977,399,3.2743299060465363
ENSG00000147606.9,6257,11,0.05737618394708916
ENSG00000079102.18,13629,189,0.4525879039938972
ENSG00000253177.2,2794,81,0.9461581772470843
ENSG00000205133.12,6721,73,0.3544819244411193
ENSG00000188343.14,7420,137,0.6025898219198769
ENSG00000271971.1,736,17,0.7538348950429752
ENSG00000183808.12,8819,152,0.5625088704084611
ENSG00000164953.17,11732,22,0.06120061080070523
ENSG00000254387.1,515,11,0.6970927824406541
ENSG00000164951.16,5604,2650,15.433089592432074
ENSG00000240509.1,354,35,3.2267841303268594
ENSG00000164949.8,2648,25,0.30812515702840637
ENSG00000197275.14,5319,10,0.0613585573086084
ENSG00000265817.4,7413,156,0.6868086057820064
ENSG00000164944.12,10775,548,1.6598483447407837
ENSG00000253704.4,3039,18,0.1933067125317797
ENSG00000156162.16,7136,367,1.6784807040511087
ENSG00000164941.14,7866,713,2.958289811713196
ENSG00000175305.18,4397,12,0.08906968378198446
ENSG00000156170.14,12371,706,1.8625374943423212
ENSG00000164938.14,5643,343,1.9837603233971188
ENSG00000175895.5,3643,336,3.0101298897894044
ENSG00000156172.6,3340,61,0.5960579684369394
ENSG00000156467.10,12600,10985,28.45343124662303
ENSG00000254224.2,1551,11,0.2314653661875802
ENSG00000156469.9,1801,485,8.78887233022636
ENSG00000156471.13,6108,512,2.7357478251168614
ENSG00000169439.12,4084,261,2.085738722103119
ENSG00000104324.16,3442,217,2.0575670567232396
ENSG00000180543.5,4441,671,4.931134825573779
ENSG00000147649.10,7876,2625,10.877490942125204
ENSG00000104341.17,3197,3230,32.9734975673474
ENSG00000132561.14,6941,75,0.35265037421605827
ENSG00000156482.11,3987,2169,17.754908822618876
ENSG00000245970.2,1989,12,0.19690266444916324
ENSG00000288752.2,1819,15,0.26913097827747784
ENSG00000132541.11,1497,253,5.515740820313659
ENSG00000104356.11,4857,30,0.20158503170135147
ENSG00000104361.10,5606,97,0.5647077797623143
ENSG00000104375.17,12604,269,0.6965447377125301
ENSG00000164920.10,2930,35,0.3898571952681598
ENSG00000253948.4,4233,69,0.5319930422015043
ENSG00000132549.20,20919,505,0.7878718580900926
ENSG00000164919.11,2712,2719,32.72085568717858
ENSG00000147669.11,1673,421,8.21280071862579
ENSG00000104450.13,5056,15,0.09682540535734416
ENSG00000034677.13,5852,894,4.985839929837531
ENSG00000186106.11,5820,1228,6.886213956124937
ENSG00000174226.9,3142,22,0.22851863969251235
ENSG00000070756.17,9546,2023,6.916391729252456
ENSG00000164924.18,8557,2083,7.944615220917479
ENSG00000261087.1,2825,316,3.6506799489748043
ENSG00000120963.12,7393,922,4.070196203857406
ENSG00000104490.18,8043,179,0.7263402184767297
ENSG00000048392.13,5391,1658,10.03737903479876
ENSG00000246263.4,3123,27,0.2821609507128139
ENSG00000104517.13,13742,1533,3.6408043441670803
ENSG00000272037.1,1430,10,0.22822808833880284
ENSG00000155090.15,3821,3960,33.823868585317264
ENSG00000155096.15,6130,1351,7.1928334535788485
ENSG00000253320.7,7435,83,0.3643361372553129
ENSG00000155097.12,5851,429,2.392942836322088
ENSG00000164929.17,3994,44,0.3595420961010885
ENSG00000247081.8,15682,22,0.04578533132979682
ENSG00000164930.12,4065,143,1.1481023809200932
ENSG00000164932.13,1745,52,0.9725524727148068
ENSG00000164934.15,9199,272,0.9650135584330989
ENSG00000147650.12,10011,391,1.2746895518217445
ENSG00000169946.14,8036,937,3.8054392464664675
ENSG00000254141.1,716,15,0.6837280020764415
ENSG00000164830.19,8501,1628,6.250136675406031
ENSG00000174429.4,2754,6642,78.711840113553
ENSG00000154188.10,7128,1326,6.07128979442019
ENSG00000104408.11,37761,4982,4.305914145887555
ENSG00000104412.8,6059,910,4.901686934399804
ENSG00000164841.5,7419,28,0.12317364411761243
ENSG00000120526.12,10506,194,0.6026559705592108
ENSG00000120533.13,6784,1294,6.225203703182305
ENSG00000147654.16,7884,786,3.2537266201299797
ENSG00000147642.17,7029,51,0.236800035318664
ENSG00000104447.13,11046,185,0.5466027590985904
ENSG00000147677.12,6431,3569,18.112281878589613
ENSG00000147679.12,5244,289,1.7986236092253443
ENSG00000164754.16,14382,2915,6.6149170827136885
ENSG00000164758.7,1440,49,1.1105515381874942
ENSG00000182197.13,10736,125,0.3799904134739289
ENSG00000177570.15,15382,13,0.027582630101536505
ENSG00000136999.5,2614,71,0.8864574525263449
ENSG00000136960.13,6729,215,1.0427808851205964
ENSG00000064313.13,16255,319,0.6404848173332002
ENSG00000136982.6,2487,56,0.7348815968705803
ENSG00000155792.10,2627,3656,45.42043030385719
ENSG00000254343.2,752,504,21.87347710472633
ENSG00000187955.13,10190,108,0.3459032969876812
ENSG00000172172.8,4209,440,3.411763202251717
ENSG00000172167.8,8327,28,0.10974243613649172
ENSG00000172164.15,6794,1381,6.633966377599618
ENSG00000170961.7,4240,26,0.200130196331054
ENSG00000253819.3,10669,41,0.12541955965230114
ENSG00000263443.1,501,34,2.214860210585348
ENSG00000272384.2,1621,15,0.3020044722311734
ENSG00000178764.8,4453,719,5.269644589878888
ENSG00000136986.10,6954,797,3.740492300267716
ENSG00000156787.17,8609,98,0.3715168347055387
ENSG00000189376.12,2436,40,0.5359050350155797
ENSG00000165156.15,6733,768,3.722697396958367
ENSG00000156802.13,7100,92,0.4228970042514493
ENSG00000156795.8,4929,184,1.2183277460682858
ENSG00000156804.7,7395,14747,65.08345983485093
ENSG00000175946.9,3283,4709,46.81261886146861
ENSG00000176853.16,7263,242,1.0874378665913
ENSG00000253227.2,2464,27,0.35762526342374906
ENSG00000164983.9,14647,1590,3.5428565880790335
ENSG00000183665.5,2331,141,1.9741582776384734
ENSG00000245149.6,6953,19,0.08918390853106965
ENSG00000170881.5,3262,578,5.782944332788293
ENSG00000147687.19,4778,496,3.387978620697909
ENSG00000253106.1,2355,69,0.956232079676844
ENSG00000147684.10,16591,4463,8.779291183811646
ENSG00000170873.19,7777,536,2.2493540587620626
ENSG00000104549.12,4305,41,0.3108249203090363
ENSG00000164961.16,4763,595,4.077007536491085
ENSG00000156831.8,2991,291,3.1752776462863936
ENSG00000173334.4,4099,1952,15.54200430996342
ENSG00000168672.4,5734,86,0.48949233177373513
ENSG00000136997.22,6109,44,0.23506484397245828
ENSG00000147697.10,2670,398,4.864933865061658
ENSG00000153310.22,9632,722,2.446390906211383
ENSG00000153317.15,8294,463,1.8218897396700986
ENSG00000280543.1,2031,11,0.17676158688180052
ENSG00000132294.15,6192,2108,11.11078615329491
ENSG00000184156.18,12696,10,0.0257062197798116
ENSG00000165071.15,3336,22,0.21522948618521395
ENSG00000129292.21,20571,1061,1.6833139004923523
ENSG00000104419.17,12002,450,1.223669178853688
ENSG00000225259.4,1102,17,0.5034686776330578
ENSG00000008513.17,8787,2320,8.616928483814867
ENSG00000289050.2,749,15,0.6536038043881603
ENSG00000261220.3,1704,30,0.5745883209938171
ENSG00000066827.16,8900,175,0.6417312259189373
ENSG00000289405.2,8947,218,0.7952143093633443
ENSG00000279518.1,2186,136,2.03045739341859
ENSG00000131773.15,8770,378,1.4066865549675769
ENSG00000167632.18,9655,805,2.7211265032751206
ENSG00000259891.1,2231,53,0.7753207895651218
ENSG00000104472.10,3305,1224,12.086904314105094
ENSG00000123908.12,15847,1442,2.9697735334127078
ENSG00000169398.20,13742,1190,2.8261951530064096
ENSG00000105339.11,14693,270,0.5997336480474497
ENSG00000022567.10,8608,73,0.2767742813857763
ENSG00000184489.13,3692,16,0.1414371251677088
ENSG00000171045.16,4339,96,0.7220823223588582
ENSG00000234616.9,11229,304,0.8835632252439609
ENSG00000160886.13,4049,44,0.3546582197648178
ENSG00000253741.4,7629,16,0.0684474854003383
ENSG00000130193.8,3035,179,1.9248614092943446
ENSG00000180155.20,5022,76,0.49390339786262627
ENSG00000277494.2,2257,459,6.637220662070892
ENSG00000181638.20,6910,73,0.34478625385944467
ENSG00000250571.7,3057,50,0.5338013842402487
ENSG00000253716.8,1554,28,0.5880471465306091
ENSG00000185730.8,5903,101,0.5584106860710367
ENSG00000184428.13,6425,54,0.2742999685840055
ENSG00000254389.3,1918,19,0.32330329302217276
ENSG00000182759.4,2826,391,4.515540376251764
ENSG00000014164.7,3721,148,1.2980970872352655
ENSG00000104529.19,9390,101,0.3510434802851256
ENSG00000180900.20,6586,153,0.7581843827459258
ENSG00000179950.15,7645,181,0.7726916429657599
ENSG00000185189.18,4934,266,1.759493316625736
ENSG00000178209.17,16992,13687,26.288687137966498
ENSG00000178685.14,6033,211,1.1414430812939993
ENSG00000178719.17,2529,774,9.988430713133798
ENSG00000178814.17,4441,634,4.659224261421424
ENSG00000197858.12,4242,379,2.915907049433781
ENSG00000179091.5,1963,5742,95.46584447453951
ENSG00000179526.17,2783,619,7.25909654886303
ENSG00000179632.10,2415,3460,46.758879316055015
ENSG00000179698.14,8980,38,0.13810595011503948
ENSG00000235173.7,2817,198,2.2939474949325036
ENSG00000179832.18,10889,223,0.6683777673832385
ENSG00000261236.8,3841,356,3.024898599622956
ENSG00000260428.3,1106,64,1.8885564778270556
ENSG00000185122.11,5305,1425,8.76666893520067
ENSG00000185000.12,4131,466,3.6815936457809593
ENSG00000185803.12,3820,49,0.41863722905497164
ENSG00000182325.11,3375,33,0.31911358485061053
ENSG00000173137.12,2742,31,0.36897706623118637
ENSG00000071894.17,6058,652,3.5125576170941932
ENSG00000147804.10,4982,29,0.18997629111622147
ENSG00000160948.14,3769,723,6.260619216041519
ENSG00000187954.14,7936,173,0.7114585026982918
ENSG00000291317.1,1851,24,0.4231652075520105
ENSG00000167702.13,4447,33,0.24218762061407928
ENSG00000160972.10,5414,467,2.8151643825920933
ENSG00000255182.2,4894,38,0.25341059093442064
ENSG00000167701.14,2756,409,4.843387591680538
ENSG00000167700.9,1827,181,3.233293711260665
ENSG00000160957.15,4517,14,0.1011540032885285
ENSG00000160959.8,6130,126,0.6708342081057993
ENSG00000213563.7,3001,164,1.78354052906418
ENSG00000147799.12,5049,38,0.24563110161082483
ENSG00000198169.9,5045,10,0.06469101413765868
ENSG00000196378.13,3110,82,0.8605152938459172
ENSG00000161016.18,2159,10790,163.1075004465598
ENSG00000197363.11,5389,149,0.9023670213833498
ENSG00000147789.16,10242,324,1.0324412994447776
ENSG00000170619.10,2917,92,1.0293344978352041
ENSG00000286681.1,4181,25,0.19514838933537915
ENSG00000196150.14,7357,147,0.652111274292507
ENSG00000170631.15,5237,172,1.0718919344627067
ENSG00000291080.1,9446,633,2.1870610129515238
ENSG00000182307.14,4353,405,3.036487419283659
ENSG00000181404.18,2749,87,1.0328794641771721
ENSG00000172785.19,14371,300,0.6813015788556567
ENSG00000107099.18,20056,89,0.14482742721818626
ENSG00000107104.21,25055,939,1.2231404118087978
ENSG00000064218.5,2697,10,0.12101081435835671
ENSG00000173253.16,3560,353,3.2361588964197834
ENSG00000080503.25,19075,3746,6.409266888867797
ENSG00000236404.12,6223,63,0.33040444284818815
ENSG00000147852.17,16507,1355,2.6790219626199874
ENSG00000080608.10,2573,154,1.9533769768352571
ENSG00000080298.16,11169,177,0.5172066562757129
ENSG00000232104.5,4113,50,0.3967495335819208
ENSG00000107249.24,15467,10,0.021100805994988557
ENSG00000106688.12,3974,51,0.41883931762830623
ENSG00000106686.18,9565,18,0.061417574425936074
ENSG00000205808.7,2965,17,0.18712394021977397
ENSG00000106993.12,3950,1679,13.872627677438366
ENSG00000147853.17,4395,13984,103.8431051167609
ENSG00000120158.12,4140,250,1.9708101831188896
ENSG00000096968.14,7908,641,2.645431368411695
ENSG00000107020.10,1542,553,11.704311931092212
ENSG00000120217.14,4108,191,1.517427891138686
ENSG00000286162.4,3047,68,0.7283524552039773
ENSG00000197646.8,2432,16,0.21471458310821584
ENSG00000107036.12,8591,607,2.3059511460710542
ENSG00000225408.1,543,11,0.6611469299391103
ENSG00000099219.15,15257,578,1.2364137388448195
ENSG00000183354.12,8497,1486,5.707662977029414
ENSG00000120215.10,2996,31,0.33769529893388284
ENSG00000137040.10,4601,730,5.178163473524805
ENSG00000137033.12,3253,226,2.267407119254052
ENSG00000147854.17,9919,477,1.5694793964792901
ENSG00000178445.10,8882,20,0.0734893416627985
ENSG00000107077.20,10188,96,0.3075299564895058
ENSG00000285688.1,1315,10,0.24818719872584644
ENSG00000273056.1,584,12,0.6706154102557975
ENSG00000137038.8,2728,1465,17.5266288000504
ENSG00000153707.19,11468,32,0.09106834079511351
ENSG00000107165.13,3736,138,1.2055281304277128
ENSG00000153714.6,3062,33,0.3517336214470316
ENSG00000107186.17,11373,1720,4.935811185070953
ENSG00000226197.4,2989,11,0.12010799028335126
ENSG00000147862.18,12763,2523,6.4516323563165665
ENSG00000225472.2,1648,24,0.47529053348226424
ENSG00000272871.1,1269,23,0.5915226024793716
ENSG00000175893.12,9387,419,1.4567745146474964
ENSG00000164946.20,8274,45,0.17750154078561717
ENSG00000291185.1,10664,15,0.04590671881908591
ENSG00000215237.6,1188,10,0.2747189952226331
ENSG00000155158.20,12208,108,0.2887249833145864
ENSG00000164975.16,5102,985,6.300875614065478
ENSG00000164985.15,6744,1202,5.816905870730052
ENSG00000164989.17,12194,33,0.08832281030595461
ENSG00000173068.19,15327,168,0.35773155831222025
ENSG00000044459.15,11064,147,0.4336209910493469
ENSG00000155876.6,1599,1189,24.26825339335937
ENSG00000147874.11,7719,237,1.00205702058432
ENSG00000147872.10,5011,2368,15.422771539740326
ENSG00000137145.21,9481,660,2.271929857337434
ENSG00000272842.1,560,24,1.3987121413906631
ENSG00000273226.1,546,11,0.6575142544998843
ENSG00000137154.13,2696,7567,91.60284794426562
ENSG00000177076.6,2773,34,0.4001604635785284
ENSG00000260912.1,1965,27,0.4484420605985332
ENSG00000171843.17,8081,364,1.4700814817734644
ENSG00000188352.13,9754,393,1.314967227450521
ENSG00000227071.1,423,12,0.9258614647503207
ENSG00000188921.14,9162,28,0.09974080612405221
ENSG00000198642.7,5740,306,1.7398614441688736
ENSG00000099810.21,14527,345,0.7750831374815749
ENSG00000279670.1,1670,31,0.605829410542463
ENSG00000147883.12,4000,47,0.38348024543127346
ENSG00000176399.4,5586,34,0.19864750546066226
ENSG00000236739.3,535,29,1.769087630543954
ENSG00000198680.6,1476,110,2.4322681772150196
ENSG00000120159.13,3160,301,3.10874101467313
ENSG00000137055.15,5315,1238,7.601906188329561
ENSG00000096872.17,7277,238,1.067406178167214
ENSG00000120156.22,4804,437,2.968817957614515
ENSG00000120162.10,7120,312,1.4301438749050601
ENSG00000147894.17,7015,295,1.3724592881785314
ENSG00000232060.3,602,55,2.9817506890111036
ENSG00000122729.19,7555,1178,5.088806670155486
ENSG00000107201.11,10345,46,0.14512173659667907
ENSG00000197579.8,4131,378,2.9863570774789756
ENSG00000235453.12,3906,22,0.1838211894300752
ENSG00000165264.11,1386,830,19.54429423155304
ENSG00000188133.6,5342,12,0.07331325338625715
ENSG00000137074.20,15614,169,0.3532463309135294
ENSG00000086061.16,2668,952,11.645449413077685
ENSG00000122692.9,7136,978,4.4728995328664425
ENSG00000086062.13,4896,787,5.246122812446325
ENSG00000233554.6,3835,17,0.14467339837069876
ENSG00000107262.26,7073,1789,8.254899923010168
ENSG00000086065.14,2391,501,6.838538240425283
ENSG00000086102.19,7146,1312,5.992057237863537
ENSG00000165269.13,5253,522,3.2431589343495673
ENSG00000286322.2,1508,61,1.3201814420287648
ENSG00000165272.16,2911,17,0.19059515037843686
ENSG00000165271.17,5994,479,2.6080979924829797
ENSG00000226823.1,476,14,0.9599004891896709
ENSG00000230453.11,7776,10,0.04197095760345783
ENSG00000231991.4,1020,32,1.023893855135649
ENSG00000281128.2,4823,17,0.11503679924354751
ENSG00000260947.1,3528,12,0.11100890011037008
ENSG00000107341.5,4477,2730,19.901265000354083
ENSG00000137073.24,12402,1540,4.052603581194256
ENSG00000198876.13,4315,727,5.498683729267736
ENSG00000165006.14,2772,1710,20.132977792744395
ENSG00000164978.18,1073,110,3.3457854888810523
ENSG00000164976.9,6447,5976,30.252275631381117
ENSG00000164970.15,3782,578,4.987827713790431
ENSG00000122756.15,2098,482,7.4980215523547775
ENSG00000237159.6,2602,58,0.7274879956502809
ENSG00000164967.10,1092,755,22.5646937339733
ENSG00000137100.16,3740,632,5.515064628798836
ENSG00000147955.18,3123,124,1.2958502921625525
ENSG00000213930.12,4407,48,0.35547029688167525
ENSG00000137070.19,5257,42,0.26074527269599584
ENSG00000230074.5,1857,14,0.2460488060604649
ENSG00000137094.16,5891,3442,19.06895848733471
ENSG00000286782.1,1999,25,0.40816178880001003
ENSG00000287868.1,1474,27,0.5978213358725358
ENSG00000279608.1,5702,10,0.05723713895553982
ENSG00000165280.18,10042,3907,12.697795377711362
ENSG00000221829.11,5553,31,0.18219613102933782
ENSG00000165282.15,8688,92,0.34559953155908035
ENSG00000165283.16,1806,1116,20.167477387493282
ENSG00000005238.20,6375,216,1.1058053635465008
ENSG00000198722.15,17910,2328,4.242213485222827
ENSG00000198853.12,5698,1407,8.058918849044483
ENSG00000215187.13,1372,1732,41.200160355248784
ENSG00000107140.17,3341,1081,10.559767309092235
ENSG00000159884.12,1459,75,1.6776876267537082
ENSG00000137135.18,6405,10,0.05095490496869447
ENSG00000198467.16,3183,221998,2276.2373921364656
ENSG00000137076.22,9927,2593,8.524906510319306
ENSG00000107175.12,1635,242,4.83061848627071
ENSG00000070610.14,4803,1330,9.037414141402646
ENSG00000107185.10,7126,718,3.288393312110334
ENSG00000159899.16,8353,211,0.8244135172329341
ENSG00000137098.14,2722,10,0.11989939982530788
ENSG00000137133.11,2395,10,0.13626979804780295
ENSG00000137103.20,16221,523,1.0522748596739242
ENSG00000196196.3,935,17,0.5933930296808874
ENSG00000235387.5,2902,75,0.8434687275787941
ENSG00000287986.1,530,12,0.7389422633761994
ENSG00000213866.3,975,256,8.569203956827584
ENSG00000122707.12,5569,157,0.9200841823118087
ENSG00000122694.16,3055,63,0.6730300647608101
ENSG00000122705.18,2514,386,5.011031829803199
ENSG00000159921.20,5856,461,2.5692418489683915
ENSG00000137075.18,6138,605,3.216870815026316
ENSG00000281649.3,10501,748,2.3247489992449966
ENSG00000147905.18,3957,138,1.1381989121248257
ENSG00000137106.18,7226,1872,8.454988421802403
ENSG00000168795.5,4690,229,1.593557613823193
ENSG00000137054.16,2499,220,2.873171532268402
ENSG00000234160.1,289,50,5.646473465821593
ENSG00000147912.13,6028,214,1.1586323754718058
ENSG00000175768.13,3606,70,0.633544970679816
ENSG00000070601.10,5913,257,1.4185033780719334
ENSG00000165275.10,2866,87,0.9907137637903161
ENSG00000107371.14,7660,129,0.5496244837579498
ENSG00000289295.1,1059,35,1.0786417206191767
ENSG00000122741.16,8291,766,3.0152753998861153
ENSG00000226055.2,1217,19,0.5095281150505565
ENSG00000122696.14,3397,115,1.104860439426439
ENSG00000213839.4,708,66,3.0423964657367533
ENSG00000107338.10,6035,42,0.2271313833575559
ENSG00000137124.8,3117,1431,14.98331677928593
ENSG00000106714.18,17578,33,0.06127024399083005
ENSG00000198416.10,3408,14,0.13407060823189065
ENSG00000278175.6,8088,14,0.05649265984845244
ENSG00000291181.2,4729,25,0.17253445037242973
ENSG00000291075.1,4892,48,0.3202284542840439
ENSG00000290923.1,2476,18,0.23726134870116256
ENSG00000280077.1,1903,56,0.9604049035297599
ENSG00000279456.1,1628,25,0.5011765453385874
ENSG00000215126.12,10321,17,0.05375665950505084
ENSG00000154529.15,13220,14,0.03456222638837241
ENSG00000234665.9,6193,21,0.11066832702751897
ENSG00000170161.7,2737,14,0.16693921551124707
ENSG00000290549.1,1594,14,0.286645315466928
ENSG00000288694.2,2614,24,0.2996475895863701
ENSG00000204778.4,655,11,0.5480958518426516
ENSG00000147996.17,12673,93,0.23950172388682545
ENSG00000274349.5,4834,130,0.8776913864746266
ENSG00000196873.16,11966,36,0.09818804937056302
ENSG00000154330.13,7714,712,3.0123504073507323
ENSG00000224958.6,2355,14,0.1940181031228379
ENSG00000107242.20,5092,129,0.8268113797301446
ENSG00000187866.10,5502,549,3.2565435352988725
ENSG00000285130.2,8714,16,0.05992493299508617
ENSG00000165060.15,7261,534,2.400213921185465
ENSG00000119139.21,15243,13,0.02783415444609555
ENSG00000278910.5,1068,10,0.30558629805663673
ENSG00000135063.20,9559,1645,5.616406984033716
ENSG00000107282.9,11644,15,0.042043047877596364
ENSG00000188647.13,12252,940,2.5039519780037445
ENSG00000165072.10,3589,98,0.8911642323711293
ENSG00000236801.1,474,51,3.5115347009596816
ENSG00000198887.9,6606,832,4.110454895276629
ENSG00000119138.5,5201,3805,23.876624934910154
ENSG00000083067.26,22241,19,0.02788074798869328
ENSG00000224437.2,505,14,0.9047774908005609
ENSG00000135048.14,9254,286,1.0086527292933174
ENSG00000107362.14,3221,290,2.938410066255869
ENSG00000155621.15,4973,152,0.9975398608751695
ENSG00000236060.2,256,59,7.521720239509686
ENSG00000119125.17,7904,32,0.13213205114351745
ENSG00000107372.13,7065,7492,34.60913401419766
ENSG00000165091.18,8712,14,0.05244635363341176
ENSG00000236849.6,1264,14,0.3614815133340849
ENSG00000165092.13,2840,2172,24.960116663971412
ENSG00000135046.14,4453,369,2.7044490315233793
ENSG00000135045.7,2351,64,0.8884489427804014
ENSG00000156017.13,4840,386,2.6028376074638926
ENSG00000106733.21,3865,281,2.3728044692673
ENSG00000134996.12,1348,84,2.0337357545442876
ENSG00000099139.14,13341,132,0.32291682748543904
ENSG00000135002.12,3868,557,4.6997402958309165
ENSG00000187210.14,9251,30,0.10583704453285744
ENSG00000106772.19,14683,145,0.32229853651876844
ENSG00000197969.14,20100,2335,3.791368151082983
ENSG00000156049.7,2736,20,0.2385717590091287
ENSG00000156052.11,6972,771,3.609126710214863
ENSG00000289440.1,1190,15,0.4113859239384303
ENSG00000148019.14,14355,219,0.49790449616902044
ENSG00000186940.6,456,27,1.9324312479739423
ENSG00000106829.21,8276,979,3.8607114165257834
ENSG00000196781.16,5257,1348,8.36868160938577
ENSG00000233926.2,3331,16,0.15676549568273218
ENSG00000172159.16,6486,1676,8.433390298486618
ENSG00000148057.16,1814,34,0.6117116678628773
ENSG00000135018.14,6867,2799,13.302736268272056
ENSG00000254473.2,1987,201,3.3014393271878255
ENSG00000165113.13,3402,848,8.135170753767367
ENSG00000231616.9,4162,10,0.07841570550804615
ENSG00000165115.15,7739,53,0.22350958541410865
ENSG00000165118.15,2754,159,1.8842491084093536
ENSG00000165119.22,5700,5614,32.144204521853965
ENSG00000178966.17,3420,142,1.355087591171851
ENSG00000148053.18,33162,121,0.1190830050216002
ENSG00000135049.16,4939,958,6.330406708622384
ENSG00000230303.6,7984,70,0.2861426808957185
ENSG00000290924.1,2013,20,0.3242584861644194
ENSG00000165121.13,1695,14,0.2695649751352704
ENSG00000231741.2,1468,11,0.24455230446657825
ENSG00000135040.16,6805,983,4.714444401131106
ENSG00000135052.16,4233,374,2.883556489613951
ENSG00000135070.15,3251,2494,25.037133768479645
ENSG00000083223.18,6707,407,1.980483520114308
ENSG00000180447.7,3145,103,1.0688621663409306
ENSG00000226237.4,6068,20,0.10756959997511142
ENSG00000196730.13,8908,90,0.32973680926362736
ENSG00000135047.16,6113,769,4.105604153501248
ENSG00000156345.18,5727,26,0.14816693424893818
ENSG00000217716.3,494,40,2.642641022870349
ENSG00000106723.17,4903,258,1.7173663249381588
ENSG00000213694.7,13702,128,0.3048815449535431
ENSG00000148082.10,9980,18,0.05886363721283352
ENSG00000224945.1,1038,13,0.40874375358558235
ENSG00000123975.5,616,12,0.635778246086665
ENSG00000187742.15,9820,1053,3.4996290543756206
ENSG00000187764.12,14160,1684,3.8813603396217364
ENSG00000285907.1,5273,15,0.0928407452089384
ENSG00000130222.11,1323,165,4.070326337380236
ENSG00000237372.5,3411,27,0.2583373348214945
ENSG00000165025.15,5210,19,0.11902029098205899
ENSG00000230537.2,2933,26,0.2893119783306065
ENSG00000235641.5,4311,15,0.11355816503983579
ENSG00000273381.1,4125,48,0.37977153899576793
ENSG00000148090.12,2263,460,6.634044918659502
ENSG00000165030.4,2055,115,1.8263800061954318
ENSG00000090054.16,10589,320,0.9862798491249049
ENSG00000196305.19,22418,3296,4.798389170334163
ENSG00000198000.12,8056,423,1.7136654463165153
ENSG00000188312.15,9315,143,0.5010237443306688
ENSG00000106809.11,4020,134,1.087887221081627
ENSG00000127083.8,4324,30,0.22643351040089368
ENSG00000106819.13,2470,194,2.563361792184238
ENSG00000106823.13,4913,336,2.232017746489477
ENSG00000127080.10,5033,55,0.3566489002155145
ENSG00000185963.14,6448,699,3.5379955065263204
ENSG00000275318.1,734,10,0.44464055357559684
ENSG00000127081.14,4880,95,0.6353439713284091
ENSG00000127084.19,5818,10,0.056095937835078734
ENSG00000165233.18,3082,308,3.2615437776749623
ENSG00000131669.10,2604,155,1.9426557519314764
ENSG00000165238.17,13507,1937,4.680323270678414
ENSG00000188938.17,10144,526,1.6923166747504015
ENSG00000048828.18,7246,3635,16.372357363918216
ENSG00000197724.12,5392,950,5.750145734574622
ENSG00000158079.16,6369,299,1.5321633495214622
ENSG00000269929.6,4656,110,0.7710540871068231
ENSG00000230262.9,2725,14,0.16767436068047092
ENSG00000175787.17,5674,58,0.3336136349457227
ENSG00000148110.17,4098,313,2.492743046841502
ENSG00000231806.4,5904,1924,10.635645393094768
ENSG00000130957.5,1336,5337,130.37546629294854
ENSG00000148120.19,16061,1977,4.017345811739698
ENSG00000224764.1,487,10,0.6701563990235895
ENSG00000207563.1,97,23,7.738579201508479
ENSG00000158169.14,18465,146,0.25805285829068647
ENSG00000271384.1,673,12,0.5819307571907663
ENSG00000185920.19,17281,79,0.1491981201298221
ENSG00000175611.14,6687,138,0.6735237169549776
ENSG00000182150.19,29665,369,0.40596364528480056
ENSG00000224546.2,1850,77,1.358388908485707
ENSG00000130958.13,3827,16,0.13644783541133548
ENSG00000165244.7,3687,32,0.2832578606559159
ENSG00000130956.14,4088,141,1.1256758672150886
ENSG00000081377.17,10575,68,0.20986193201007272
ENSG00000158122.12,3098,142,1.4959327184660203
ENSG00000224848.4,3386,44,0.4241025197364877
ENSG00000081386.13,7233,335,1.511581165750083
ENSG00000196597.13,4851,68,0.4574912246972828
ENSG00000290770.1,12143,270,0.7256762324599504
ENSG00000254876.5,3701,13,0.11463821027339488
ENSG00000197816.16,14382,33,0.07488585376657006
ENSG00000196116.8,4174,163,1.274501320337603
ENSG00000136842.14,3676,4566,40.538300202328955
ENSG00000136925.15,5668,318,1.8310592958925054
ENSG00000136937.13,5506,661,3.91805368580615
ENSG00000136936.11,1816,338,6.074436355598952
ENSG00000136932.15,3684,113,1.0010688597900963
ENSG00000136938.9,1870,654,11.41408945327354
ENSG00000095380.11,4931,61,0.40373831161617874
ENSG00000106785.15,5481,14,0.08336300544686795
ENSG00000095383.20,3597,42,0.38107809245561575
ENSG00000136928.7,7343,34,0.15111602417312534
ENSG00000165138.18,8862,164,0.6039725939654259
ENSG00000119514.7,3166,11,0.11339317212790173
ENSG00000204291.12,6637,2591,12.740918139923892
ENSG00000106799.14,7990,585,2.389539515642372
ENSG00000119523.10,2970,194,2.1318194029276323
ENSG00000106803.10,1209,103,2.7804561729877806
ENSG00000237461.3,5485,17,0.10115268600758973
ENSG00000255145.3,5895,29,0.16055333033774646
ENSG00000119508.18,6314,361,1.8659833076202121
ENSG00000136874.11,8912,969,3.548572881153825
ENSG00000023318.9,14212,541,1.242359245578019
ENSG00000119509.13,7131,191,0.8741542247647907
ENSG00000136891.14,7264,369,1.657889804153856
ENSG00000066697.15,3289,171,1.6968262219971864
ENSG00000170681.7,3098,4678,49.28150180974678
ENSG00000136897.8,3336,559,5.468785580797028
ENSG00000136870.11,3455,571,5.3937794781847375
ENSG00000165152.9,5549,280,1.6468287361841172
ENSG00000155827.12,4692,725,5.042955468568922
ENSG00000198785.7,8189,20,0.07970842992416365
ENSG00000270332.4,8585,16,0.060825377532810816
ENSG00000136824.19,6470,147,0.7415120007681568
ENSG00000136783.10,2588,264,3.3292375544692754
ENSG00000165028.12,5630,1550,8.98521417056761
ENSG00000165029.17,11343,711,2.04572286217677
ENSG00000226334.1,469,15,1.0438150308885545
ENSG00000070214.17,12373,482,1.27138521109192
ENSG00000106701.13,9877,486,1.6058920404343544
ENSG00000229419.1,6232,47,0.2461362294167352
ENSG00000106692.15,20342,489,0.7845494805460361
ENSG00000279609.1,1621,27,0.5436080500161121
ENSG00000186051.7,668,40,1.954288421104719
ENSG00000095209.12,4531,2377,17.121438476126862
ENSG00000228366.1,492,48,3.184060159263298
ENSG00000234323.10,14270,46,0.1052056317514117
ENSG00000148143.13,12190,726,1.9437394319243506
ENSG00000119318.13,4613,6121,43.30559948129615
ENSG00000136826.15,3662,211,1.8804822800236751
ENSG00000070061.16,24261,909,1.2228137553644105
ENSG00000119328.12,2525,303,3.9163939958938565
ENSG00000119326.15,3124,488,5.0981654662724125
ENSG00000106771.13,9503,2624,9.01173124734775
ENSG00000095203.15,7975,46,0.1882488232091091
ENSG00000070159.14,9995,3042,9.933025292237046
ENSG00000157654.19,18341,1261,2.2438674866974506
ENSG00000136810.13,1010,417,13.474721916565496
ENSG00000165124.19,14191,134,0.30817466202157284
ENSG00000030304.15,9176,15,0.053351051600559286
ENSG00000198121.15,4137,54,0.4260036978854812
ENSG00000136813.15,8456,7569,29.213168317290098
ENSG00000173258.13,16723,102,0.19906325997188176
ENSG00000106853.20,3770,226,1.9564656124491857
ENSG00000059769.20,2604,205,2.569318897715824
ENSG00000148154.10,4567,160,1.1433892404624062
ENSG00000259953.2,7121,28,0.12832822155716422
ENSG00000106868.17,4074,33,0.26436140129376795
ENSG00000119314.16,8236,325,1.2878703746413138
ENSG00000119471.15,3307,6882,67.91811178243503
ENSG00000230185.7,3294,13,0.12880267644864435
ENSG00000165185.15,13139,49,0.12171354098409252
ENSG00000148153.14,4336,355,2.6720477178319477
ENSG00000148158.17,11656,134,0.37519789196535175
ENSG00000228623.9,11370,41,0.1176870080853475
ENSG00000136866.14,6357,93,0.4774587614940599
ENSG00000119321.10,18557,515,0.9057421763060374
ENSG00000136868.11,5145,95,0.6026197434562948
ENSG00000176386.9,1174,248,6.894276767331605
ENSG00000136875.13,4418,392,2.895779474857386
ENSG00000148225.17,4933,61,0.40357462286222934
ENSG00000119431.10,2092,71,1.1076480788259393
ENSG00000148218.16,4945,796,5.253538289065571
ENSG00000148229.13,2607,875,10.953985252548026
ENSG00000138835.24,13152,1206,2.992682455803928
ENSG00000157657.15,10386,180,0.5656259381706898
ENSG00000196739.15,14011,388,0.9037903970730239
ENSG00000106948.17,10601,45,0.1385386047033484
ENSG00000136888.8,3455,1373,12.969630864356645
ENSG00000157693.15,4792,198,1.3485079493374088
ENSG00000041982.17,9589,13,0.04424611703220716
ENSG00000182752.10,11585,28,0.07888004019927203
ENSG00000148219.18,10403,62,0.19450833713465596
ENSG00000119401.11,3777,395,3.4131489462052627
ENSG00000136869.16,13277,165,0.40559175599563557
ENSG00000234782.3,514,23,1.4603933512574367
ENSG00000136861.19,27056,1780,2.1471458310821583
ENSG00000106780.9,6300,516,2.6730943146577117
ENSG00000119402.18,11354,1151,3.3085032362117825
ENSG00000214654.9,4446,63,0.46246217900231107
ENSG00000095261.14,4399,337,2.5002363730700723
ENSG00000293514.1,8041,234,0.9497535495576446
ENSG00000119403.15,6594,261,1.2918042070168545
ENSG00000056558.11,4476,72,0.5249857903342972
ENSG00000106804.10,16890,15,0.028984561840540678
ENSG00000119397.19,22349,148,0.216126863018588
ENSG00000119396.12,4695,1591,11.05960746799277
ENSG00000148180.22,11057,3197,9.43648940706691
ENSG00000235865.2,4763,11,0.07537324857378477
ENSG00000148175.13,3199,2372,24.199454408305275
ENSG00000204136.12,4318,52,0.39303012155797545
ENSG00000136848.19,9978,1361,4.451637125352057
ENSG00000175764.17,10852,744,2.2375269788556866
ENSG00000119421.7,804,1446,58.69719857029971
ENSG00000106852.16,5764,89,0.5039311034503718
ENSG00000119446.14,5196,1268,7.964439932629925
ENSG00000148187.18,11035,959,2.836295002312497
ENSG00000095303.17,5784,26,0.14670678292594552
ENSG00000136940.14,3351,129,1.25637825890358
ENSG00000056586.16,11563,811,2.2890509460275
ENSG00000186130.5,4099,314,2.500097004778952
ENSG00000171448.9,4657,254,1.780051669452866
ENSG00000261094.2,2674,49,0.5980531843642451
ENSG00000011454.18,7656,1614,6.880289870006841
ENSG00000236901.6,5984,124,0.6762935264745408
ENSG00000165209.19,8121,224,0.9002095955754873
ENSG00000119522.18,10337,281,0.887190604016457
ENSG00000119408.17,4433,216,1.590234421973594
ENSG00000136930.13,1788,1301,23.74733682260397
ENSG00000148200.17,7125,92,0.42141315511372496
ENSG00000185585.20,6771,279,1.3447963432954095
ENSG00000136942.15,1535,6023,128.05885470829912
ENSG00000136950.13,3610,437,3.9507483291911716
ENSG00000136935.14,6085,569,3.051805236460702
ENSG00000173611.18,13036,291,0.7285406136884476
ENSG00000119414.12,4443,3720,27.325728983279216
ENSG00000232630.1,937,25,0.8707741897665103
ENSG00000136933.17,3429,119,1.1326209913273282
ENSG00000044574.9,6530,1921,9.601062871505995
ENSG00000165219.23,13625,1113,2.666022334819488
ENSG00000119487.17,6741,2047,9.910570278389365
ENSG00000167081.18,4904,153,1.0182304944463025
ENSG00000196814.15,7904,704,2.9069051251573836
ENSG00000169155.10,7052,1129,5.225005697395733
ENSG00000177125.6,6711,186,0.9045463706802976
ENSG00000136828.19,10507,410,1.273533151166271
ENSG00000136859.10,3625,766,6.896454714608493
ENSG00000136895.19,9695,60,0.20198009261959035
ENSG00000136856.18,3928,176,1.4623331281341623
ENSG00000196152.10,2302,76,1.0774903840426193
ENSG00000197958.13,2453,4881,64.94061385364152
ENSG00000148356.15,9862,392,1.2972575258487054
ENSG00000136830.12,4617,134,0.947218243176985
ENSG00000136854.25,9358,279,0.9730301389670033
ENSG00000160404.18,3790,29,0.2497260903274447
ENSG00000095370.20,4628,309,2.1790653715269404
ENSG00000286196.1,2332,38,0.5318145077328708
ENSG00000136807.14,3005,308,3.3451174451894286
ENSG00000136877.15,3931,484,4.018347100001328
ENSG00000106991.14,3840,673,5.719907029593242
ENSG00000225032.5,2247,77,1.1183887319530745
ENSG00000106992.19,2593,1219,15.342859882358308
ENSG00000136840.19,2633,178,2.206349320385829
ENSG00000136908.18,2503,98,1.277821985609262
ENSG00000167106.12,6573,68,0.33763729362642914
ENSG00000171169.9,3620,73,0.6581417166212052
ENSG00000148339.13,5926,526,2.8968714729443255
ENSG00000234771.3,6391,100,0.5106652579009358
ENSG00000148334.16,6084,1326,7.113108753226022
ENSG00000171159.5,1653,90,1.7769482739990277
ENSG00000148337.22,8690,1407,5.2842024858291685
ENSG00000106976.22,10748,48,0.14575340513188897
ENSG00000167110.19,11040,1276,3.7721306904895546
ENSG00000175854.15,2773,98,1.1534036891381114
ENSG00000167112.10,5832,410,2.294412348989028
ENSG00000167113.11,4806,412,2.797812328874097
ENSG00000167114.13,3229,138,1.3948135940780226
ENSG00000167118.11,4368,598,4.468108229442396
ENSG00000167123.20,6058,80,0.4309886646741341
ENSG00000136811.17,6376,80,0.4094933078098971
ENSG00000119392.16,10755,605,1.8359045153539308
ENSG00000197694.19,16487,1062,2.1022676571638645
ENSG00000119333.12,2672,43,0.5252150131718932
ENSG00000119335.18,5940,3757,20.642385301028646
ENSG00000160447.7,3393,106,1.0195936820040004
ENSG00000160446.19,2596,26,0.3268690417733702
ENSG00000223478.2,559,10,0.5838392957504258
ENSG00000160445.11,4370,1588,11.859713320899017
ENSG00000107021.16,3931,577,4.7904675138445585
ENSG00000167136.7,1145,268,7.6389635436648735
ENSG00000136802.12,5209,298,1.867097668740592
ENSG00000175287.19,2844,395,4.532863421173445
ENSG00000175283.8,2074,57,0.8969561948165777
ENSG00000095319.14,8041,468,1.8995070991152891
ENSG00000148341.18,6842,624,2.976505229267474
ENSG00000148343.19,6302,295,1.527737528811869
ENSG00000167130.18,2238,56,0.8166445627422401
ENSG00000095321.18,7565,4390,18.939160213674853
ENSG00000119383.21,5624,2024,11.745468005703485
ENSG00000188483.8,2710,14,0.16860244754770604
ENSG00000204054.14,14066,122,0.28307032768084417
ENSG00000148335.15,3033,219,2.3565509536783016
ENSG00000148331.12,4622,104,0.7343591799599039
ENSG00000136816.16,2907,224,2.5148270126138743
ENSG00000136827.12,3998,187,1.5265250901120375
ENSG00000136819.15,5099,725,4.640428919106763
ENSG00000136878.14,5511,223,1.3206252057768253
ENSG00000187239.19,6605,709,3.5033097944596823
ENSG00000288924.1,1758,87,1.6151226661109477
ENSG00000148358.21,9135,678,2.4222907582704205
ENSG00000107130.10,5462,20,0.11950427181416627
ENSG00000148357.18,20542,724,1.150273120528329
ENSG00000130707.18,3018,312,3.3739643437124016
ENSG00000107164.17,6728,513,2.4884935095788108
ENSG00000130713.17,8594,237,0.9000323646602708
ENSG00000097007.20,6991,655,3.05778628154112
ENSG00000050555.19,8939,14,0.05111451312834582
ENSG00000126878.13,5299,463,2.85162360838343
ENSG00000126883.19,24733,433,0.5713684147434736
ENSG00000126882.14,5921,1339,7.3805826162555235
ENSG00000160539.6,4349,3426,25.710059457983355
ENSG00000288701.1,12429,1831,4.807920593290993
ENSG00000231587.1,86,121,45.918960610771
ENSG00000130714.19,12766,750,1.9173948358402477
ENSG00000130717.13,2684,378,4.596364041380644
ENSG00000107263.19,7243,3426,15.437394530273313
ENSG00000160563.14,3857,102,0.8630891616566705
ENSG00000107290.14,12141,863,2.3198583439422884
ENSG00000125482.13,3215,375,3.8067593272685234
ENSG00000125485.18,5546,99,0.5825865572687399
ENSG00000125484.12,9041,495,1.7868737123174605
ENSG00000165698.16,2823,15,0.17341454108633797
ENSG00000165699.15,17600,1752,3.2488268375028584
ENSG00000196205.8,1389,292,6.860973402933803
ENSG00000148308.18,3592,699,6.3510565217376715
ENSG00000160271.16,7648,111,0.4736747445347565
ENSG00000148288.13,4020,32,0.2597939632433736
ENSG00000175164.16,7353,36,0.15978759673169549
ENSG00000148296.7,4414,395,2.9205853126001995
ENSG00000148297.16,7235,153,0.6901730953372034
ENSG00000148303.17,2238,6522,95.10992568223017
ENSG00000148290.10,1758,289,5.3651775920237235
ENSG00000148291.10,999,62,2.0254957269387646
ENSG00000148248.14,3445,902,8.54520412263246
ENSG00000148300.12,2654,524,6.443702756368943
ENSG00000160323.19,5708,84,0.4802865797347056
ENSG00000160325.15,3520,85,0.7881001175449285
ENSG00000160326.14,3531,20,0.18485764164513624
ENSG00000197859.11,4677,50,0.3489054589742229
ENSG00000225756.1,2139,10,0.1525788528866237
ENSG00000123453.19,5118,18,0.11478294243534162
ENSG00000160293.17,5682,55,0.3159123398072306
ENSG00000235106.10,5954,38,0.2082955042044096
ENSG00000169925.17,6885,564,2.673500621743083
ENSG00000196363.10,3635,468,4.201908276199736
ENSG00000186350.12,12077,3998,10.804106425149484
ENSG00000130635.17,11160,309,0.9036482562210287
ENSG00000130558.20,6125,452,2.4084490967945897
ENSG00000196422.11,5307,158,0.9716573257823462
ENSG00000160345.13,1864,10,0.17508914502386697
ENSG00000122140.13,2478,424,5.584312127586075
ENSG00000107147.14,15592,948,1.9843196875039422
ENSG00000130559.19,8960,1568,5.711407910678541
ENSG00000238058.2,839,15,0.5834913581486676
ENSG00000130560.9,2972,3182,34.94270327202292
ENSG00000148411.8,7216,406,1.836261966847868
ENSG00000238227.8,3408,502,4.807388952314936
ENSG00000275329.1,1843,25,0.44271048063549656
ENSG00000165661.18,7687,126,0.5349569007009951
ENSG00000160360.13,5138,26,0.1651522056137931
ENSG00000165684.6,7520,108,0.4687173665298499
ENSG00000165689.17,3138,344,3.577755296865006
ENSG00000165688.14,11323,831,2.3952157927726714
ENSG00000148384.14,6847,221,1.05340912454669
ENSG00000148396.19,11301,930,2.6857847507457207
ENSG00000148400.13,12531,310,0.8073857757608435
ENSG00000172889.16,2564,505,6.428038767311485
ENSG00000169692.14,1832,240,4.275539296827354
ENSG00000165716.11,3394,40,0.38463897032939076
ENSG00000233016.9,4893,78,0.5202648880709191
ENSG00000244187.8,1514,69,1.4874019469213788
ENSG00000196642.19,10178,2019,6.474094024456096
ENSG00000213212.3,1963,15,0.24938830844968524
ENSG00000232434.3,4642,60,0.4218433860290668
ENSG00000054148.18,1612,837,16.94593555915611
ENSG00000177943.14,5490,87,0.5171922854322488
ENSG00000107223.13,1222,1259,33.624795695788094
ENSG00000127191.18,3665,63,0.5610114182385469
ENSG00000159069.14,3294,2590,25.661456307845295
ENSG00000176919.13,1152,18,0.5099471348820126
ENSG00000107317.13,2712,83,0.9988345060815821
ENSG00000214402.7,4052,15,0.12081669533236233
ENSG00000148362.11,1363,65,1.5564050485026946
ENSG00000107331.18,11500,405,1.1493764987949362
ENSG00000107281.10,2720,185,2.2197698812511133
ENSG00000054179.12,2640,48,0.5933930296808874
ENSG00000197355.11,5267,34,0.21067874795960875
ENSG00000268996.3,1872,22,0.3835499817915992
ENSG00000177239.16,10873,353,1.059571937023308
ENSG00000176978.15,3321,523,5.139702047205879
ENSG00000176248.9,5458,338,2.0211023125261445
ENSG00000176101.12,1170,376,10.488348592992095
ENSG00000176058.13,5281,66,0.407880457818902
ENSG00000187713.7,1567,470,9.788902244576223
ENSG00000188566.15,5188,44,0.27679474399147025
ENSG00000212864.4,1744,117,2.1894977901356136
ENSG00000188229.6,2037,889,14.243471863646043
ENSG00000188986.9,2540,560,7.19547453313832
ENSG00000198113.3,4171,35,0.27386276243963276
ENSG00000198435.4,2641,114,1.408774818666855
ENSG00000187609.16,7575,139,0.5988765296251332
ENSG00000188747.9,1678,55,1.0697341566058907
ENSG00000165802.23,4915,134,0.8897877169375666
ENSG00000130653.16,9845,369,1.2232515528058516
ENSG00000182154.8,582,1200,67.29199305659547
ENSG00000148399.13,4925,182,1.2060638024580066
ENSG00000165724.6,2392,132,1.8010173058040313
ENSG00000197070.14,3790,113,0.9730706278276293
ENSG00000203993.7,3551,200,1.8381648342691528
ENSG00000181090.21,22188,555,0.8163566896975433
ENSG00000293104.1,4765,13,0.08904008734980788
ENSG00000015171.21,12925,2431,6.138461511294627
ENSG00000151240.18,8524,2264,8.668383394634457
ENSG00000107929.16,17029,3156,6.048573732574341
ENSG00000205740.2,4964,26,0.1709411830063797
ENSG00000107937.19,6121,700,3.7323364879454606
ENSG00000148377.6,1356,416,10.012413362167184
ENSG00000232656.10,3570,108,0.9873262174522329
ENSG00000067064.13,4294,2543,19.328112737847537
ENSG00000047056.18,8029,732,2.975464363551193
ENSG00000067057.19,7774,89,0.37363762288242136
ENSG00000107959.17,12635,1772,4.5771337295369445
ENSG00000067082.15,6139,1096,5.826638186864944
ENSG00000233117.4,12382,82,0.2161365339897272
ENSG00000165568.18,2417,18,0.24305299933143507
ENSG00000187134.14,8765,191,0.7111915318651137
ENSG00000151632.18,6086,767,4.113093157589259
ENSG00000196139.14,3911,258,2.1529652495964693
ENSG00000173848.19,4762,660,4.523344598365438
ENSG00000196372.13,3003,251,2.727869055859024
ENSG00000108021.22,11341,876,2.5209131619808796
ENSG00000057608.17,3918,1969,16.40160749088609
ENSG00000134461.16,3060,70,0.7465892693697439
ENSG00000134452.20,6676,593,2.89896849356533
ENSG00000232807.2,3912,19,0.15851117485085053
ENSG00000134470.21,3633,67,0.6018864063787696
ENSG00000134453.16,6372,1540,7.88769454079899
ENSG00000170525.21,6114,1702,9.085299559769034
ENSG00000065675.16,3285,4526,44.96600513804058
ENSG00000237943.8,5888,1002,5.55398944730192
ENSG00000225948.2,500,12,0.7832787991787713
ENSG00000223784.2,4118,295,2.337980064733462
ENSG00000198879.13,10609,208,0.6398733395748282
ENSG00000123243.15,14628,696,1.5528496839065058
ENSG00000151655.19,3331,35,0.34292452180597666
ENSG00000151657.12,6856,157,0.7473670961631363
ENSG00000165629.20,2308,8605,121.68027994896967
ENSG00000165632.9,11462,663,1.8878098784953377
ENSG00000107485.18,3396,35,0.33636088991039703
ENSG00000048740.19,11029,521,1.5417242964462623
ENSG00000148429.15,7550,33,0.14265011243321996
ENSG00000134463.15,2185,298,4.451126661999883
ENSG00000151461.20,5881,1391,7.719356186998178
ENSG00000181192.12,5295,1176,7.248472362560868
ENSG00000065665.21,3916,173,1.4418117153763135
ENSG00000165609.14,4707,163,1.130182390288752
ENSG00000151465.14,2298,486,6.902260958820766
ENSG00000183049.14,8680,63,0.23687866910648328
ENSG00000151468.11,3699,117,1.0323017426322008
ENSG00000123240.17,5138,11815,75.04897343565251
ENSG00000234175.1,338,56,5.407250092950098
ENSG00000228330.1,793,16,0.6584941565185131
ENSG00000107537.14,3377,7440,71.90299903625085
ENSG00000086475.15,3884,608,5.108924539786013
ENSG00000165626.19,10070,524,1.698270815829511
ENSG00000165630.15,12262,426,1.1338442901176962
ENSG00000151474.23,14714,158,0.35045435829325206
ENSG00000065809.14,7019,67,0.31153345410657785
ENSG00000185267.10,1703,550,10.540304843127917
ENSG00000284024.4,4763,146,1.0004085719793252
ENSG00000187522.16,2502,246,3.208875975852281
ENSG00000152455.16,3565,82,0.7506879562021885
ENSG00000152457.19,15295,137,0.29233190445540935
ENSG00000152464.15,1930,113,1.9108485385837901
ENSG00000152465.18,6470,360,1.8159477569832412
ENSG00000148468.17,4182,213,1.6622667007918686
ENSG00000077943.8,7320,245,1.0923457752663877
ENSG00000148481.14,4081,427,3.4148089443900123
ENSG00000165983.15,4003,530,4.321110870646482
ENSG00000165985.11,2376,55,0.755477236862241
ENSG00000287925.1,4023,10,0.08112507241473728
ENSG00000148484.18,4126,445,3.519945322695036
ENSG00000107611.16,13264,62,0.15255354577893743
ENSG00000107614.22,15453,120,0.2534390730533784
ENSG00000026025.16,5176,1615,10.183179262249773
ENSG00000148488.17,7063,26,0.12014045482708043
ENSG00000165996.14,3854,400,3.387298041769466
ENSG00000136738.15,4130,423,3.3426849480692122
ENSG00000260314.3,5188,19,0.11952500308722577
ENSG00000165995.24,11209,72,0.20963836181071588
ENSG00000240291.1,1575,12,0.248659936247229
ENSG00000241058.4,3463,128,1.206320222048353
ENSG00000165997.5,7170,268,1.2198902730120336
ENSG00000204740.11,7751,10,0.0421063303218279
ENSG00000120594.17,12567,655,1.701041131077741
ENSG00000238246.1,499,18,1.1772727442566704
ENSG00000078114.19,17810,66,0.12094422783501525
ENSG00000078403.17,9130,788,2.8168295625815616
ENSG00000136770.11,2490,118,1.5466348444293005
ENSG00000279631.1,2518,28,0.3629171031408128
ENSG00000148444.16,2903,203,2.2822022653761995
ENSG00000168283.14,4395,991,7.359018676395169
ENSG00000150867.14,5106,114,0.7286671163531461
ENSG00000148450.13,1979,863,14.232137520870802
ENSG00000165312.7,3303,820,8.10233897626643
ENSG00000120549.19,12281,3351,8.90524406280726
ENSG00000107863.20,11156,2123,6.210786761445752
ENSG00000099256.19,2324,28,0.3932122485837206
ENSG00000185875.13,3834,273,2.3238905426861045
ENSG00000077420.16,3843,10,0.08492484161449078
ENSG00000148459.16,1913,110,1.8766481074591577
ENSG00000136754.18,4218,449,3.4741206420032036
ENSG00000290706.1,5545,1763,10.376619499189765
ENSG00000107890.17,13564,1205,2.899375039966147
ENSG00000136758.20,7336,4326,19.245638434020382
ENSG00000120539.15,4660,82,0.5742923956782837
ENSG00000107897.20,11794,1083,2.996901459466004
ENSG00000099246.18,14362,1640,3.7267825704787665
ENSG00000150054.19,6371,1051,5.383940367399732
ENSG00000254635.6,3387,318,3.0641996129668496
ENSG00000095787.26,12903,1991,5.035999667922621
ENSG00000291093.1,13352,970,2.3709944677557924
ENSG00000197321.16,12536,40027,104.20755057012033
ENSG00000165757.9,9574,882,3.0066321150845883
ENSG00000259994.1,3241,49,0.4934261693890748
ENSG00000107951.15,8341,479,1.8742284338739934
ENSG00000107968.10,3517,47,0.4361447204222616
ENSG00000234814.9,2676,507,6.183394855250951
ENSG00000183621.15,4269,463,3.5396471072438036
ENSG00000272914.1,1560,11,0.23012998907495952
ENSG00000272381.2,2604,20,0.2506652583137389
ENSG00000237036.7,3862,67,0.5661971295634567
ENSG00000148516.23,8650,3774,14.239374701833732
ENSG00000285781.1,1251,15,0.39132633851857085
ENSG00000223834.5,3299,21,0.20775051508985296
ENSG00000165322.18,5944,609,3.343825627382457
ENSG00000170759.11,5866,4537,25.24247010934542
ENSG00000234335.1,772,21,0.8877836130588406
ENSG00000120616.16,11286,741,2.142808162736538
ENSG00000216937.14,9014,62,0.224480833282874
ENSG00000231245.2,402,54,4.384023129731929
ENSG00000150093.20,14561,4096,9.180659413948927
ENSG00000099250.18,11522,2030,5.750072189192074
ENSG00000148498.17,7339,1227,5.4564829824246734
ENSG00000108094.17,14494,1767,3.9788120318433173
ENSG00000095794.21,5699,302,1.7294715253552448
ENSG00000108100.18,6108,999,5.337914213460438
ENSG00000271335.6,1426,18,0.411962902793884
ENSG00000177283.8,4050,71,0.5721480940503371
ENSG00000229644.6,2514,209,2.7132270788312653
ENSG00000198105.16,7291,498,2.2291914803126462
ENSG00000175395.16,4257,1650,12.649851407925894
ENSG00000189180.16,7547,1425,6.162339830560428
ENSG00000075407.19,13190,437,1.0812889665185845
ENSG00000272983.1,7063,13,0.06007022741354021
ENSG00000290535.1,7213,106,0.4796175465187264
ENSG00000293313.1,10266,161,0.5118347241208122
ENSG00000196693.15,8309,197,0.7737890813085107
ENSG00000165733.8,7759,1126,4.736284357280237
ENSG00000165731.21,8973,185,0.6728824336345737
ENSG00000169826.8,3765,672,5.825180976628313
ENSG00000198915.12,6219,13,0.0682225464257653
ENSG00000169813.17,3273,995,9.921611228013003
ENSG00000230555.2,760,129,5.539636244191969
ENSG00000243660.12,5168,32,0.2020843135136149
ENSG00000196793.14,2509,57,0.7414456548623284
ENSG00000198298.13,2386,48,0.6565622792780984
ENSG00000169740.14,1460,585,13.07700049998805
ENSG00000226245.1,434,14,1.0527940849177035
ENSG00000230565.1,905,32,1.154001914075538
ENSG00000107562.18,6143,2540,13.494547655285688
ENSG00000107551.21,9481,627,2.1583333644705625
ENSG00000165507.9,2979,124,1.358489581209685
ENSG00000165512.5,2103,326,5.0592187456863105
ENSG00000165406.16,7516,101,0.4385708195685643
ENSG00000172671.20,6233,110,0.5759710941070703
ENSG00000230869.1,2418,16,0.21595776100875966
ENSG00000172661.20,5703,586,3.3535082143810273
ENSG00000188234.15,3217,124,1.2579858447073833
ENSG00000290921.1,2873,31,0.35215284218792653
ENSG00000239883.10,2286,15,0.21415102777197378
ENSG00000265354.4,1190,1718,47.11740115508155
ENSG00000266412.6,3988,6489,53.104063522557745
ENSG00000289092.1,1389,65,1.5272714766804698
ENSG00000279058.2,2060,18,0.2851743200893585
ENSG00000204176.14,7160,15,0.06837280020764415
ENSG00000291069.1,7539,73,0.31601976577381125
ENSG00000243289.2,2061,39,0.6175778984306179
ENSG00000204179.11,4506,332,2.4046508481964053
ENSG00000266524.3,2677,19,0.23163829511263626
ENSG00000204172.12,2387,75,1.0254487840107502
ENSG00000226964.1,600,76,4.133971440110182
ENSG00000289444.1,3857,30,0.2538497534284325
ENSG00000107643.17,9674,829,2.796749554300192
ENSG00000128805.15,6776,24,0.11559604474303002
ENSG00000128815.20,13681,20,0.04771086416555633
ENSG00000165633.13,8655,231,0.8710639447828624
ENSG00000204161.15,4123,118,0.934057909926985
ENSG00000236208.3,991,408,13.436669612552082
ENSG00000177354.12,5439,10934,65.60926020577224
ENSG00000225830.16,23104,309,0.4364921459239388
ENSG00000227345.9,5158,530,3.3535104333458445
ENSG00000204152.14,3040,262,2.8127610387176274
ENSG00000178440.9,4297,11,0.08354730811192387
ENSG00000285803.1,1152,20,0.5666079276466807
ENSG00000204149.16,5738,53,0.30145358688040896
ENSG00000099290.17,5162,589,3.723937852869498
ENSG00000188611.17,7281,53,0.23756910884765647
ENSG00000225137.1,1838,70,1.2429614604305856
ENSG00000198964.14,6423,410,2.0832964065551938
ENSG00000226200.7,14420,127,0.2874376083440359
ENSG00000204147.11,6481,89,0.4481806635222873
ENSG00000185532.20,12931,3109,7.84682090405099
ENSG00000177613.9,4110,902,7.162585937340346
ENSG00000236671.9,6307,16,0.08279465135867779
ENSG00000151151.6,6093,113,0.6052745247770746
ENSG00000122873.12,2753,2187,25.92672741560681
ENSG00000072401.15,3480,7184,67.37398100215869
ENSG00000108064.11,5282,683,4.220145619076588
ENSG00000122870.12,6835,288,1.375178579392137
ENSG00000183055.5,704,34,1.5762002350898572
ENSG00000237949.3,7164,96,0.43734159641472437
ENSG00000148541.13,6752,427,2.0639566501859656
ENSG00000165449.12,4197,76,0.5909894839328352
ENSG00000227877.7,2951,890,9.842964690911364
ENSG00000108091.11,7261,797,3.5823417512824265
ENSG00000151150.22,25830,2441,3.084242400302266
ENSG00000232682.2,1608,16,0.324742454054217
ENSG00000170312.17,3909,11,0.09184005703682192
ENSG00000072422.17,4779,7114,48.5827350331117
ENSG00000289989.1,502,12,0.7801581665127204
ENSG00000196932.12,6839,12,0.05726559432510391
ENSG00000150347.17,8760,977,3.639951421221745
ENSG00000181915.6,3760,428,3.7150191273106623
ENSG00000148572.16,1901,285,4.892917275248768
ENSG00000171988.20,11155,811,2.3727741899521275
ENSG00000165476.14,5215,482,3.016461978301117
ENSG00000228065.13,19753,16,0.026435775128799723
ENSG00000183230.18,16452,2409,4.778848131994236
ENSG00000108176.15,2139,155,2.3649722197426675
ENSG00000096717.12,4564,594,4.247622760664897
ENSG00000148634.16,15800,577,1.1918561896786684
ENSG00000138347.17,8477,15734,60.576209283349
ENSG00000108187.16,5172,93,0.5868533153166549
ENSG00000096746.18,5375,1961,11.907052133252487
ENSG00000204130.14,8137,495,1.985390836065154
ENSG00000138346.16,4925,63,0.41748362392777155
ENSG00000122912.15,7865,357,1.4814077733991384
ENSG00000138336.9,9612,97,0.32935412123881963
ENSG00000260400.1,2295,36,0.5119469275678245
ENSG00000060339.14,6059,1382,7.444100377297286
ENSG00000107625.14,2683,344,4.184493522758998
ENSG00000165732.14,9274,1255,4.4165358932201055
ENSG00000198954.9,7344,738,3.279660004731375
ENSG00000122862.5,1217,282,7.562469918118786
ENSG00000122958.15,5116,937,5.977425681118946
ENSG00000156502.14,4281,1196,9.117821418455682
ENSG00000156515.25,6876,3196,15.169666485937519
ENSG00000075073.16,2922,51,0.5696329391700511
ENSG00000099282.10,2651,182,2.2406126846871683
ENSG00000287306.1,2923,22,0.24563994728493802
ENSG00000171224.9,1350,10,0.2417527157959171
ENSG00000197467.17,11509,16,0.04537195813008783
ENSG00000099284.15,14988,172,0.3745328303163327
ENSG00000042286.15,5135,99,0.6292161726606489
ENSG00000156521.14,4621,80,0.5650139213581269
ENSG00000079332.16,6914,1558,7.354331604477183
ENSG00000229097.1,440,32,2.3735721187235495
ENSG00000180817.12,5166,1324,8.364475497747236
ENSG00000172731.15,3625,7048,63.45458593806874
ENSG00000148730.7,7491,4415,19.235170528936255
ENSG00000156574.10,2086,16,0.2503287948797608
ENSG00000280401.1,1728,17,0.3210778256664524
ENSG00000107719.10,12543,178,0.4631521773559665
ENSG00000166224.18,11549,385,1.0879814186070476
ENSG00000166228.9,1395,1001,23.41881953339158
ENSG00000107731.12,6841,196,0.9350645899663742
ENSG00000198246.10,6216,12,0.06300505141399383
ENSG00000107736.22,18592,307,0.5389114299785813
ENSG00000107738.20,5153,849,5.377156514835832
ENSG00000197746.15,3115,8481,88.8575106452001
ENSG00000122863.6,6934,366,1.7226711403917312
ENSG00000107742.14,6405,136,0.6929867075742447
ENSG00000138303.19,5916,532,2.9348681623500275
ENSG00000166295.9,4324,3552,26.80972763146581
ENSG00000200170.1,101,50,16.156740907152873
ENSG00000168209.6,2118,438,6.749215337588564
ENSG00000148719.16,5568,727,4.261282379991071
ENSG00000107745.20,3775,1358,11.74053652632198
ENSG00000156026.15,4521,1687,12.178273005737921
ENSG00000122884.13,3093,866,9.137830586388835
ENSG00000272630.1,3005,19,0.20635464759285435
ENSG00000166321.14,2521,142,1.8383179539102463
ENSG00000272599.2,960,38,1.291866075034432
ENSG00000122882.11,3675,433,3.84534829982322
ENSG00000138286.15,7520,345,1.4972915875259094
ENSG00000213551.7,3218,57,0.578087988828335
ENSG00000288559.1,623,25,1.3096555630998719
ENSG00000236756.4,3260,18,0.18020217772517746
ENSG00000182180.14,2794,1332,15.559045581396497
ENSG00000227540.1,940,20,0.6943960985627405
ENSG00000156042.19,7664,114,0.48546115554529806
ENSG00000138279.16,2862,2651,30.23049290448001
ENSG00000229659.1,438,470,35.02102698002497
ENSG00000166343.10,2423,6866,92.48163838150784
ENSG00000107758.16,5089,9421,60.41846439267051
ENSG00000221817.12,6953,151,0.7087773783258693
ENSG00000166348.20,10338,1963,6.197105673195687
ENSG00000272791.1,935,33,1.151880587027605
ENSG00000177791.12,1300,65481,1643.9063797764466
ENSG00000166317.12,5104,8184,52.33112666927136
ENSG00000271848.2,2927,12,0.13380232305752843
ENSG00000272140.2,1192,10,0.27379711939973833
ENSG00000291043.1,1753,51,0.9494965477780315
ENSG00000235316.1,1815,51,0.9170619549613714
ENSG00000279088.2,1355,103,2.480864585344817
ENSG00000176986.16,5353,533,3.2496388315141442
ENSG00000196968.11,4925,132,0.8747275929915214
ENSG00000288823.1,1388,13,0.3056743632722151
ENSG00000172586.8,1483,234,5.149675180035753
ENSG00000214655.11,7929,485,1.9963121537063528
ENSG00000148660.22,8353,3615,14.12443063884861
ENSG00000122861.16,2949,89,0.984964015017953
ENSG00000035403.18,9992,5149,16.81804834272207
ENSG00000185009.13,5691,684,3.9225875551915275
ENSG00000156110.15,4658,616,4.316048914896621
ENSG00000156650.14,32495,1137,1.1419551657514786
ENSG00000188716.6,1135,397,11.415627139279449
ENSG00000285810.1,2337,25,0.34912940342799315
ENSG00000079393.22,1728,76,1.4354067500382577
ENSG00000293543.1,1852,248,4.370346071731806
ENSG00000156671.15,7308,1201,5.3635162254475945
ENSG00000165637.14,2803,4045,47.09779317811468
ENSG00000165644.11,1908,116,1.98419681832498
ENSG00000226051.10,5588,10,0.05840482575599285
ENSG00000165655.17,3205,39,0.39713823671310555
ENSG00000148655.16,6382,38,0.19432645440818783
ENSG00000156113.25,39437,979,0.8101845394722565
ENSG00000148606.15,15800,629,1.2992678393550823
ENSG00000138326.21,7829,12414,51.750026679680616
ENSG00000108175.19,10804,542,1.6372682538677577
ENSG00000108179.14,2671,1624,19.843453916546935
ENSG00000165424.7,5048,2129,13.764531856276447
ENSG00000253626.4,3908,106,0.8852306456088981
ENSG00000244733.5,1837,24,0.4263902009683023
ENSG00000225484.7,22490,97,0.14076264176734257
ENSG00000280355.1,2122,34,0.5229241119242505
ENSG00000272447.1,1701,20,0.3837344695173287
ENSG00000283913.1,2077,11,0.1728467900611155
ENSG00000273372.1,5001,68,0.4437692323548328
ENSG00000230091.6,3138,34,0.3536153491087506
ENSG00000133678.14,2996,104,1.1329132609394779
ENSG00000189129.14,1240,57,1.5002315710077274
ENSG00000122359.18,8513,2826,10.834145260577978
ENSG00000234743.1,465,16,1.1229803572455503
ENSG00000122378.14,6520,1341,6.712531120262861
ENSG00000108219.16,17790,467,0.8567341184572003
ENSG00000165678.22,6575,6716,33.33650453285569
ENSG00000107771.17,8424,4060,15.72942349569589
ENSG00000182771.19,6232,17,0.08902799787413827
ENSG00000062650.20,7205,1056,4.783381979717688
ENSG00000227896.2,3058,24,0.25614087612124636
ENSG00000122367.21,10542,31872,98.67143286941837
ENSG00000272631.1,6545,54,0.26927078657788167
ENSG00000107779.15,10074,809,2.6209075695504356
ENSG00000173269.14,5086,758,4.86404943126154
ENSG00000281974.1,1199,13,0.353858228708786
ENSG00000173267.14,1264,45,1.16190486428813
ENSG00000272734.1,5748,150,0.8516862377987684
ENSG00000151303.11,4560,11,0.07872868047301247
ENSG00000148672.10,14283,1344,3.0710363896948256
ENSG00000122376.12,4239,362,2.7870854496217192
ENSG00000223482.10,24071,398,0.5396274944835954
ENSG00000287077.1,1412,25,0.5778437789031304
ENSG00000285257.1,323,13,1.3135480378384967
ENSG00000224914.4,5674,52,0.29910187960651
ENSG00000214562.15,6933,16,0.07531889025229783
ENSG00000107789.16,3017,109,1.1791154169495923
ENSG00000198682.13,4083,69,0.5515372391964163
ENSG00000138138.14,5745,2020,11.475363898615594
ENSG00000227268.5,4376,18,0.13424568084645302
ENSG00000171862.15,16614,998,1.9604757071857413
ENSG00000184719.13,4790,279,1.9009636827668512
ENSG00000138134.12,6323,19,0.09806985861403246
ENSG00000107796.13,5628,664,3.850517669500001
ENSG00000026103.25,29313,51,0.05678256910772999
ENSG00000107798.18,4891,353,2.3554949235850393
ENSG00000119922.11,4326,33,0.24896170801451936
ENSG00000119917.15,5067,134,0.8630958414738781
ENSG00000185745.10,4614,688,4.866491600157083
ENSG00000152778.10,4369,108,0.8067646134823693
ENSG00000152779.14,4873,107,0.7166258936326744
ENSG00000152782.19,7308,584,2.608071170409155
ENSG00000235100.6,5436,10,0.06003792610825756
ENSG00000138182.15,6871,57,0.27074474575019386
ENSG00000148680.16,3472,14,0.13159926061471294
ENSG00000148688.14,4418,495,3.65666030626124
ENSG00000148677.7,1790,584,10.647924085670448
ENSG00000180628.15,8312,1875,7.362085681645996
ENSG00000289228.2,922,59,2.0884602834213446
ENSG00000165338.17,11550,561,1.5852070935760847
ENSG00000119938.9,2541,20226,259.78284455250275
ENSG00000228701.3,1002,10,0.3257147368507865
ENSG00000107854.7,6242,3950,20.652777266608904
ENSG00000180581.7,261,10,1.2504450817030193
ENSG00000174721.10,2553,33,0.4218599094676109
ENSG00000095564.15,8679,645,2.425465805729863
ENSG00000107864.15,7919,1568,6.46220670282608
ENSG00000198060.10,4628,645,4.548534513381478
ENSG00000119912.18,16811,2543,4.936941056232069
ENSG00000138160.7,5322,14,0.08585355746980144
ENSG00000152804.11,2522,31,0.4011638047604731
ENSG00000138190.17,6487,1423,7.15922698750958
ENSG00000138119.17,8490,102,0.39210069452411994
ENSG00000095464.10,3361,19,0.18449738649703282
ENSG00000148690.12,8162,523,2.091270583039785
ENSG00000108231.14,15449,87,0.18379090213107943
ENSG00000176273.15,6829,114,0.5448197827059839
ENSG00000138193.17,27189,247,0.2964891797497096
ENSG00000173145.11,4464,434,3.1730043948214117
ENSG00000108239.9,7286,213,0.9541036704243201
ENSG00000119969.16,14231,16,0.03669354691301953
ENSG00000138115.15,2509,17,0.22113291460806286
ENSG00000107438.9,2227,2144,31.420254180498535
ENSG00000095637.23,11052,9640,28.466972886066458
ENSG00000059573.9,3759,129,1.12001158435379
ENSG00000119977.22,9465,226,0.779278960267663
ENSG00000138185.20,14344,299,0.6803087265129806
ENSG00000226688.9,26725,70,0.08548412214299032
ENSG00000107443.16,4148,179,1.4083785865979597
ENSG00000177853.15,11266,363,1.0515792506283435
ENSG00000095587.9,8157,74,0.2960781697684457
ENSG00000077147.16,7494,1220,5.313140150999139
ENSG00000155629.15,5688,17,0.0975426305822134
ENSG00000236552.2,612,787,41.9689824995706
ENSG00000196233.14,29854,802,0.8767524130509795
ENSG00000187122.17,9142,11,0.039269610911937966
ENSG00000213390.11,6167,96,0.5080452726958141
ENSG00000165879.9,2645,46,0.5675933327382401
ENSG00000181274.7,2233,104,1.5200215538623716
ENSG00000052749.14,8529,354,1.3545975246672386
ENSG00000171314.9,2540,165,2.1200951749425405
ENSG00000171311.13,3578,162,1.4776780029225005
ENSG00000171307.19,3039,369,3.962787606901484
ENSG00000155229.21,5763,871,4.932585994597069
ENSG00000165886.5,1647,104,2.0608428231783096
ENSG00000165887.12,1451,1590,35.763074049340865
ENSG00000171160.18,2512,48,0.6236296171805504
ENSG00000155252.14,4204,152,1.1800108772912032
ENSG00000119986.7,1375,13,0.30856437543406146
ENSG00000155254.13,3371,88,0.8519793128613157
ENSG00000155256.18,3899,188,1.5736557904335409
ENSG00000155265.12,6845,190,0.905910468979587
ENSG00000166024.14,3571,114,1.0418858292072706
ENSG00000138131.4,3597,35,0.31756507704634646
ENSG00000119943.13,3865,59,0.49820449710594555
ENSG00000107521.21,15437,66,0.13953596539104887
ENSG00000120053.12,2424,9237,124.36651313280925
ENSG00000224934.6,8545,310,1.184008327215814
ENSG00000155287.12,3416,691,6.601844875006478
ENSG00000198018.7,8655,81,0.3054380066121725
ENSG00000119929.13,1792,4129,75.1989899974225
ENSG00000014919.13,5215,1058,6.621196624569672
ENSG00000023839.12,7837,19,0.0791241184147668
ENSG00000107554.17,8489,432,1.660857390177628
ENSG00000107566.14,3491,166,1.551898699795618
ENSG00000213341.11,6903,549,2.5956109707684187
ENSG00000095485.18,3985,271,2.219453728329643
ENSG00000230224.1,825,21,0.8307502415532424
ENSG00000196072.12,2911,346,3.8791718841728913
ENSG00000099194.6,5245,20,0.12444849049551499
ENSG00000235823.5,13784,93,0.2201977181382573
ENSG00000075290.8,2144,17,0.25877914307445415
ENSG00000075826.17,7934,578,2.3776108411337797
ENSG00000166136.16,1999,437,7.134668068224176
ENSG00000166135.14,13894,3638,8.545560048139395
ENSG00000119906.13,8812,1102,4.081428907053857
ENSG00000055950.17,3578,628,5.72828262861315
ENSG00000095539.16,5298,48,0.29568848591120095
ENSG00000107815.10,4135,163,1.286522009936918
ENSG00000107816.17,6547,595,2.9660587897215582
ENSG00000107819.15,4687,145,1.009667038981241
ENSG00000273162.1,977,11,0.36745423025275015
ENSG00000107821.15,4171,140,1.095451049758531
ENSG00000138136.7,1770,179,3.300539196162902
ENSG00000227128.5,5444,553,3.315218405169763
ENSG00000166167.18,6613,708,3.4941364850708836
ENSG00000166171.13,1691,59,1.138711047495257
ENSG00000166169.17,5420,400,2.4086063935386575
ENSG00000107829.15,5038,1112,7.203635906169724
ENSG00000107833.11,961,59,2.003704871294984
ENSG00000198408.14,7247,2100,9.457278174160686
ENSG00000120049.20,3397,79,0.7589910844755537
ENSG00000120029.13,4747,818,5.623920877468533
ENSG00000166189.8,2688,122,1.4812750108477508
ENSG00000198728.11,3776,1257,10.864466924520167
ENSG00000148840.11,6097,310,1.6593982542330865
ENSG00000166197.17,3970,1002,8.237251855343501
ENSG00000107859.11,1426,132,3.021061287155149
ENSG00000107862.7,22901,2355,3.3561517911626977
ENSG00000077150.21,5583,160,0.9353141073243434
ENSG00000059915.17,5979,10,0.054585409989042995
ENSG00000107872.14,2455,63,0.8375180642950203
ENSG00000107874.11,1335,739,18.066261941108365
ENSG00000269609.6,6205,84,0.44181721146264297
ENSG00000138111.14,3526,26,0.24065570971176092
ENSG00000138107.13,4655,2053,14.393764542731986
ENSG00000107882.12,6880,219,1.038869046875914
ENSG00000171206.16,6987,1222,5.708021400436874
ENSG00000138175.9,3834,189,1.6088472987826876
ENSG00000156398.13,8034,15,0.060934683779777454
ENSG00000166272.18,7833,1097,4.570709619021619
ENSG00000166275.16,2672,512,6.2537229475351
ENSG00000286575.1,1109,14,0.41200417750611656
ENSG00000148842.18,16324,105,0.20992677936823845
ENSG00000076685.19,9137,1166,4.164856626183135
ENSG00000156374.16,3008,125,1.3562423800053527
ENSG00000148835.12,7029,106,0.49217262242702714
ENSG00000173915.16,924,1999,70.6067063292913
ENSG00000148843.15,7672,425,1.8079460465055712
ENSG00000138172.11,3108,76,0.7980639845772552
ENSG00000107954.11,5229,2030,12.670172454364328
ENSG00000287419.1,1942,22,0.36972480222135623
ENSG00000107957.17,12035,1457,3.951105146113661
ENSG00000273108.1,1432,17,0.3874458678433168
ENSG00000107960.12,14571,127,0.2844588780674627
ENSG00000065613.15,8107,1517,6.1070368115733125
ENSG00000156384.15,1806,46,0.8312759496637017
ENSG00000148834.13,1691,534,10.30629998919436
ENSG00000065621.15,9926,27,0.0887758058710576
ENSG00000148841.17,7296,146,0.6530901902874897
ENSG00000120051.15,3491,58,0.5422296661936497
ENSG00000108018.17,10133,12,0.03864989633764786
ENSG00000287047.1,883,17,0.628338032561302
ENSG00000108039.18,6691,504,2.4583552208570016
ENSG00000148700.15,6539,399,1.9914375342326156
ENSG00000119950.21,5907,911,5.033343110235459
ENSG00000119953.14,5404,621,3.7504328143506127
ENSG00000138166.6,2535,21,0.2703625046475049
ENSG00000108055.11,15505,908,1.9112575235255411
ENSG00000203867.8,8222,792,3.143785012515137
ENSG00000150593.18,4547,245,1.758515741137004
ENSG00000214413.9,8442,172,0.6649488344919682
ENSG00000108061.13,15182,1165,2.504390618943674
ENSG00000119927.14,9809,419,1.3941015770207004
ENSG00000197142.11,4137,132,1.0413423726089541
ENSG00000232934.8,3256,12,0.12028237088126095
ENSG00000023041.12,9250,499,1.7606131567126437
ENSG00000151532.15,8408,273,1.059680820725324
ENSG00000285676.3,2178,16,0.2397547594670252
ENSG00000260917.1,4237,161,1.240145215441175
ENSG00000148737.18,6736,210,1.017471718054372
ENSG00000148702.15,3630,11,0.0988988382801479
ENSG00000197893.14,5669,90805,522.7673263908121
ENSG00000165806.21,3612,219,1.9787981845255507
ENSG00000198924.8,4582,118,0.8404890359294979
ENSG00000196865.4,11223,1096,3.187180952433742
ENSG00000165813.20,9003,593,2.1496738490549974
ENSG00000095627.10,8686,16,0.060118105701033944
ENSG00000165816.13,6353,31,0.15925312696456997
ENSG00000169129.16,5873,103,0.5723772370410738
ENSG00000099204.22,10209,1308,4.181476594695175
ENSG00000151553.16,6216,789,4.142582130470094
ENSG00000165832.6,3599,271,2.457494611668137
ENSG00000107518.18,9957,143,0.46871911001709143
ENSG00000151892.16,10655,371,1.1363852436075559
ENSG00000165868.16,21113,179,0.27669939739536475
ENSG00000187164.20,8252,23,0.09096487912582676
ENSG00000277879.1,1553,36,0.7565474557425351
ENSG00000165650.12,9854,325,1.0764055617562271
ENSG00000229847.9,8918,108,0.3952404795138452
ENSG00000170370.12,3261,45,0.4503672948360001
ENSG00000107560.12,6507,402,2.016277837136072
ENSG00000177640.16,14972,14,0.030517808766649966
ENSG00000165669.14,15023,576,1.2513273767084145
ENSG00000151893.15,12406,1572,4.135479715154725
ENSG00000277687.1,1175,16,0.4444135030801539
ENSG00000188613.7,4017,451,3.6642056512906174
ENSG00000107581.14,7095,6675,30.704639326511035
ENSG00000119979.18,6291,274,1.4214644662678386
ENSG00000183605.17,1915,745,12.696751640299928
ENSG00000165672.7,3379,5657,54.63904714109586
ENSG00000198873.12,7021,193,0.8971467041821136
ENSG00000148908.15,1274,19,0.4867313312531612
ENSG00000151923.18,7355,1850,8.209074203947013
ENSG00000151929.10,2737,4726,56.35390946472526
ENSG00000198825.15,7479,148,0.645837580104616
ENSG00000197771.13,5994,837,4.557365385612221
ENSG00000107651.15,7870,682,2.8282303104612563
ENSG00000220842.6,483,204,13.78440950935726
ENSG00000274461.2,6431,14,0.07104845791545379
ENSG00000120008.16,10707,483,1.472259814464628
ENSG00000107669.19,17116,1043,1.988781908602717
ENSG00000107672.15,3543,232,2.1370858195676328
ENSG00000138162.19,18855,13362,23.128638103568335
ENSG00000285715.1,817,23,0.9187786812072491
ENSG00000107679.15,13738,806,1.9147701998656093
ENSG00000166033.13,2250,127,1.8421556943648882
ENSG00000119965.13,3083,172,1.8207908079082693
ENSG00000179988.15,6118,78,0.4160928567066046
ENSG00000095574.12,4928,551,3.649102224934921
ENSG00000196177.13,6234,4069,21.302276720794705
ENSG00000154473.18,8175,654,2.610929330595904
ENSG00000121898.13,4856,23,0.15458035060673858
ENSG00000182022.18,6543,240,1.19712486501417
ENSG00000065154.12,3388,1068,10.28804798212967
ENSG00000107902.14,4075,65,0.5205840689838459
ENSG00000189319.14,6533,754,3.7667241605489665
ENSG00000233334.3,1760,13,0.24106591830786048
ENSG00000203791.15,4242,91,0.700125439309958
ENSG00000165660.8,2955,656,7.24521844700048
ENSG00000019995.6,5993,1145,6.235429007868159
ENSG00000175029.17,11099,336,0.9880082159206054
ENSG00000273599.1,5428,48,0.28860677935842716
ENSG00000107938.18,7741,220,0.9275359332306857
ENSG00000188690.16,9535,1039,3.5563130237141385
ENSG00000107949.17,4496,978,7.099335201631435
ENSG00000089876.12,3925,396,3.2927643787133065
ENSG00000150760.13,8142,268,1.0742585676119234
ENSG00000132334.17,11193,48,0.13995868831926586
ENSG00000148773.14,12845,24,0.06097927591893899
ENSG00000170430.10,6527,190,0.9500470599303315
ENSG00000108001.16,7596,332,1.4264555979427336
ENSG00000237489.5,6811,111,0.5318843703129963
ENSG00000108010.12,5189,673,4.232885525850462
ENSG00000175470.20,7392,754,3.329005538537121
ENSG00000176171.12,4050,2142,17.26114390782848
ENSG00000277959.1,332,14,1.3762428700430218
ENSG00000273521.1,1098,16,0.4755791130411483
ENSG00000188385.13,14669,73,0.162415503045113
ENSG00000151640.13,3111,15,0.1573607359327329
ENSG00000165752.17,3553,40,0.36742602457020895
ENSG00000148814.18,11500,46,0.13054646652979524
ENSG00000171813.14,2647,220,2.7125257495801804
ENSG00000068383.19,3739,1200,10.474442353286593
ENSG00000171811.14,10698,332,1.0128394767220978
ENSG00000151651.16,4763,10,0.06852113506707708
ENSG00000130640.15,14147,832,1.9193938671235884
ENSG00000198546.15,2289,257,3.664312133918455
ENSG00000148803.12,1270,12,0.3083774799916423
ENSG00000127884.5,1277,2488,63.5864543316622
ENSG00000148824.19,5308,54,0.3320228519503081
ENSG00000214279.13,8592,30,0.11395466701274025
ENSG00000130649.10,9622,64,0.21707996928671
ENSG00000177951.18,3839,192,1.632255898262613
ENSG00000177963.15,6488,455,2.2887886201856054
ENSG00000142082.15,5553,629,3.696818271530758
ENSG00000185627.19,4347,1232,9.249669126104653
ENSG00000277290.1,385,34,2.8821947155928815
ENSG00000142102.16,5269,146,0.904335932499056
ENSG00000185201.18,1606,358,7.275161117320469
ENSG00000185885.17,1666,145,2.840521855765352
ENSG00000142089.17,2844,951,10.913299021609992
ENSG00000185187.13,3496,49,0.4574354161870685
ENSG00000174915.12,6114,65,0.3469708997561617
ENSG00000023191.17,7374,120,0.5311084887298423
ENSG00000174775.18,2431,22,0.29535399667374485
ENSG00000070047.13,5785,16,0.09026549111826809
ENSG00000177030.19,7331,181,0.8057874246996636
ENSG00000177042.16,3908,179,1.4948706185282334
ENSG00000177156.11,2907,626,7.028043347751273
ENSG00000177225.17,5510,401,2.3751875262453668
ENSG00000255284.4,2427,38,0.5109977058232611
ENSG00000279672.2,1139,12,0.3438449513515238
ENSG00000177542.11,4595,13,0.09233427991770066
ENSG00000177595.19,5855,218,1.2151635227794773
ENSG00000177600.9,1637,4076,81.26258362483892
ENSG00000177666.17,3831,2155,18.358629298597542
ENSG00000177685.17,4224,21,0.16225590655336763
ENSG00000177697.19,3894,488,4.090053650907811
ENSG00000177700.6,1126,1110,32.172863643000156
ENSG00000214063.12,5837,126,0.7045080856070841
ENSG00000250397.2,2061,11,0.17418863801889223
ENSG00000177830.18,5359,204,1.242371672517178
ENSG00000183020.15,14593,51,0.1140593057119776
ENSG00000078902.16,5983,646,3.5238599940768727
ENSG00000255153.1,939,59,2.0506500333487536
ENSG00000182208.15,4537,407,2.927728227773124
ENSG00000117984.15,5697,1126,6.450558246118546
ENSG00000130598.17,1088,61347,1840.2192284474602
ENSG00000130592.17,6221,168,0.8813617737102394
ENSG00000283787.2,3818,459,3.92357439347669
ENSG00000130595.20,2717,112110,1346.6658412454308
ENSG00000214026.11,2975,46,0.5046334000311412
ENSG00000226416.3,1949,73,1.2224079087577029
ENSG00000130600.22,3462,242,2.2813579506217825
ENSG00000167244.22,7146,1107,5.055798294447359
ENSG00000110651.13,7986,853,3.485979712932486
ENSG00000184281.15,2659,225,2.7616542844306062
ENSG00000269821.2,92625,232,0.08174569564078946
ENSG00000129757.15,2480,43,0.5658768206432656
ENSG00000205531.14,5200,230,1.443542658742928
ENSG00000110619.18,10037,42,0.1365684864563963
ENSG00000021762.20,7473,132,0.5764797799388789
ENSG00000005801.18,11711,406,1.1314547308320566
ENSG00000167311.14,1497,122,2.65976434813544
ENSG00000129744.3,1467,757,16.84111710345177
ENSG00000200201.1,96,139,47.255101165733166
ENSG00000129749.3,2703,1015,12.255333289654287
ENSG00000110713.18,12969,1544,3.8854912545686604
ENSG00000289468.1,1074,11,0.3342670232373714
ENSG00000148985.20,3701,189,1.6666632108978179
ENSG00000177105.10,1758,195,3.6201025274900553
ENSG00000167323.13,12040,2538,6.879712044281983
ENSG00000167325.15,4233,971,7.486452811270445
ENSG00000132109.10,1935,105,1.7709791971096251
ENSG00000167333.13,4254,187,1.434660862780425
ENSG00000180785.10,3612,84,0.7589910844755536
ENSG00000167332.9,2907,14,0.15717668828836714
ENSG00000244734.4,1304,1333,33.362430959397436
ENSG00000132256.20,5350,62,0.3782187348059488
ENSG00000132274.17,12556,409,1.0631073751729503
ENSG00000051009.11,4726,341,2.3548637900264584
ENSG00000170955.10,1557,49,1.0270996884971044
ENSG00000282556.5,5720,41,0.23393379054727292
ENSG00000166311.10,2741,546,6.501128304019353
ENSG00000166313.20,5234,822,5.125582512776638
ENSG00000110171.21,6710,253,1.2305609549939713
ENSG00000132254.13,5312,175,1.075189742221111
ENSG00000132286.12,2989,190,2.0745925594397034
ENSG00000254595.1,686,15,0.7136286435666649
ENSG00000179532.13,19629,274,0.4555725180748368
ENSG00000132275.11,6921,163,0.7686415996372136
ENSG00000166333.14,3484,32,0.2997622652808157
ENSG00000166337.11,5819,107,0.6001233854050563
ENSG00000166340.18,6502,755,3.789702485004437
ENSG00000166341.9,10783,286,0.8656285223852693
ENSG00000158042.9,2612,290,3.6235140977833664
ENSG00000291143.1,8943,15,0.05474105439860585
ENSG00000149050.10,5160,16,0.10119881126340716
ENSG00000251364.9,11515,85,0.2409129321544202
ENSG00000183801.8,3436,52,0.49391852877978404
ENSG00000166387.14,9800,781,2.600938529585971
ENSG00000166394.15,8595,132,0.5012255259433673
ENSG00000290809.1,1686,28,0.5420078681545473
ENSG00000175390.15,15136,3092,6.667046685222761
ENSG00000166402.9,7004,108,0.5032488001576915
ENSG00000166405.16,9139,239,0.8535016276567748
ENSG00000166407.14,1705,229,4.383451735384619
ENSG00000130413.16,7672,100,0.42539906976601677
ENSG00000166436.18,16410,287,0.570792746710104
ENSG00000166441.13,6816,4638,22.20783860641103
ENSG00000166444.19,14262,384,0.8787309484546587
ENSG00000166452.12,2300,200,2.837966663691201
ENSG00000175348.11,2825,661,7.636390652760587
ENSG00000254860.7,5630,149,0.8637399428481123
ENSG00000175356.14,8014,305,1.2420973387692646
ENSG00000184014.9,21072,869,1.345919696924735
ENSG00000166471.11,4278,281,2.143732883057063
ENSG00000205339.10,7216,9450,42.74058026283831
ENSG00000166478.10,4222,258,1.9943740149625275
ENSG00000166483.12,9251,367,1.2947398447852894
ENSG00000133789.15,7192,312,1.4158265279927735
ENSG00000246273.9,5177,48,0.3025994974613758
ENSG00000133812.18,29111,390,0.4372326779105848
ENSG00000254719.1,208,10,1.5690681073292696
ENSG00000148926.10,2325,47,0.6597509598817608
ENSG00000133805.16,6849,261,1.2437081239697967
ENSG00000110315.7,7825,1817,7.578368360531563
ENSG00000133800.9,3515,29,0.2692636934113842
ENSG00000072952.21,7700,308,1.3054646652979522
ENSG00000198730.9,5770,878,4.966195737138658
ENSG00000110321.19,8485,16492,63.43465898672313
ENSG00000246308.4,2895,10,0.11273442705509087
ENSG00000236287.8,9029,1120,4.048400778418724
ENSG00000247271.9,4958,380,2.5013945785257254
ENSG00000250041.3,2227,2089,30.614230868965226
ENSG00000110328.6,3626,79,0.7110570088150733
ENSG00000254598.3,1309,94,2.3436531424371183
ENSG00000170242.19,13722,2305,5.48224758328192
ENSG00000050165.19,11958,171,0.4667052554063176
ENSG00000133816.19,20192,152,0.24567976070385392
ENSG00000197702.14,12471,329,0.8609932541156007
ENSG00000187079.20,10700,9078,27.68927156910003
ENSG00000189431.8,2804,10,0.11639306930259918
ENSG00000133794.20,6934,63,0.29652536023136356
ENSG00000148925.11,3488,356,3.331030826018284
ENSG00000197601.14,7673,847,3.602660535342648
ENSG00000133818.14,3456,683,6.449886909711382
ENSG00000129083.13,5098,737,4.718161329563509
ENSG00000129084.18,3050,402,4.301613077457187
ENSG00000186104.11,4495,161,1.1689644667017258
ENSG00000110693.19,20093,1099,1.7850814551864451
ENSG00000110696.10,10342,2513,7.930363333721123
ENSG00000166689.18,11071,73,0.21519944125813054
ENSG00000244398.1,321,368,37.41518666897558
ENSG00000110700.7,2115,5407,83.43554899841641
ENSG00000011405.14,9207,786,2.786182325741801
ENSG00000070081.18,9023,581,2.1015044068993416
ENSG00000188211.9,6364,17,0.0871814083519217
ENSG00000187486.7,4946,1309,8.637551793747571
ENSG00000260196.1,2883,16,0.18112586407186296
ENSG00000006071.16,27254,16,0.019159971604871977
ENSG00000129152.4,1803,454,8.217983333961042
ENSG00000129159.9,14417,27,0.06112149886079752
ENSG00000129158.11,3387,94,0.9057696969147292
ENSG00000166788.10,3066,104,1.1070476613746498
ENSG00000212789.4,1110,14,0.4116330025714263
ENSG00000110756.18,6433,195,0.9892958562610785
ENSG00000110768.12,6940,488,2.294909065797553
ENSG00000134333.15,6026,45709,247.55843173790285
ENSG00000074319.13,3558,1312,12.034637723938403
ENSG00000151116.17,5515,584,3.4559898664279425
ENSG00000247595.5,2283,36,0.5146378444012952
ENSG00000179119.15,5899,348,1.925333546040377
ENSG00000151117.9,4243,24,0.18460494913475636
ENSG00000110786.18,5497,21,0.1246805438023331
ENSG00000177054.14,7759,58,0.24396491360768538
ENSG00000129170.10,1633,11519,230.21505633140097
ENSG00000255308.1,516,12,0.7589910844755536
ENSG00000129173.13,4134,688,5.431541423107106
ENSG00000166833.23,15162,237,0.5101489343022271
ENSG00000109854.14,2796,104,1.2139514054988112
ENSG00000185238.13,5483,268,1.5952240119453365
ENSG00000171714.13,19477,5757,9.646711606151245
ENSG00000183161.6,3291,29,0.2875909700215787
ENSG00000148935.12,4202,197,1.530084121035796
ENSG00000198168.9,5201,247,1.5499412244212374
ENSG00000176971.4,2976,38,0.4167309919465909
ENSG00000109881.17,3101,26,0.2736381916941854
ENSG00000205213.14,6355,819,4.206040758768776
ENSG00000148943.12,4842,387,2.6085028163481394
ENSG00000245573.9,12421,33,0.08670866668310205
ENSG00000240036.4,376,78,6.770361960986721
ENSG00000224411.3,2196,180,2.6751325108564594
ENSG00000169519.21,7778,391,1.6406424663522092
ENSG00000152219.5,5408,715,4.314937295155491
ENSG00000066382.17,8114,150,0.6033389813738379
ENSG00000170946.15,8578,602,2.2904223843243394
ENSG00000148950.11,3901,78,0.6525650082878768
ENSG00000109911.19,27247,239,0.2862756037418896
ENSG00000049449.10,4472,246,1.7953058344325592
ENSG00000149100.13,7430,1614,7.089569211947829
ENSG00000270903.1,979,20,0.6667337412144803
ENSG00000186714.13,7404,10,0.04407970912000109
ENSG00000135378.4,5543,29,0.17074903163287306
ENSG00000060749.17,10908,533,1.5947301673171266
ENSG00000121690.11,3314,81,0.7976964234243673
ENSG00000176148.16,5370,100,0.607758224067948
ENSG00000213713.3,895,16,0.58344789510523
ENSG00000280798.1,3306,75,0.7403951141662615
ENSG00000176102.13,4513,232,1.67775206264749
ENSG00000110422.12,8164,7226,28.88684367786319
ENSG00000085063.18,10557,6385,19.73901650072801
ENSG00000110429.14,12446,3373,8.844874489896338
ENSG00000135363.12,2896,526,5.927783269567705
ENSG00000135387.21,9095,2339,8.393298109213607
ENSG00000135372.10,5227,402,2.510028675386344
ENSG00000166016.6,4976,531,3.4827257700623626
ENSG00000121691.7,3579,2684,24.475182744200218
ENSG00000149089.13,5217,917,5.736587589027326
ENSG00000110435.13,3720,3510,30.794226983842822
ENSG00000026508.21,9992,260,0.8492314175777311
ENSG00000149090.13,3861,20,0.16905784321392803
ENSG00000166326.7,13107,1472,3.6653009600186652
ENSG00000179241.13,4575,37,0.26394640773783734
ENSG00000110442.12,6592,769,3.8072752109152206
ENSG00000135362.14,6616,11,0.054262814836296386
ENSG00000175104.15,8129,387,1.5537422360385889
ENSG00000166352.18,10386,422,1.3260785883779507
ENSG00000166181.13,4651,1076,7.5504191564211816
ENSG00000052841.16,11296,855,2.4702821548108824
ENSG00000254463.1,480,14,0.9519013184464236
ENSG00000283341.4,3683,18,0.15950559309912532
ENSG00000149084.13,7716,392,1.6580551736547346
ENSG00000166199.13,2380,386,5.29316555467447
ENSG00000244926.7,2337,12,0.1675821136454367
ENSG00000187479.9,1242,45,1.1824861098713335
ENSG00000110455.14,5841,173,0.966638362851163
ENSG00000151348.16,20632,386,0.6105919939959886
ENSG00000052850.8,5727,24,0.13676947776825063
ENSG00000085117.12,4039,125,1.0100463181619463
ENSG00000157570.12,6014,491,2.664545854095837
ENSG00000175274.19,7345,197,0.8753456060711253
ENSG00000019485.14,13976,113,0.26387647964129324
ENSG00000019505.8,5445,18,0.10788964176016134
ENSG00000175264.8,4666,47,0.3287443167006202
ENSG00000254519.5,7844,250,1.0401777356083888
ENSG00000205106.5,1602,16,0.3259587179270792
ENSG00000181830.9,3875,95,0.8001235045374546
ENSG00000121671.12,6200,2650,13.949521625159571
ENSG00000121653.11,3498,14,0.13062110716245948
ENSG00000121680.16,3019,67,0.7242972223829314
ENSG00000135365.17,25046,522,0.6802009854722622
ENSG00000157613.11,4023,53,0.4299628837981076
ENSG00000149091.15,10787,2010,6.081357136481143
ENSG00000110492.17,2182,48,0.7179457371024486
ENSG00000110497.15,7673,255,1.084626253261364
ENSG00000244313.3,498,200,13.107074952790686
ENSG00000180423.4,2662,22,0.26972410440040334
ENSG00000175224.17,7001,856,3.9904219164942405
ENSG00000175220.12,6142,405,2.1520400091406326
ENSG00000175213.3,2866,97,1.1045889090535708
ENSG00000175216.15,8538,2158,8.248983215369469
ENSG00000134569.10,8748,279,1.0408797485657542
ENSG00000149179.14,6693,83,0.4047272046157554
ENSG00000149182.15,5918,923,5.090165115199433
ENSG00000270060.1,574,27,1.5351718625019475
ENSG00000165912.16,2755,2991,35.43234858354061
ENSG00000134574.12,4842,123,0.8290590346532846
ENSG00000134575.13,3484,224,2.09833585696571
ENSG00000025434.19,4534,46,0.331116975097628
ENSG00000110514.20,8425,830,3.2152393833747785
ENSG00000134571.12,4268,15,0.1147022608919241
ENSG00000066336.13,4020,28,0.2273197178379519
ENSG00000165915.14,4579,365,2.601521089941868
ENSG00000165916.9,2276,1864,26.728758085625916
ENSG00000165917.10,1876,795,13.83054915927335
ENSG00000149187.19,10555,2222,6.870541180227499
ENSG00000213619.11,4507,2610,18.899837898977456
ENSG00000110536.14,2740,49,0.583647523718975
ENSG00000123444.14,3263,135,1.3502737497335549
ENSG00000109919.10,2881,1996,22.611137382286643
ENSG00000109920.13,7619,1534,6.5710158700848496
ENSG00000030066.14,8576,360,1.3700072280412279
ENSG00000149177.15,9737,25,0.08379535953694363
ENSG00000226268.3,959,65,2.2120751627832873
ENSG00000183908.7,5410,17,0.10255498756961731
ENSG00000134817.12,3674,544,4.8324222776407595
ENSG00000149115.14,7149,496,2.2643393271359082
ENSG00000149136.9,6337,848,4.367342733835661
ENSG00000109991.10,4432,20,0.14727715086845128
ENSG00000134802.18,4517,54,0.3901654412557528
ENSG00000149150.9,3526,256,2.3695331417773384
ENSG00000134809.9,776,180,7.5703492188669905
ENSG00000214872.9,1695,2954,56.87820975354205
ENSG00000156587.16,2062,132,2.089249949312921
ENSG00000149131.17,7231,951,4.292272495845501
ENSG00000172409.7,2189,75,1.1182029453785567
ENSG00000156599.11,5424,1738,10.457676937167408
ENSG00000156603.20,1779,99,1.8162029491919236
ENSG00000213593.10,2253,603,8.734966635315859
ENSG00000211450.11,2064,61,0.9645511698543494
ENSG00000233436.8,3332,14,0.1371286413128101
ENSG00000198561.16,15212,124,0.2660360545900376
ENSG00000110031.13,2467,60,0.7937563834401817
ENSG00000186660.15,5776,2628,14.849208537062928
ENSG00000242689.3,1902,41,0.70352328177203
ENSG00000280010.1,1094,26,0.7756417115572842
ENSG00000245571.7,3214,12,0.12185420024560849
ENSG00000166801.17,7221,252,1.1389596165873284
ENSG00000110042.8,6433,67,0.3399119095871398
ENSG00000197629.6,4418,51,0.3767468194329762
ENSG00000287264.1,1137,11,0.3157456314484933
ENSG00000255139.2,1804,11,0.19900375995395614
ENSG00000110048.12,5122,2438,15.534570743832525
ENSG00000166889.14,4335,1642,12.362012574505409
ENSG00000166900.17,7308,193,0.8619139313167241
ENSG00000234964.4,405,27,2.1757744421632537
ENSG00000166902.5,2172,1012,15.206379388599535
ENSG00000149534.9,4454,16,0.11723975440484528
ENSG00000110077.15,5547,38,0.22357876907031815
ENSG00000110079.19,6501,19,0.09538466636156397
ENSG00000166927.13,4345,48,0.3605426003124379
ENSG00000166928.11,4006,10,0.08146933757475987
ENSG00000166959.8,2568,19,0.24147029439895923
ENSG00000110104.13,3342,143,1.3964800055177076
ENSG00000183134.5,2881,99,1.1214942890011912
ENSG00000110107.9,2919,545,6.093510128360602
ENSG00000257052.1,810,10,0.4029211929931951
ENSG00000110108.10,2137,1337,20.418884622173167
ENSG00000006118.15,7274,67,0.3006122235873069
ENSG00000110446.12,6949,79,0.3710307546356966
ENSG00000167987.11,3957,314,2.5898149159941686
ENSG00000167992.14,4765,20,0.1369847497689352
ENSG00000167986.15,15516,3988,8.388426600296844
ENSG00000149476.16,8126,122,0.4899910446909617
ENSG00000162144.10,10572,216,0.666809420413256
ENSG00000149483.13,8592,148,0.5621763572628519
ENSG00000187049.11,1879,43,0.7468730788692383
ENSG00000149532.16,6036,1389,7.510314861244432
ENSG00000256591.5,7522,12,0.05206586008899038
ENSG00000167985.7,1696,64,1.2315704389603324
ENSG00000162148.11,2400,12,0.16318308316224403
ENSG00000204950.4,2270,11,0.1581510057079017
ENSG00000011347.10,7552,86,0.37165638643943294
ENSG00000293352.1,4060,14,0.11254005735327176
ENSG00000134780.10,5799,60,0.33767839247231046
ENSG00000134825.16,3082,286,3.0285763649838935
ENSG00000168496.4,2198,133,1.9748271210717432
ENSG00000134824.14,10553,206,0.637083580620151
ENSG00000149485.19,10228,66,0.21059999000211393
ENSG00000221968.9,6294,336,1.74227886693721
ENSG00000167994.13,3191,39,0.3988806169431224
ENSG00000167995.17,8688,12,0.045078199768575695
ENSG00000167996.16,2004,7364,119.92816610845958
ENSG00000149503.13,4454,118,0.864643188735734
ENSG00000289194.1,1054,21,0.6502551700962285
ENSG00000124935.4,455,14,1.0042035886907323
ENSG00000162174.12,4586,13,0.09251548543869047
ENSG00000124942.14,19466,18580,31.15115262667722
ENSG00000149016.16,3542,87,0.801633440717969
ENSG00000149480.7,4261,336,2.57355155796827
ENSG00000149499.12,5500,92,0.5459215873064164
ENSG00000149489.9,1977,13,0.21460597684463048
ENSG00000149541.10,2407,69,0.9355739707681626
ENSG00000089597.18,5030,1034,6.708998329612736
ENSG00000185085.2,3285,131,1.3014906480519919
ENSG00000214756.8,3185,20,0.20493950789606785
ENSG00000204922.5,2397,15,0.20423414663610018
ENSG00000162191.14,2532,1305,16.82100501790904
ENSG00000177363.5,2212,55,0.8114891115663129
ENSG00000168000.16,7855,53,0.22020887097642097
ENSG00000214753.4,5401,777,4.695177027108447
ENSG00000162222.14,2657,140,1.7196561266627146
ENSG00000185670.9,3344,39,0.3806303973282008
ENSG00000168002.12,1902,290,4.976140285704603
ENSG00000162227.8,3095,99,1.043949934285115
ENSG00000168569.8,2265,84,1.2103645903424722
ENSG00000185475.11,1504,60,1.3019926848051386
ENSG00000162231.14,6194,1123,5.917165075595739
ENSG00000162236.13,2881,152,1.7218902214967784
ENSG00000133316.16,4247,171,1.3140714490578635
ENSG00000255717.9,3976,332,2.725190322427818
ENSG00000168003.19,6392,295,1.5062268314412386
ENSG00000133321.11,1300,25,0.6276272429317078
ENSG00000176485.14,3068,751,7.988950160029027
ENSG00000184743.13,7600,387,1.6618908732575906
ENSG00000133318.14,5792,980,5.522079471650524
ENSG00000188070.9,5948,178,0.9766842233651458
ENSG00000168005.9,2737,116,1.3832106428074757
ENSG00000072518.23,12010,510,1.385901289138126
ENSG00000167771.6,3049,13,0.13915251433972925
ENSG00000110583.13,5312,460,2.8262130366954916
ENSG00000176340.4,494,1978,130.67859858093874
ENSG00000167770.13,5328,554,3.39352207477039
ENSG00000133315.12,2096,2129,33.150456493551296
ENSG00000288852.1,1386,12,0.2825681093718512
ENSG00000168439.17,4601,1918,13.60509252358983
ENSG00000149781.14,11636,24,0.06731512540209449
ENSG00000149743.14,2210,509,7.516759215346807
ENSG00000149761.9,3721,128,1.1226785619332027
ENSG00000110011.14,2807,584,6.790090528446777
ENSG00000173511.10,1970,1750,28.991918328317468
ENSG00000173457.11,1658,939,18.483584449860935
ENSG00000149782.13,4957,106,0.6978981971030005
ENSG00000002330.14,1708,45,0.8598640213467192
ENSG00000173264.16,3967,121,0.9954702829660462
ENSG00000173153.17,3101,1596,16.797175151689228
ENSG00000173113.7,1100,360,10.681074534255973
ENSG00000126432.14,860,2225,84.43775814790534
ENSG00000168071.22,8350,19,0.07426296000197932
ENSG00000162302.13,3807,182,1.560248023931096
ENSG00000110076.21,14002,24,0.05594049415646131
ENSG00000068831.19,6084,115,0.6168985721123624
ENSG00000068976.14,4658,175144,1227.159206413399
ENSG00000168066.22,5972,2950,16.121570506651704
ENSG00000168067.12,7645,167,0.712925438537469
ENSG00000133895.19,5102,131,0.8379844725305357
ENSG00000110047.18,7084,438,2.017904868014198
ENSG00000110046.14,7831,335,1.396152033184823
ENSG00000068971.14,3360,315,3.0596828092920756
ENSG00000168062.10,2815,77,0.8927245046886529
ENSG00000213465.8,2037,444,7.113724980268665
ENSG00000110025.13,4884,25,0.16705884844619576
ENSG00000168061.17,1772,70,1.289256864712989
ENSG00000168060.16,4048,12,0.09674886353492729
ENSG00000162300.13,3120,67,0.7008504212737403
ENSG00000149823.10,4880,875,5.8518523674985055
ENSG00000149809.17,3408,142,1.3598590263520338
ENSG00000174276.7,1299,25,0.6281104047815398
ENSG00000149806.11,1548,1441,30.380726464702022
ENSG00000162298.19,5495,624,3.7061417249587
ENSG00000149792.9,3080,420,4.450447722606655
ENSG00000293278.1,2354,72,0.9982312648837357
ENSG00000254614.2,1791,495,9.02017042605369
ENSG00000014216.16,7506,1163,5.056805907745532
ENSG00000014138.10,12006,32,0.08698748394455787
ENSG00000133884.11,9155,604,2.153196771818578
ENSG00000162241.13,7855,222,0.9223843274861406
ENSG00000126391.14,4069,77,0.6176012486356741
ENSG00000245532.11,22767,24016,34.427064832647716
ENSG00000291174.1,2034,48,0.7701856432436297
ENSG00000251562.11,10434,3970,12.417804104928289
ENSG00000142186.18,4282,1125,8.574543136736315
ENSG00000168056.18,11521,1054,2.9857645977433416
ENSG00000260233.4,1977,56,0.9244565156384081
ENSG00000173465.8,1978,129,2.1284749977684005
ENSG00000176973.8,1458,187,4.185903504984861
ENSG00000173442.13,6733,7160,34.70639760705978
ENSG00000173327.8,10563,390,1.2049872656115719
ENSG00000197136.5,7969,184,0.7535622362116426
ENSG00000213445.10,4652,142,0.9962165868030376
ENSG00000173039.20,5457,663,3.9651964132881727
ENSG00000285533.4,4026,89,0.7214751317158331
ENSG00000172977.13,3732,181,1.5828584165255182
ENSG00000172922.11,4972,135,0.8861510952092897
ENSG00000254470.3,6980,209,0.9772282057567049
ENSG00000172757.13,5865,853,4.746638361036458
ENSG00000172732.12,5448,347,2.078727234115223
ENSG00000172638.13,5397,479,2.8965979927631973
ENSG00000172500.13,3346,453,4.4185258023010485
ENSG00000175602.4,963,261,8.84543815271977
ENSG00000175573.7,1704,502,9.614777904629872
ENSG00000175550.8,1722,538,10.196573605259848
ENSG00000175467.15,4593,420,2.9844064850051164
ENSG00000175376.9,3327,359,3.521654755349901
ENSG00000175334.8,1496,1840,40.14129318429532
ENSG00000175294.6,2649,14,0.17248495011486722
ENSG00000175229.7,3649,13,0.11627185974837886
ENSG00000087365.16,9795,1244,4.144966931165524
ENSG00000175115.13,9587,559,1.9029799413308526
ENSG00000174996.12,5479,433,2.5792398251232584
ENSG00000174903.16,1950,911,15.247157821620956
ENSG00000174851.16,2345,450,6.262890185331326
ENSG00000174807.4,2551,85,1.0874607658793212
ENSG00000174791.11,5377,22,0.1335327442651802
ENSG00000174744.14,2514,98,1.2722308790692058
ENSG00000174684.7,2007,331,5.382521228370979
ENSG00000255468.7,2552,54,0.6905867155768948
ENSG00000174669.12,2720,2140,25.67733808582369
ENSG00000174547.13,2539,735,9.447779923138981
ENSG00000174516.15,3923,132,1.0981476919406685
ENSG00000254986.8,3977,111,0.9109038084490364
ENSG00000174483.20,6131,12,0.06387855155592655
ENSG00000174165.8,6535,120,0.5992951791727401
ENSG00000248746.6,3460,1662,15.676895041367027
ENSG00000250105.1,580,22,1.2379406308859893
ENSG00000174080.12,4249,876,6.728565820198908
ENSG00000173992.9,2142,182,2.773045857659049
ENSG00000239306.5,6480,482,2.4276001877840003
ENSG00000248643.5,2577,11,0.13931035427122113
ENSG00000173933.21,6538,265,1.3228362507798919
ENSG00000173914.12,4291,256,1.9470924861120702
ENSG00000173898.15,12609,17,0.04400210030546671
ENSG00000173715.19,3953,25,0.20640410215310404
ENSG00000173653.8,3001,51,0.5546376035504462
ENSG00000173599.15,7302,276,1.2335943838066106
ENSG00000173621.9,3087,42,0.4440356004414803
ENSG00000173156.7,1240,119,3.1320624026301678
ENSG00000173120.15,10381,1931,6.070831973534211
ENSG00000173020.11,6602,892,4.409551959428103
ENSG00000172932.16,5890,99,0.5485611284571192
ENSG00000172830.13,3611,88,0.7953537146650498
ENSG00000172613.8,4169,70,0.5479882859849884
ENSG00000175482.9,3054,73,0.78011559075598
ENSG00000172531.16,4073,803,6.43437347308038
ENSG00000175463.12,5033,12,0.07781430550156679
ENSG00000172508.11,5670,2249,12.945282329167084
ENSG00000175634.15,5815,357,2.0036581492320247
ENSG00000172725.14,5327,80,0.490131280382186
ENSG00000175544.14,5218,17,0.10632857086079527
ENSG00000172663.9,5892,511,2.8305008654415036
ENSG00000110711.11,2961,208,2.2926093412865085
ENSG00000110697.13,6442,154,0.7801985348334549
ENSG00000167797.8,2019,72,1.1638615143815325
ENSG00000084207.18,1764,1082,20.01860498657007
ENSG00000167792.13,5057,5950,38.399815891451524
ENSG00000167799.10,1482,192,4.228225636592558
ENSG00000110057.9,3536,18,0.1661366231289815
ENSG00000006534.17,6622,19,0.09364175717555533
ENSG00000110717.13,4523,2280,16.451798788853257
ENSG00000110719.11,4598,95,0.6743102610010084
ENSG00000110721.12,3877,197,1.6583475565108112
ENSG00000110066.16,9530,879,3.010239876172351
ENSG00000171067.11,3403,158,1.5153057384445816
ENSG00000162337.12,6182,252,1.330382949106616
ENSG00000110075.15,8305,1963,7.714109385851537
ENSG00000110090.13,6571,380,1.8873709207625242
ENSG00000250508.1,3252,10,0.10035859973077739
ENSG00000197345.13,2825,551,6.365584341408598
ENSG00000132740.10,9715,217,0.7289908192734319
ENSG00000172935.10,2569,15,0.19056023724668436
ENSG00000162341.18,7253,116,0.5219698785832154
ENSG00000110092.4,4761,150,1.028248791192464
ENSG00000149716.13,7872,137,0.5679898982019165
ENSG00000131620.18,6268,247,1.286095135324642
ENSG00000168040.5,1708,39,0.7452154851671566
ENSG00000131626.19,11714,883,2.4601444840748075
ENSG00000254604.1,539,32,1.9376098928355507
ENSG00000085733.16,6949,821,3.855901893112746
ENSG00000172893.18,6878,211,1.0012105422283655
ENSG00000254682.2,792,35,1.4422747249188235
ENSG00000172890.13,16263,220,0.4414963819183875
ENSG00000291186.1,4455,11,0.08058423859863903
ENSG00000254469.11,7380,13,0.05748997509780955
ENSG00000137522.18,3250,340,3.4142922015484904
ENSG00000137496.19,5851,88,0.4908600689891463
ENSG00000137497.19,15224,1498,3.2113538961776347
ENSG00000251143.1,4233,13,0.10023057316839937
ENSG00000184154.16,3541,40,0.3686711847777329
ENSG00000149357.10,2688,794,9.640429168959951
ENSG00000110200.9,2883,57,0.6452608907560118
ENSG00000165458.15,6574,2634,13.076490448717701
ENSG00000162129.15,14541,421,0.9449154530129253
ENSG00000227467.3,2450,15,0.19981602019866615
ENSG00000186642.16,7182,239,1.0860695314891764
ENSG00000186635.16,9052,358,1.2907543917826638
ENSG00000286555.1,836,13,0.5075071964376011
ENSG00000214530.10,4076,599,4.796205437398635
ENSG00000168010.11,8519,204,0.7815318456414553
ENSG00000137478.15,5245,249,1.5493837066691616
ENSG00000175591.12,8953,1006,3.667199411621077
ENSG00000171631.16,10778,29,0.08781424033596356
ENSG00000110237.5,9921,552,1.8158867433839072
ENSG00000054967.13,6187,166,0.8756551415850172
ENSG00000054965.11,7887,1030,4.262167507470809
ENSG00000021300.14,4933,195,1.2901155976743397
ENSG00000175582.20,4896,3691,24.604116011104686
ENSG00000175581.14,3830,351,2.990979748822332
ENSG00000181924.7,2159,473,7.150124903727784
ENSG00000175575.13,7922,314,1.2935998008822174
ENSG00000175567.11,2768,736,8.677944306893904
ENSG00000175564.13,3338,7542,73.74037227139871
ENSG00000168014.18,27209,305,0.365841011168984
ENSG00000214517.10,7749,474,1.9963551792206393
ENSG00000165434.8,8782,931,3.4598827243008246
ENSG00000175538.11,3599,14,0.1269554411931879
ENSG00000175536.7,2371,125,1.7206145419890766
ENSG00000254837.2,2493,89,1.1651259046481925
ENSG00000077514.9,5501,125,0.7416064495648247
ENSG00000054938.17,3114,27,0.28297644479001854
ENSG00000227615.1,399,86,7.034458722783452
ENSG00000166439.6,7842,417,1.7354589563543934
ENSG00000166435.17,9086,76,0.27298952939314436
ENSG00000118363.13,2967,404,4.443947798958313
ENSG00000162139.10,7212,1593,7.208836702092477
ENSG00000137491.15,10277,221,0.7018285760213279
ENSG00000137486.17,9888,181,0.5974137955575682
ENSG00000149273.15,5859,5376,29.94614285988134
ENSG00000158555.15,9905,180,0.5930934875154755
ENSG00000149257.16,6281,412,2.1407874625965464
ENSG00000171533.12,6351,27,0.13874801591499256
ENSG00000062282.15,7904,27,0.11148641815234284
ENSG00000198382.9,7346,384,1.706025154759099
ENSG00000085741.14,2371,120,1.6517899603095134
ENSG00000255362.1,388,42,3.5328296354712623
ENSG00000137492.9,8802,1082,4.01190856581568
ENSG00000179240.13,20110,89,0.14443853208791366
ENSG00000255135.5,1064,125,3.8341889840752827
ENSG00000158636.17,11789,593,1.641658636274675
ENSG00000254810.2,1114,10,0.29296783332539317
ENSG00000236304.3,1559,27,0.565226843538241
ENSG00000137507.11,4459,272,1.9908409338475168
ENSG00000182704.8,4013,34,0.27651257550542224
ENSG00000078124.13,23102,203,0.28678180141923243
ENSG00000149260.18,6137,36,0.19144829701289834
ENSG00000137474.23,10443,32,0.10000686893022713
ENSG00000149269.10,6021,1995,10.81382663705952
ENSG00000074201.9,4581,966,6.882115622559603
ENSG00000178301.4,2125,12,0.1843008939244168
ENSG00000048649.14,15579,1121,2.3483950988494198
ENSG00000087884.16,1936,865,14.581959394146807
ENSG00000254459.1,585,15,0.8368363239089438
ENSG00000149262.19,12926,309,0.7801883443777411
ENSG00000151365.2,1174,30,0.8339850928223715
ENSG00000151366.13,2302,756,10.718193820213424
ENSG00000159063.14,9465,104,0.35860624720281836
ENSG00000246174.10,4776,18,0.12300232399164122
ENSG00000188997.8,3968,118,0.9705445470335079
ENSG00000118369.13,5754,150,0.8507981395320336
ENSG00000033327.13,6775,159,0.7659368331452929
ENSG00000288538.1,1753,17,0.31649884925934385
ENSG00000137513.11,16377,413,0.8230397917323904
ENSG00000149256.16,16414,21,0.041755144954394106
ENSG00000227097.5,210,120,18.649495218542175
ENSG00000137509.12,23408,335,0.4670739307873526
ENSG00000137502.10,11832,408,1.1254005735327173
ENSG00000246067.10,7523,102,0.44250098318619946
ENSG00000165494.12,9951,941,3.086228143014202
ENSG00000247137.9,3418,54,0.5156165295939834
ENSG00000137494.14,6751,52,0.25138558211929163
ENSG00000137500.10,6560,509,2.5323228454140922
ENSG00000150672.19,28206,47,0.054382790247645675
ENSG00000171204.13,2416,506,6.835317887425123
ENSG00000171202.7,971,544,18.28457203712889
ENSG00000137504.15,7580,1203,5.179663563170965
ENSG00000137501.18,11258,198,0.573996277600361
ENSG00000073921.18,6342,2090,10.755365619964996
ENSG00000074266.23,6995,135,0.6298703710336796
ENSG00000254783.1,742,30,1.3195397560289275
ENSG00000149196.17,3433,532,5.057582303659413
ENSG00000149201.10,4544,13,0.09337060216149527
ENSG00000278989.1,2359,80,1.1067949684594762
ENSG00000151376.19,3838,405,3.443936877577323
ENSG00000255250.2,917,17,0.6050408754107194
ENSG00000150687.12,11444,1192,3.399409911384042
ENSG00000255471.1,1218,32,0.8574480560249277
ENSG00000280339.1,3249,109,1.0949188097682117
ENSG00000174804.4,7387,957,4.228136201063153
ENSG00000246523.10,2318,20,0.2815928958796273
ENSG00000166575.17,10096,128,0.41377643908017503
ENSG00000123892.12,1432,12,0.2734912008305766
ENSG00000109861.17,24849,314,0.41240684223063
ENSG00000077616.11,7168,72,0.32782315813843665
ENSG00000280385.1,4507,43,0.3113766397149543
ENSG00000110172.12,11099,594,1.7466573817167845
ENSG00000280367.1,3386,30,0.28916080891124163
ENSG00000180773.15,9709,62,0.2084118066960373
ENSG00000166002.7,1106,20,0.5901738993209549
ENSG00000166004.15,9452,143,0.49376176242490255
ENSG00000279696.1,3152,14,0.14495959164158734
ENSG00000166012.17,7970,567,2.3218270552821174
ENSG00000182919.15,6269,632,3.290212428091824
ENSG00000042429.12,16610,30,0.05894632745174379
ENSG00000110218.9,2852,340,3.8907607486089044
ENSG00000250519.7,5342,15,0.09164156673282144
ENSG00000256745.1,549,38,2.2590007869454545
ENSG00000020922.13,7674,292,1.2418415502573692
ENSG00000168876.9,3171,154,1.5850012492579995
ENSG00000196371.4,5975,47,0.2567231768577563
ENSG00000166025.18,10030,2583,8.404823605345491
ENSG00000150316.12,2734,1362,16.25862174593829
ENSG00000186280.7,2951,13,0.14377364155263792
ENSG00000263465.5,4307,453,3.4326415914788266
ENSG00000149218.5,4651,2529,17.74629186485982
ENSG00000245552.9,9212,31,0.10982795436451509
ENSG00000149212.12,10578,153,0.4720554305884541
ENSG00000077458.13,6031,235,1.2716970500125135
ENSG00000166037.11,7101,665,3.056379391716442
ENSG00000087053.20,13952,380,0.8888986754824073
ENSG00000184384.15,7121,79,0.3620689108219991
ENSG00000149231.16,21886,658,0.9812160168213157
ENSG00000183340.7,3815,129,1.1035710473357525
ENSG00000255039.1,734,32,1.42284977144191
ENSG00000165895.19,9313,155,0.543184320630255
ENSG00000082175.16,14692,22,0.04887051224570336
ENSG00000137672.13,5616,13,0.07554772368622409
ENSG00000110318.15,8200,48,0.1910436095557979
ENSG00000137693.14,6311,1485,7.679508112689983
ENSG00000023445.17,7484,159,0.6933754736183004
ENSG00000110330.10,4517,1246,9.002706292679036
ENSG00000152558.15,4442,930,6.832970163930074
ENSG00000137692.12,13069,373,0.9314758592014235
ENSG00000187240.17,15012,29,0.06304702120576974
ENSG00000170962.13,4263,54,0.41341245558344725
ENSG00000291173.1,4201,22,0.17091301259554245
ENSG00000196954.14,6665,135,0.6610567509948371
ENSG00000137752.25,3965,39,0.32101590130277513
ENSG00000204397.10,1647,14,0.2774211492740032
ENSG00000152578.15,10567,27,0.08339061692780521
ENSG00000285813.1,3770,17,0.1471677673081246
ENSG00000170903.12,5108,405,2.5876722271225074
ENSG00000182359.15,5210,153,0.958426553697633
ENSG00000149313.11,6003,1075,5.844471577524982
ENSG00000152402.11,16306,411,0.8226204731961523
ENSG00000261098.1,4140,46,0.36262907369387565
ENSG00000152404.16,3547,407,3.744883836878112
ENSG00000137760.15,4501,315,2.2840555963611138
ENSG00000110675.13,5856,66,0.3678307202427632
ENSG00000170290.4,906,65978,2376.70937326237
ENSG00000110660.15,3483,20,0.18740520604334657
ENSG00000166266.14,6562,3385,16.8355603933007
ENSG00000075239.14,5869,6773,37.66362318138964
ENSG00000285696.1,746,10,0.43748815861191426
ENSG00000149308.17,7530,212,0.9188529516705375
ENSG00000149311.21,39405,559,0.4629835984656485
ENSG00000178202.14,7025,242,1.1242791779434322
ENSG00000178105.12,18059,181,0.32710712722040164
ENSG00000137710.17,8518,4250,16.283824922271357
ENSG00000149289.11,9688,693,2.334555669517653
ENSG00000137714.3,3144,496,5.148779214279456
ENSG00000150750.9,1344,17,0.41281434728543875
ENSG00000196167.10,9186,26,0.09237448644063456
ENSG00000214290.9,2068,10,0.15781729512789558
ENSG00000204381.12,3144,37,0.38408232042004004
ENSG00000170145.5,9740,802,2.687327160084594
ENSG00000137713.16,6686,131,0.6394550970461851
ENSG00000086848.15,8070,163,0.6592030373096847
ENSG00000137720.8,3514,99,0.9194721248185634
ENSG00000109846.9,4388,34430,256.0799249442143
ENSG00000170276.6,843,14,0.5420078681545473
ENSG00000150764.14,8438,995,3.848475177682693
ENSG00000150768.18,7925,4151,17.09458620079432
ENSG00000150773.12,3269,28,0.2795427548817885
ENSG00000150776.18,5755,952,5.398793924255649
ENSG00000150779.12,1166,607,16.99007401020277
ENSG00000204370.13,2790,3364,39.351103351812824
ENSG00000150782.12,2605,73,0.9145769728095059
ENSG00000150783.10,1152,10,0.28330396382334033
ENSG00000197580.13,6763,608,2.93406223754678
ENSG00000214264.4,1166,19,0.5318145077328708
ENSG00000150787.8,3128,414,4.319552201353518
ENSG00000250303.6,8464,518,1.997373276891361
ENSG00000149294.18,12695,270,0.694122606597966
ENSG00000227487.4,5794,12,0.06759395919733961
ENSG00000149292.17,5247,66,0.4105234796534441
ENSG00000270179.1,640,14,0.7139259888348176
ENSG00000149295.14,4117,12,0.09512737420193969
ENSG00000166682.13,2665,36,0.44086986820568747
ENSG00000086827.9,2916,368,4.118749972819328
ENSG00000048028.12,5793,2548,14.354928220175998
ENSG00000109906.15,16557,7814,15.402701115295947
ENSG00000166741.9,3534,28,0.2585810033131202
ENSG00000180425.11,2203,329,4.874011290093353
ENSG00000076053.12,7885,257,1.0637426093264861
ENSG00000076043.11,3650,441,3.9432186123040887
ENSG00000182985.19,10975,442,1.3143858361314233
ENSG00000137656.12,2195,263,3.9104465486715427
ENSG00000109917.11,7058,260,1.2022556424534838
ENSG00000160584.17,10920,750,2.2415258676132424
ENSG00000168092.14,7084,697,3.211140851611635
ENSG00000149577.17,9058,595,2.143827213105215
ENSG00000149591.17,6550,220,1.0961917036853035
ENSG00000160613.15,22206,577,0.8480288118942161
ENSG00000167257.11,4407,278,2.0587654694397024
ENSG00000186318.18,8689,333,1.2507760776390209
ENSG00000278768.4,4722,91,0.6289563984652353
ENSG00000110274.16,12896,136,0.3441826816077107
ENSG00000177103.15,7036,15,0.06957777849441901
ENSG00000137726.17,4986,162,1.0603954862528493
ENSG00000110324.12,8831,34,0.12565337623182646
ENSG00000177098.9,5649,673,3.8882002113007696
ENSG00000149575.9,5353,124,0.7560135367875308
ENSG00000160593.20,8600,23,0.08728397471468867
ENSG00000149573.9,4740,31,0.2134462269210787
ENSG00000198851.10,2659,12,0.1472882285029657
ENSG00000110344.10,6561,898,4.466953472936904
ENSG00000167283.9,8358,1182,4.615515776448252
ENSG00000118058.25,31469,1114,1.155333532319043
ENSG00000255435.7,2692,14,0.16972980418064015
ENSG00000149582.16,5529,234,1.3812566995827493
ENSG00000118096.10,3773,291,2.517162851853327
ENSG00000243431.1,891,25,0.9157299840754435
ENSG00000095139.15,4177,1359,10.618425186377287
ENSG00000019144.20,21691,1287,1.936440256602352
ENSG00000255176.1,1388,12,0.28216095071281394
ENSG00000110367.14,11462,3456,9.84052932138746
ENSG00000278376.2,1936,52,0.876603339301311
ENSG00000186174.13,10788,373,1.1284258438916763
ENSG00000186166.9,5111,446,2.847961459219755
ENSG00000240970.1,435,35,2.6259346715763408
ENSG00000254428.1,523,50,3.1201354333125053
ENSG00000254909.1,208,41,6.433179240050006
ENSG00000118181.11,1477,8268,182.69434415510273
ENSG00000196655.12,4809,271,1.839160554667005
ENSG00000137700.19,6510,848,4.251282781001012
ENSG00000149428.21,6825,213,1.0185493542434574
ENSG00000160695.16,5775,397,2.2435907884124977
ENSG00000256269.11,5860,303,1.6875247166607488
ENSG00000188486.4,1592,66,1.3530255639080535
ENSG00000172269.20,6440,154,0.7804408325150801
ENSG00000172375.14,9216,140,0.4957819366908456
ENSG00000172273.13,9858,242,0.8011829199688183
ENSG00000160703.17,5308,580,3.566171372799606
ENSG00000110395.8,11718,195,0.5431080596797676
ENSG00000076706.17,7422,817,3.592578252318873
ENSG00000173456.5,2783,47,0.5511753437747373
ENSG00000036672.16,4523,2423,17.48364406376818
ENSG00000245248.10,27026,85,0.10264605985932615
ENSG00000154096.14,6900,44,0.2081175553373547
ENSG00000110400.11,7817,44,0.1837036115936737
ENSG00000184232.9,2913,132,1.478899208885425
ENSG00000181264.9,4305,50,0.3790547808646784
ENSG00000196914.9,24906,3002,3.9337959981776005
ENSG00000154114.13,7021,248,1.1528102727314207
ENSG00000109927.11,8310,29,0.11389433000493566
ENSG00000109929.10,10054,527,1.7107118525264093
ENSG00000137642.13,19408,224,0.37667982922859294
ENSG00000255248.11,30177,501,0.5418346731900736
ENSG00000154127.10,8964,24,0.08738049968527124
ENSG00000109944.11,8589,18,0.06839668173059477
ENSG00000109971.14,4849,37975,255.59404343519148
ENSG00000166250.12,5057,28,0.1807050159597719
ENSG00000023171.20,14932,72,0.15736916672490717
ENSG00000166257.10,10020,304,0.9901728000263911
ENSG00000166261.11,5071,165,1.0619289576718702
ENSG00000110002.16,6361,60,0.3078442065629506
ENSG00000154144.13,7155,521,2.376474809993826
ENSG00000110013.13,8079,707,2.856057427793205
ENSG00000154146.13,1213,11,0.29596272296532306
ENSG00000019102.12,1447,29,0.6540856132280687
ENSG00000149564.12,2920,743,8.304454163667625
ENSG00000250073.4,1765,16,0.2958560147984028
ENSG00000120458.13,4534,274,1.972305460364132
ENSG00000279342.2,3579,14,0.127664887637408
ENSG00000245498.7,10457,249,0.7771366110241706
ENSG00000154134.15,6981,32,0.14960202438595643
ENSG00000154133.15,6620,455,2.2431511431667985
ENSG00000150433.10,7580,116,0.4994521806548894
ENSG00000165495.16,6538,467,2.331186902317772
ENSG00000149557.14,9324,36,0.12601010282798766
ENSG00000149547.15,3491,2044,19.108921339652067
ENSG00000134910.14,7369,464,2.0550129077834507
ENSG00000149554.15,5600,13,0.07576357432532758
ENSG00000198331.11,2389,48,0.655737797554434
ENSG00000110060.9,2010,217,3.523455626488255
ENSG00000064309.16,19924,53,0.08681693844206921
ENSG00000165526.9,4081,2243,17.937743471350814
ENSG00000254694.1,362,13,1.1720331939829682
ENSG00000197798.9,3534,386,3.564723831388014
ENSG00000182934.12,4148,2247,17.679478682042546
ENSG00000110074.12,7666,631,2.686369044491938
ENSG00000150455.15,7042,130,0.6024936328057859
ENSG00000255062.2,1550,27,0.5685088058555599
ENSG00000110063.10,7879,360,1.4912021814546987
ENSG00000110080.20,5962,60,0.3284463263916351
ENSG00000254612.2,742,143,6.289806170404554
ENSG00000134954.14,7149,1049,4.7888950688821925
ENSG00000151702.18,8026,324,1.317501095055247
ENSG00000134909.19,12968,483,1.215568000730473
ENSG00000170322.15,6335,403,2.076173086484115
ENSG00000170325.16,6626,424,2.088428230026908
ENSG00000084234.18,7463,1805,7.893486938438978
ENSG00000196323.14,11032,3820,11.300931430017625
ENSG00000166106.4,6006,56,0.30430411778507044
ENSG00000120451.11,17308,1974,3.7222487423419195
ENSG00000182667.15,6956,10,0.046918655308293276
ENSG00000080854.16,17862,402,0.7345157253523917
ENSG00000166086.13,5305,73,0.44909953141729747
ENSG00000151503.14,18698,189,0.32989199612433545
ENSG00000151502.11,6453,420,2.124187042558267
ENSG00000151500.15,2119,272,4.189315584722074
ENSG00000151498.12,7121,742,3.4006978712648523
ENSG00000149328.16,7166,13,0.05920681219953035
ENSG00000120645.12,7679,35,0.14875395001116137
ENSG00000010379.16,4243,15,0.11537809320922272
ENSG00000261799.1,3170,78,0.8030460874861222
ENSG00000073614.13,12029,498,1.351154300686633
ENSG00000120647.10,3550,93,0.8549874216387998
ENSG00000171840.13,1858,122,2.142985591581676
ENSG00000177406.5,4356,264,1.977976765602958
ENSG00000060237.19,17280,7635,14.42017175860802
ENSG00000002016.18,4503,358,2.594694371400549
ENSG00000250132.6,3669,121,1.0763234157880364
ENSG00000082805.21,15826,587,1.2105202807561892
ENSG00000171823.7,2703,36,0.43467191963305846
ENSG00000006831.10,5831,1729,9.677364115504027
ENSG00000285627.1,3470,15,0.14108047535640694
ENSG00000151062.15,7463,12,0.05247747549100706
ENSG00000151065.14,4610,151,1.0690084840563492
ENSG00000151067.23,25552,83,0.10601280449644847
ENSG00000274659.4,3922,44,0.3661425629341528
ENSG00000004478.8,5163,1086,6.864878106302421
ENSG00000111203.13,6255,294,1.5339992469927977
ENSG00000053702.15,2814,79,0.9162376382243979
ENSG00000111206.13,4919,10,0.06634807203181298
ENSG00000171792.11,2644,118,1.4565509692242657
ENSG00000078246.17,3179,224,2.2996546478982487
ENSG00000197905.10,2275,873,12.523853327528709
ENSG00000250899.3,3514,307,2.851292346659586
ENSG00000011105.14,6905,384,1.814983459357037
ENSG00000227081.5,255,383,49.01891831461919
ENSG00000130038.10,12466,10,0.0261805042775941
ENSG00000280202.1,1697,10,0.19231948516469538
ENSG00000111224.14,6200,114,0.600092628403091
ENSG00000118971.9,7988,56,0.22879951570069268
ENSG00000078237.7,9444,41,0.14168797987403653
ENSG00000111241.3,1411,44,1.0177258198637473
ENSG00000047621.12,4932,437,2.891768343142767
ENSG00000111247.15,2557,13,0.16592726485015039
ENSG00000010219.14,7050,193,0.8934563134840595
ENSG00000111254.8,3672,28,0.24886308978991464
ENSG00000139180.11,10391,1238,3.888377575880245
ENSG00000130037.5,2910,95,1.0654565567294283
ENSG00000185652.12,2923,24,0.2679708515835687
ENSG00000047617.18,6058,44,0.23704376557077378
ENSG00000110799.14,10387,2338,7.346145151310803
ENSG00000010278.15,5829,269,1.5061331058721443
ENSG00000067182.9,4205,706,5.479536585614472
ENSG00000111321.11,6151,288,1.5281004048358406
ENSG00000256433.3,1841,29,0.5141020545035391
ENSG00000215039.9,3457,142,1.3405841949111168
ENSG00000139192.12,3188,140,1.43322657733464
ENSG00000139190.17,3270,131,1.3074607886393865
ENSG00000111639.8,1388,1330,31.272838704003544
ENSG00000010292.13,6470,366,1.846213552932962
ENSG00000111640.15,2396,197679,2692.6434638087844
ENSG00000010295.20,4945,141,0.9305890687917657
ENSG00000111642.16,12713,132,0.33886835487164657
ENSG00000111653.20,2709,208,2.505875326522463
ENSG00000126746.19,5181,379,2.387430554660895
ENSG00000111652.10,2840,1276,14.663493951762211
ENSG00000089693.11,3367,1755,17.011363881778333
ENSG00000159335.19,1706,433,8.283502345750488
ENSG00000010610.10,4557,25,0.17904661308124206
ENSG00000250510.8,3216,19,0.1928158320946913
ENSG00000110811.20,4600,23,0.16318308316224406
ENSG00000111664.11,3437,12,0.11394803595850617
ENSG00000111667.14,3718,858,7.5315269151804936
ENSG00000111669.15,2700,23671,286.12642678025765
ENSG00000111671.10,2452,50,0.6655101270890866
ENSG00000010626.15,3052,104,1.1121258616561847
ENSG00000111674.9,4281,48,0.3659326321788234
ENSG00000111676.15,5116,1234,7.872084621665721
ENSG00000111678.11,1806,171,3.0901779867933254
ENSG00000111679.17,5009,27,0.17592107188582903
ENSG00000215021.10,4226,2972,22.952206491158982
ENSG00000126749.17,5575,52,0.3044132851815853
ENSG00000111684.11,4693,223,1.5508130213160207
ENSG00000182326.17,8295,684,2.6911929809035544
ENSG00000159403.18,5803,215,1.2091801785242968
ENSG00000139178.12,4979,87,0.5702722729510035
ENSG00000205885.8,6143,14,0.0743793965251967
ENSG00000139182.15,6730,73,0.35400787729104943
ENSG00000139197.11,5488,1146,6.81515354606165
ENSG00000177575.13,5815,12,0.06734985375569831
ENSG00000059804.17,7252,74,0.33302670033111026
ENSG00000065970.9,6297,1079,5.592331165064676
ENSG00000171860.5,3491,11,0.1028366608298301
ENSG00000089818.18,8785,351,1.30397864974269
ENSG00000226711.9,6973,12,0.056165122556917496
ENSG00000197614.11,3889,228,1.9133835413212466
ENSG00000166532.16,8597,378,1.4349937288665406
ENSG00000111752.11,6134,235,1.2503431543243348
ENSG00000003056.8,3585,469,4.269615955542117
ENSG00000139187.10,2593,27,0.3398336479275425
ENSG00000245105.4,2948,77,0.8524489418923197
ENSG00000175899.15,6318,6063,31.319374270740287
ENSG00000126838.10,6252,26,0.135724893225155
ENSG00000237248.6,3415,26,0.2484779011548079
ENSG00000291254.1,1236,10,0.26405029637903565
ENSG00000111788.10,3158,48,0.49606003747863925
ENSG00000260423.2,6872,20,0.09498433245765077
ENSG00000256673.1,400,10,0.8159154158112201
ENSG00000214826.5,2947,27,0.29901209673434603
ENSG00000257027.1,2508,14,0.18218207051606192
ENSG00000069493.15,6955,109,0.511486874613504
ENSG00000110852.5,2503,243,3.168476964316844
ENSG00000150048.10,3169,57,0.5870265535025504
ENSG00000172243.18,4190,14,0.10904836106307476
ENSG00000139112.11,4053,2241,18.045560787889904
ENSG00000134539.17,17412,16,0.02998999920280157
ENSG00000180574.4,3457,44,0.4153922857471066
ENSG00000290537.1,2457,30,0.39849348757568753
ENSG00000111196.10,4839,61,0.4114142621573418
ENSG00000060138.13,8621,67527,255.6377231573333
ENSG00000139083.11,7230,231,1.0427466724890282
ENSG00000070018.9,10369,1016,3.197878532025074
ENSG00000111261.14,5716,65,0.37113017514156266
ENSG00000205791.4,1543,33,0.6979963375701949
ENSG00000165714.11,6522,159,0.7956488875436002
ENSG00000111266.9,7132,622,2.8463229872943296
ENSG00000290048.1,590,13,0.7191118919014144
ENSG00000255670.1,412,12,0.9505810669645285
ENSG00000111269.3,3922,467,3.88610402023294
ENSG00000111276.12,9255,1764,6.220528551014553
ENSG00000178878.13,7191,489,2.219344393445622
ENSG00000213782.7,5040,31,0.2007410943662526
ENSG00000013583.10,3428,352,3.35125118279521
ENSG00000293237.1,4411,15,0.11098373373083929
ENSG00000084444.14,6710,54,0.26264937379317965
ENSG00000134531.10,7833,666,2.774924891766999
ENSG00000171681.13,13141,1620,4.023386267754894
ENSG00000121316.11,2375,126,1.7314583981846525
ENSG00000256751.6,5050,89,0.5751799762946423
ENSG00000070019.5,4191,13,0.10123503131038761
ENSG00000261324.2,5428,29,0.1743665958623831
ENSG00000197837.4,2454,20,0.26598709561897965
ENSG00000246705.5,3332,176,1.7239029193610413
ENSG00000084463.8,5258,1495,9.279524888838145
ENSG00000182993.5,4518,46,0.3322895894406032
ENSG00000111341.10,2887,206,2.3287644704830117
ENSG00000111348.9,2042,518,8.279024199612381
ENSG00000255727.2,967,14,0.4725053080189072
ENSG00000134533.6,4157,100,0.7851002317163533
ENSG00000151491.14,8540,651,2.4878732350965076
ENSG00000023734.11,2215,1874,27.61219845111019
ENSG00000023697.13,2813,452,5.244134631307095
ENSG00000008394.13,7441,19,0.08333499744880088
ENSG00000256211.1,499,13,0.8502525375187064
ENSG00000111404.7,1549,46,0.9691958457667174
ENSG00000052126.17,36233,90,0.08106685885575007
ENSG00000139154.16,6768,370,1.7842121976959306
ENSG00000172572.7,13308,256,0.6278158895331301
ENSG00000139155.9,4883,10,0.06683722431384151
ENSG00000121350.16,5723,336,1.9161109887301762
ENSG00000004700.16,3779,185,1.5977174059282957
ENSG00000111711.10,3789,392,3.376498738432286
ENSG00000134548.11,7242,311,1.4015448457182518
ENSG00000111716.14,2983,56,0.6126887467036987
ENSG00000121361.5,2511,103,1.338738157364487
ENSG00000069431.14,17483,2861,5.340808796284164
ENSG00000111726.13,1974,610,10.085276669601708
ENSG00000111728.11,14483,10,0.02253443114855265
ENSG00000111731.13,6759,622,3.0033992521649884
ENSG00000139163.16,13301,472,1.1581447297583518
ENSG00000134532.20,11289,21,0.06071121882198822
ENSG00000060982.15,11415,28,0.08005477579575704
ENSG00000118308.16,6611,26,0.1283545654883783
ENSG00000205707.11,2474,2084,27.491798327414433
ENSG00000133703.14,9230,433,1.5310568799404476
ENSG00000246695.9,11316,432,1.2459365840595515
ENSG00000123094.16,8077,1018,4.113417819961977
ENSG00000123095.6,3854,2372,20.086677387692934
ENSG00000123096.12,6780,3375,16.246103412170314
ENSG00000256894.1,826,23,0.9087677754798095
ENSG00000123104.12,13909,242,0.5678381785212891
ENSG00000064102.15,3059,543,5.7932928510688795
ENSG00000111790.14,5884,817,4.531630827449129
ENSG00000064115.11,5504,280,1.6602929972902738
ENSG00000152944.9,3632,675,6.0654505030019115
ENSG00000275764.1,1861,175,3.068999414658002
ENSG00000211455.8,6863,509,2.4205213268128283
ENSG00000029153.15,7001,10,0.04661707846371776
ENSG00000110841.14,11690,1344,3.7522337685210605
ENSG00000248100.2,2639,10,0.12367039269590303
ENSG00000061794.13,1930,1585,26.802610032347854
ENSG00000087448.11,7594,177,0.7606901690734051
ENSG00000123106.11,7535,1002,4.339998655038315
ENSG00000064763.12,13684,113,0.2695072843807889
ENSG00000257176.3,6167,31,0.16405628597468996
ENSG00000274315.1,503,13,0.8434910859281003
ENSG00000087502.19,5826,826,4.627161918709701
ENSG00000133687.16,14681,1336,2.9699965820415235
ENSG00000133704.10,6809,760,3.6428005053107784
ENSG00000110888.19,9225,289,1.022437095585659
ENSG00000013573.17,8367,327,1.2755077852050625
ENSG00000170456.16,11346,881,2.5341846688866028
ENSG00000139160.13,6868,240,1.140475828740203
ENSG00000151743.11,3137,187,1.945504402380595
ENSG00000276900.1,2088,50,0.7815281760643871
ENSG00000188375.5,1114,12,0.3515613999904718
ENSG00000255760.4,1982,26,0.42812917883131635
ENSG00000174718.12,6646,446,2.19017920825642
ENSG00000151746.15,12868,119,0.3018151522584246
ENSG00000276115.1,1796,10,0.18171835541452563
ENSG00000139132.16,11445,1034,2.948559335775628
ENSG00000087470.21,8061,2769,11.210866078061127
ENSG00000276148.1,413,19,1.501442411662294
ENSG00000257511.1,1005,65,2.110825951352411
ENSG00000139131.13,2147,152,2.310556929730889
ENSG00000274105.1,856,15,0.5719033288396403
ENSG00000057294.18,10288,238,0.7550072665749238
ENSG00000139133.7,4202,23,0.17863926286204726
ENSG00000175548.9,11258,123,0.35657344517598183
ENSG00000139117.14,5120,68,0.4334550646497107
ENSG00000139116.19,10117,726,2.3420167712916706
ENSG00000151229.13,10023,44,0.1432715885291577
ENSG00000188906.17,17100,381,0.7271667214598242
ENSG00000018236.15,7649,48,0.20480554299353415
ENSG00000151233.11,7492,180,0.784115188713399
ENSG00000015153.15,10839,752,2.2642988935881077
ENSG00000134283.18,12155,634,1.7023130353741296
ENSG00000139168.9,9545,1868,6.387134611777305
ENSG00000139174.12,8223,63,0.25004339630843664
ENSG00000129317.15,14014,154,0.3586441388181188
ENSG00000198001.16,7308,73,0.3260088963011444
ENSG00000151239.14,3885,199,1.6717340308513031
ENSG00000139173.10,3440,126,1.195410958048997
ENSG00000293316.1,3441,13,0.12330020814351483
ENSG00000177119.17,8816,3963,14.67092918720447
ENSG00000273015.3,9815,742,2.4672816649288856
ENSG00000189079.18,12406,353,0.9286414373089174
ENSG00000139218.18,14035,2199,5.113496257552898
ENSG00000111371.16,10015,1080,3.5194753832296266
ENSG00000134294.14,6509,5719,28.675497084187235
ENSG00000257261.7,5227,118,0.7367745863074342
ENSG00000272369.1,448,20,1.4569918139486073
ENSG00000139209.16,4145,560,4.409289581223482
ENSG00000139211.7,3964,24,0.1975980825375306
ENSG00000005175.10,5350,1061,6.4724206069211565
ENSG00000079337.16,12106,493,1.3290807863701686
ENSG00000211584.14,4912,460,3.0563606781202055
ENSG00000061273.18,9928,509,1.6732511951970628
ENSG00000111424.12,5674,28,0.16105485824965926
ENSG00000134291.12,3475,197,1.850190928515803
ENSG00000079387.15,9420,180,0.6236296171805504
ENSG00000152556.17,7246,26972,121.48424286646552
ENSG00000177981.11,4086,5173,41.318947097321995
ENSG00000274124.1,312,17,1.7782771883065056
ENSG00000177875.5,2283,12,0.17154594813376509
ENSG00000269514.3,7091,14,0.06443557084392657
ENSG00000167528.13,8502,1398,5.366500829471116
ENSG00000139620.13,3576,1019,9.299975488944444
ENSG00000129315.12,7371,636,2.816020645534858
ENSG00000174233.12,8462,378,1.4578871528085144
ENSG00000167535.8,7153,50,0.22813236846392287
ENSG00000174243.11,7376,928,4.1061253029978975
ENSG00000139537.11,2374,11,0.15122273924049573
ENSG00000134285.11,4957,47,0.30944542701736816
ENSG00000134287.10,4938,239,1.5796175324332251
ENSG00000181418.8,3815,857,7.331475872610388
ENSG00000257913.4,2244,11,0.1599834148649451
ENSG00000181929.13,4166,16,0.12534466301468578
ENSG00000167548.18,25436,1896,2.4327341223117998
ENSG00000139636.16,5462,244,1.4579521161328284
ENSG00000123416.15,3574,153,1.3971467109022573
ENSG00000167552.15,3823,485,4.140402580888745
ENSG00000167553.17,4454,94,0.6887835571284661
ENSG00000123352.18,6841,298,1.4216798357652016
ENSG00000187778.14,3261,594,5.944848291835201
ENSG00000110844.14,9444,184,0.6358680072395786
ENSG00000161791.14,13415,476,1.158034253972839
ENSG00000139644.13,6186,5373,28.347323175904858
ENSG00000167566.17,8090,305,1.2304286863902207
ENSG00000258057.6,5299,52,0.32026874219425133
ENSG00000186666.6,3694,42,0.3710714397842041
ENSG00000135472.9,6057,14,0.07543546852472896
ENSG00000161800.13,4487,62,0.4509628328976657
ENSG00000066117.15,4903,388,2.5827059460310293
ENSG00000167588.13,3822,10849,92.641196715185
ENSG00000178449.9,970,491,16.52018429539419
ENSG00000139624.14,6766,161,0.7766029083393818
ENSG00000050405.14,6291,1056,5.478344804302327
ENSG00000185958.10,8296,19,0.07474634956804814
ENSG00000161813.23,8102,1585,6.38472443377331
ENSG00000066084.13,10351,417,1.3147975206000533
ENSG00000123268.9,2830,690,7.957337624165962
ENSG00000185432.12,4076,1332,10.665351657120171
ENSG00000110911.17,9888,592,1.953972193204864
ENSG00000050426.16,6032,415,2.245390567384989
ENSG00000110925.7,5230,633,3.9500914585736315
ENSG00000135457.11,4177,710,5.547521620550312
ENSG00000293248.1,1287,12,0.3043041177850705
ENSG00000184271.18,6402,483,2.462275200479971
ENSG00000278126.1,898,25,0.9085917770726283
ENSG00000183283.16,5299,1528,9.410973809092615
ENSG00000170545.17,3083,40,0.423439722769365
ENSG00000110934.13,3986,14,0.1146293609769903
ENSG00000139629.16,7347,12,0.05330602961608625
ENSG00000196876.19,19016,22,0.03775797044141112
ENSG00000139567.13,5563,282,1.6544177404908438
ENSG00000135503.13,5658,435,2.509177842897708
ENSG00000161835.11,2823,137,1.5838528085885535
ENSG00000123358.20,7295,1959,8.764240162161373
ENSG00000123395.15,3195,57,0.582249498607068
ENSG00000290965.1,1393,38,0.8903025355585461
ENSG00000287051.1,1643,12,0.2383684720568385
ENSG00000063046.18,6028,12650,68.4892502323287
ENSG00000257337.9,7762,84,0.35319193469797733
ENSG00000111077.18,7964,1317,5.397089917746745
ENSG00000167778.9,3463,234,2.205304155932146
ENSG00000167779.9,1346,63,1.5275682376257613
ENSG00000258016.1,275,12,1.4241432712341298
ENSG00000139631.20,4405,290,2.1486081324427135
ENSG00000139651.11,9060,370,1.3328419596033176
ENSG00000172819.17,5127,127,0.8084357933140235
ENSG00000182544.9,2583,157,1.9837200198584835
ENSG00000123349.15,4078,32,0.2560990025106331
ENSG00000288663.1,5699,10,0.057267269051498176
ENSG00000094914.14,4727,520,3.5902349585092828
ENSG00000185591.10,8083,1418,5.725438869827095
ENSG00000135409.11,3656,60,0.5356118703355931
ENSG00000205352.11,2824,85,0.9823344241353218
ENSG00000197111.16,7926,2872,11.825935272318063
ENSG00000139625.13,7971,60,0.24566516095181637
ENSG00000270175.2,1425,31,0.709989554811167
ENSG00000139546.12,4090,106,0.8458389640683553
ENSG00000139574.9,670,11,0.535825049189458
ENSG00000170653.19,7985,511,2.088579974850512
ENSG00000135390.21,3904,6805,56.88836480118189
ENSG00000012822.16,8898,4184,15.346325465291729
ENSG00000228630.7,3113,10,0.10483975789414972
ENSG00000123388.4,3265,32,0.31986883070087646
ENSG00000251151.2,3109,48,0.5038782883105638
ENSG00000180818.5,2371,1749,24.07483867151116
ENSG00000197757.8,3458,243,2.293434887705338
ENSG00000250133.2,2216,43,0.6332917487343406
ENSG00000180806.5,1666,373,7.306997601382596
ENSG00000250451.5,592,68,3.7488005591326337
ENSG00000037965.6,2417,430,5.806266095139838
ENSG00000198353.8,2767,123,1.45077840469505
ENSG00000260597.1,2680,32,0.38969094486506034
ENSG00000123415.16,6027,230,1.2454657085553715
ENSG00000250742.6,4346,22,0.1652106686410202
ENSG00000094916.16,15038,680,1.4757879578444733
ENSG00000135486.19,6697,3208,15.633607011631442
ENSG00000123405.14,2363,10,0.13811517830067205
ENSG00000111481.10,3898,1390,11.637993103926075
ENSG00000161642.18,3189,147,1.504416006575721
ENSG00000161638.11,7383,430,1.9008187934380316
ENSG00000123338.13,10560,19,0.05872118522883781
ENSG00000123360.12,7367,23,0.10189251833125051
ENSG00000135447.17,3984,9293,76.1275297101774
ENSG00000135426.16,5044,32,0.2070522863279861
ENSG00000179899.8,3061,17,0.1812553030877588
ENSG00000170439.8,1316,25,0.6199965165738756
ENSG00000135424.19,9080,4834,17.375044581636292
ENSG00000289965.1,392,311,25.892825950743823
ENSG00000258311.5,3510,88,0.8182399611554118
ENSG00000135441.8,1655,252,4.9694425325541385
ENSG00000135437.10,2983,84,0.919033120055548
ENSG00000135404.12,2422,2244,30.238054386133406
ENSG00000258056.3,1458,138,3.089062479614496
ENSG00000135414.10,8801,63,0.23362195748713496
ENSG00000123353.10,2688,15,0.18212397674357592
ENSG00000135392.19,4190,67,0.5218742993732863
ENSG00000293491.1,4051,54,0.4350474693044274
ENSG00000182796.17,1054,20,0.6192906381868843
ENSG00000170473.17,2406,238,3.2283934989704135
ENSG00000065357.20,10098,18,0.05817578722361641
ENSG00000123374.11,3887,102,0.8564278097529658
ENSG00000111540.16,6525,4810,24.05856337196609
ENSG00000237493.3,604,16,0.8645461359589088
ENSG00000139531.13,5008,874,5.695767359576728
ENSG00000123411.15,6813,709,3.3963542040813453
ENSG00000197728.11,2053,1800,28.614666311937583
ENSG00000065361.17,11711,16,0.04458934899830765
ENSG00000170515.14,3580,1024,9.33516632168368
ENSG00000229117.9,1108,1439,42.38636401994028
ENSG00000139641.13,5285,1216,7.509200723757379
ENSG00000135482.7,8363,87,0.33951759500454937
ENSG00000196465.11,3259,2141,21.440624795972045
ENSG00000092841.19,4424,1332,9.826395423693898
ENSG00000139613.12,9179,1225,4.355578535216231
ENSG00000181852.18,6533,879,4.391181083716899
ENSG00000139579.13,2201,452,6.702294737785942
ENSG00000139645.11,11096,1827,5.373747169023429
ENSG00000135469.14,3211,4381,44.52850123536538
ENSG00000258260.1,542,14,0.84301223773853
ENSG00000062485.19,6401,16383,83.53158729720494
ENSG00000257303.4,3827,19,0.1620318045509609
ENSG00000257727.6,3019,87,0.9405053484673885
ENSG00000135473.16,7282,746,3.3434380675373263
ENSG00000170581.15,9310,802,2.8114464596373727
ENSG00000111602.12,5851,41,0.2286961685063068
ENSG00000176422.14,10769,355,1.0758658096870022
ENSG00000076067.14,8911,700,2.5637562162175027
ENSG00000076108.12,10936,1340,3.999000209169843
ENSG00000110955.9,2238,35711,520.7713210730024
ENSG00000207031.1,75,17,7.397633103355063
ENSG00000110958.16,3399,3089,29.660049655085132
ENSG00000196531.14,11267,9914,28.717441847350447
ENSG00000198056.16,3309,47,0.46356028459507215
ENSG00000170426.2,1789,15,0.2736440746152779
ENSG00000166860.3,6268,141,0.7341676683432167
ENSG00000166881.10,5730,152,0.8657531811749072
ENSG00000166886.13,2861,61,0.6958523644108273
ENSG00000166888.12,7298,343,1.5338941497574596
ENSG00000123384.14,20859,848,1.3268062181464397
ENSG00000182199.11,4592,468,3.326205702087553
ENSG00000185633.11,2803,263,3.0622298160306944
ENSG00000185482.8,2091,21474,335.1691561765689
ENSG00000179912.21,5941,694,3.81245782577335
ENSG00000139269.3,3046,15,0.1607187293127814
ENSG00000111087.10,4560,11,0.07872868047301247
ENSG00000166986.15,7028,822,3.817202457580097
ENSG00000175197.13,1307,166,4.14512498927812
ENSG00000166987.15,5566,512,3.0021465533262286
ENSG00000175203.17,9995,1246,4.068556710758501
ENSG00000166908.18,3299,193,1.9093261624924582
ENSG00000178498.16,4087,204,1.629035917058859
ENSG00000240771.8,3391,40,0.3849792584187415
ENSG00000224713.4,2600,13,0.16318308316224403
ENSG00000135454.14,7888,135,0.5585627846577826
ENSG00000135506.17,8692,578,2.17026741987522
ENSG00000135439.12,7224,325,1.4682863241342556
ENSG00000135452.10,5251,295,1.8335177883398204
ENSG00000135446.17,3094,174,1.835414122186843
ENSG00000139266.6,4004,162,1.3204625111030737
ENSG00000037897.17,1947,38,0.6369755685840034
ENSG00000123427.17,3158,45,0.4650562851362243
ENSG00000123297.20,3210,128,1.3013977971817594
ENSG00000135407.11,5919,512,2.8231031788838976
ENSG00000270039.1,578,108,6.09819134308732
ENSG00000269903.1,433,16,1.2059719771805564
ENSG00000175215.11,5432,3446,20.704304292234642
ENSG00000257698.3,4058,63,0.5066798540769529
ENSG00000139263.12,5875,72,0.39997215277213855
ENSG00000118596.12,13703,135,0.32153128843177325
ENSG00000198673.11,9172,10,0.03558287901488095
ENSG00000135655.16,19418,2767,4.650608621999477
ENSG00000061987.16,16014,549,1.118864901412164
ENSG00000257354.2,8693,97,0.36417253115696935
ENSG00000275180.2,1043,11,0.344202092959671
ENSG00000111110.12,7164,57,0.2596715728712426
ENSG00000139239.7,645,307,15.534017528932997
ENSG00000166148.4,6222,134,0.7028779538328735
ENSG00000177990.12,5611,46,0.26756092765864287
ENSG00000118600.13,10352,81,0.2553676533257683
ENSG00000196935.10,27326,53,0.06330017864011515
ENSG00000174206.13,6002,122,0.6633900748348475
ENSG00000293269.1,2337,10,0.13965176137119725
ENSG00000256293.2,620,15,0.7895955636882777
ENSG00000184575.12,7320,759,3.384042626233421
ENSG00000183735.11,14716,436,0.966945151654504
ENSG00000153179.14,4241,794,6.11022721201706
ENSG00000135677.11,6268,1153,6.0035129191470125
ENSG00000174106.3,5578,296,1.7318821303701768
ENSG00000174099.12,7405,3987,17.57220668650552
ENSG00000139233.7,7975,226,0.9248746531577969
ENSG00000155957.19,4067,177,1.4203789387616028
ENSG00000090376.11,9688,202,0.6804909743759969
ENSG00000225422.4,1156,13,0.36702077527840354
ENSG00000155974.14,7135,16,0.07318652643576466
ENSG00000237766.2,1125,28,0.8122891250742814
ENSG00000111530.13,13580,700,1.682299826414887
ENSG00000127334.11,9470,1370,4.7214535149371555
ENSG00000255970.1,3135,16,0.16656646447182805
ENSG00000255772.5,715,52,2.37357211872355
ENSG00000255733.6,4538,14,0.10068590411068383
ENSG00000111554.15,6551,123,0.6127772623708141
ENSG00000127314.18,16926,595,1.1472756053590358
ENSG00000247363.3,2862,10,0.11403429990373448
ENSG00000111581.10,8103,380,1.5305336690522704
ENSG00000175782.11,23252,365,0.5123157178240072
ENSG00000135679.27,8306,854,3.3556068630040072
ENSG00000135678.12,7535,162,0.7016764292576917
ENSG00000111605.18,8050,816,3.3082582822457423
ENSG00000090382.7,1724,27,0.5111303068886994
ENSG00000127337.7,1781,245,4.489596336299807
ENSG00000166225.9,7246,455,2.049359725057163
ENSG00000166226.13,4230,1199,9.250899135296955
ENSG00000127325.19,6863,1712,8.141321240674975
ENSG00000279551.1,1396,55,1.2858265865219802
ENSG00000127328.22,12433,157,0.41212489433720445
ENSG00000257815.9,10030,30,0.0976169989006445
ENSG00000111596.14,13985,1287,3.0034555313522784
ENSG00000135643.5,4860,75,0.5036514912414939
ENSG00000258168.6,6368,60,0.30750580997910304
ENSG00000127329.16,14538,1634,3.668195871331775
ENSG00000153233.13,5037,45,0.29157191750252065
ENSG00000127324.9,2419,341,4.600697094528749
ENSG00000139292.13,5223,1095,6.842254492156126
ENSG00000288530.1,527,15,0.9289359572803264
ENSG00000133858.17,9432,517,1.7889239608753216
ENSG00000173451.7,5240,193,1.2020738568821792
ENSG00000139291.14,6494,686,3.447600709864472
ENSG00000080371.6,16048,2458,4.998803818703837
ENSG00000121749.16,8227,691,2.741206040236067
ENSG00000072657.10,12264,23,0.061206962047156116
ENSG00000236333.4,18092,28,0.05050990856226877
ENSG00000253719.4,7596,948,4.0731322495473234
ENSG00000180881.21,7920,211,0.8694856198796337
ENSG00000273987.1,689,10,0.4736809380616663
ENSG00000180481.11,3771,43,0.3721491687073187
ENSG00000139278.10,6210,38,0.1997087652227141
ENSG00000257497.2,1482,19,0.4184181619544719
ENSG00000111615.14,10747,1491,4.527886424023557
ENSG00000139289.15,5913,14,0.0772725575603388
ENSG00000187109.15,17059,3909,7.478547067016963
ENSG00000179941.9,3568,216,1.9757593028612506
ENSG00000091039.17,9198,337,1.1957534034719772
ENSG00000186908.15,8285,769,3.029276788214017
ENSG00000175183.10,5842,96,0.53630866085503
ENSG00000067798.16,13278,34,0.08357018869583215
ENSG00000177425.11,11530,104,0.29438058367516706
ENSG00000058272.19,11864,1511,4.156602135167747
ENSG00000165899.12,12279,36,0.09568516970178004
ENSG00000230291.5,435,42,3.1511216058916087
ENSG00000139304.16,12412,66,0.1735430790961667
ENSG00000111046.4,1329,5311,130.42368016172733
ENSG00000111049.4,1540,38,0.8053191117097757
ENSG00000111052.8,6804,84,0.4029211929931951
ENSG00000111058.8,18465,240,0.4241964793819504
ENSG00000133773.12,3518,442,4.1004504126044266
ENSG00000127720.8,3644,86,0.7702384825440717
ENSG00000179104.9,8323,80,0.3137005083018028
ENSG00000198774.5,5515,58,0.3432318702959258
ENSG00000133641.18,6395,203,1.036002060420189
ENSG00000198707.17,25131,197,0.2558359586404208
ENSG00000139324.12,7327,210,0.9354018688159205
ENSG00000049130.16,6205,436,2.2932417166394328
ENSG00000139318.8,3859,182,1.5392236919164766
ENSG00000139323.14,8769,181,0.673648946342027
ENSG00000270344.4,8158,74,0.29604187678367394
ENSG00000258302.2,1711,10,0.19074585992079957
ENSG00000070961.17,9523,1004,3.440844597183514
ENSG00000271614.1,3632,28,0.2516038727171163
ENSG00000139329.5,2671,448,5.474056252840533
ENSG00000011465.18,12941,4632,11.68169447813174
ENSG00000133639.6,4855,304,2.0435698159144047
ENSG00000102189.17,10150,1086,3.491957208161517
ENSG00000257322.7,2939,13,0.14436067241300934
ENSG00000256393.1,78,13,5.439436105408134
ENSG00000258171.2,2720,23,0.2759713906420303
ENSG00000293091.1,1133,13,0.3744713294102688
ENSG00000257252.7,3236,75,0.7564110776989061
ENSG00000173598.14,10078,2508,8.121912533655646
ENSG00000177889.10,5954,1244,6.818937032375935
ENSG00000198015.14,16368,772,1.5393125635539149
ENSG00000246985.8,4441,26,0.19107228832327608
ENSG00000120833.14,6477,52,0.26202008103865027
ENSG00000169372.13,4276,245,1.8699651718779136
ENSG00000136040.9,10033,112,0.3643278244626998
ENSG00000173588.16,6919,166,0.7830146496584047
ENSG00000213250.5,1226,22,0.5856489118383962
ENSG00000236349.1,1296,13,0.32737346930697103
ENSG00000057704.13,6512,381,1.9094826377400178
ENSG00000184752.14,8223,2826,11.21623234869273
ENSG00000120798.17,6454,1027,5.193338283471479
ENSG00000180263.14,10044,169,0.5491425936762094
ENSG00000028203.19,8766,2202,8.198246614721912
ENSG00000289510.2,1211,12,0.3234016511885926
ENSG00000111142.14,4491,2237,16.256537832729457
ENSG00000136014.12,5372,12,0.07290383462200031
ENSG00000074527.13,4365,375,2.8038330440248114
ENSG00000139343.11,2417,183,2.4710388265362564
ENSG00000139344.8,2652,22,0.2707411636175994
ENSG00000111144.10,7405,886,3.904934819223449
ENSG00000111145.8,4644,379,2.663496490891063
ENSG00000059758.8,6467,364,1.8369767209233596
ENSG00000139350.12,4465,2075,15.167072679133543
ENSG00000245017.4,1922,10,0.1698054975673715
ENSG00000120802.14,8498,371,1.4248275795055905
ENSG00000075415.15,8896,16478,60.45258193227197
ENSG00000166130.15,4163,53,0.4155034065625238
ENSG00000120868.14,7759,178,0.7487199072787586
ENSG00000185046.21,11333,185,0.5327604409250003
ENSG00000111647.13,6646,847,4.159376209401767
ENSG00000280088.1,1750,86,1.603856588794627
ENSG00000290571.1,10714,32,0.0974772944034312
ENSG00000075089.10,3813,295,2.524993943501809
ENSG00000136021.19,7472,961,4.197509178771855
ENSG00000139354.11,7425,10,0.04395503923562129
ENSG00000120800.5,10030,382,1.24298978600154
ENSG00000120805.14,4935,1399,9.25200135132642
ENSG00000196091.15,7455,321023,1405.379554822081
ENSG00000257514.5,699,16,0.7470470187684991
ENSG00000111666.11,5991,313,1.705101152721829
ENSG00000111670.16,9774,1144,3.8199600396481928
ENSG00000136048.14,3940,83,0.687522634642957
ENSG00000120860.11,2654,463,5.693577053814543
ENSG00000075188.9,3488,176,1.6468017566831967
ENSG00000281344.1,205012,15,0.0023879053396227154
ENSG00000017427.17,8115,38,0.1528270402998219
ENSG00000111696.12,8759,380,1.4159052768958265
ENSG00000166598.16,13092,1925,4.798769249729907
ENSG00000204954.10,4435,489,3.598490537377107
ENSG00000139372.15,4885,263,1.757099319208605
ENSG00000120820.13,3268,58,0.5792300381523963
ENSG00000111727.12,6699,713,3.4736389996918944
ENSG00000120837.8,4899,947,6.308813217172693
ENSG00000198431.18,6710,1653,8.039989164446778
ENSG00000213442.5,528,384,23.735721187235495
ENSG00000255150.2,1467,10,0.2224718243520709
ENSG00000171310.11,6492,16,0.08043528436832731
ENSG00000151131.11,25882,104,0.1311416478546741
ENSG00000136010.14,9493,87,0.29910309143822245
ENSG00000136051.15,7694,798,3.3849779143090912
ENSG00000136044.12,5088,319,2.0462029688976355
ENSG00000235162.9,2693,179,2.169310945862732
ENSG00000074590.14,5924,773,4.258626714531216
ENSG00000136026.14,3666,216,1.922943042173743
ENSG00000277715.1,2028,18,0.2896741121223267
ENSG00000166046.11,6616,435,2.145847677617175
ENSG00000290003.1,283,28,3.2290645431398115
ENSG00000013503.10,4768,289,1.9781841876631094
ENSG00000111785.21,7769,496,2.083635197540817
ENSG00000260329.2,1476,84,1.8573684262369239
ENSG00000151135.10,4768,329,2.251981307062848
ENSG00000120832.11,7794,312,1.3064696419456028
ENSG00000008405.12,4782,230,1.5697243466046058
ENSG00000151136.15,7916,16,0.06596587495189248
ENSG00000136045.12,2804,418,4.865230296848646
ENSG00000110851.12,4772,368,2.516822070566044
ENSG00000174600.14,5666,66,0.3801653190507626
ENSG00000198855.7,4175,61,0.47684637474955144
ENSG00000075856.12,7637,468,1.9999916962139639
ENSG00000287202.1,2388,11,0.1503361737675615
ENSG00000136003.16,4423,4387,32.3709783329308
ENSG00000183160.9,3184,10,0.10250193665970102
ENSG00000110876.10,2811,13,0.1509341928928618
ENSG00000110880.11,6462,630,3.1818428471746745
ENSG00000084112.15,14538,1235,2.772473623680993
ENSG00000135093.13,5142,419,2.6594209196802896
ENSG00000189046.11,2290,38,0.541568310931465
ENSG00000076248.12,5271,709,4.389937619504118
ENSG00000256139.2,910,10,0.35864413881811874
ENSG00000076555.16,14513,4888,10.99206105556465
ENSG00000110906.13,9681,465,1.567609413706094
ENSG00000151148.14,12453,1453,3.807998391307164
ENSG00000139428.12,6018,401,2.1746898088421354
ENSG00000110921.14,9018,118,0.42704821053769787
ENSG00000139438.6,4113,30,0.23804972014915246
ENSG00000255650.6,1068,47,1.4362556008661926
ENSG00000139433.11,2746,475,5.645445338824903
ENSG00000139437.18,9054,274,0.9876775963431603
ENSG00000139436.22,13524,331,0.7987814334028805
ENSG00000076513.17,7350,356,1.58076673757167
ENSG00000174456.16,5333,93,0.5691365735641738
ENSG00000122970.16,7001,251,1.1700886694393158
ENSG00000289311.2,1430,51,1.1639632505278945
ENSG00000174437.18,13745,91089,216.28495979869984
ENSG00000196510.14,6009,492,2.6721942724521237
ENSG00000111229.16,3027,383,4.129443069120546
ENSG00000111231.9,2593,562,7.073574449454774
ENSG00000204856.12,2702,78,0.9421377118175452
ENSG00000111237.19,3219,1357,13.758275480035115
ENSG00000151164.19,4648,28,0.1966061242918603
ENSG00000196850.6,5685,4784,27.464129106356218
ENSG00000204852.17,12558,175,0.45480234995051294
ENSG00000122986.14,3646,46,0.411762031018279
ENSG00000186298.12,6906,5220,24.6688587925547
ENSG00000173093.13,2184,19,0.2839266098976773
ENSG00000111245.17,1417,116455,2682.2139660775056
ENSG00000185847.9,6136,1585,8.430416780057262
ENSG00000198324.14,3361,66,0.640885658358114
ENSG00000111252.11,5707,545,3.1166910924626947
ENSG00000204842.18,16540,974,1.9218902418382793
ENSG00000089234.16,4656,501,3.5118008876410762
ENSG00000111271.15,8934,376,1.3735580763152846
ENSG00000111275.13,9723,2067,6.938176136919847
ENSG00000234608.9,3145,236,2.4490434102568894
ENSG00000089022.15,13955,516,1.2067713495050938
ENSG00000198270.13,7989,109,0.44528617010100385
ENSG00000089248.7,3049,259,2.7723462472299905
ENSG00000111300.10,9902,1016,3.3486974852118756
ENSG00000135148.12,3898,170,1.4233516745808867
ENSG00000173064.14,21746,1444,2.167169797537758
ENSG00000089009.16,4442,7941,58.34474846426744
ENSG00000179295.19,13456,3967,9.621689817250626
ENSG00000089127.15,13021,36,0.09023256268859205
ENSG00000111331.14,18045,311,0.5624820045825203
ENSG00000111335.14,11233,160,0.4648676810461861
ENSG00000123064.13,5065,516,3.3248754555466107
ENSG00000139405.16,2309,475,6.713899047385527
ENSG00000186815.13,8728,1380,5.160234985423849
ENSG00000089060.12,6768,223,1.0753495137464664
ENSG00000151176.8,5264,571,3.5401801096368293
ENSG00000122965.11,5866,388,2.1587124536976026
ENSG00000089225.20,4443,10,0.07345626070773983
ENSG00000135111.16,5960,360,1.9713392596781159
ENSG00000123066.9,32862,2076,2.0617617956595375
ENSG00000258102.5,1925,53,0.8985665878024867
ENSG00000111412.6,8678,131,0.49267075119276255
ENSG00000174989.13,5209,210,1.3157399679044441
ENSG00000088992.18,1926,48,0.8133736232385995
ENSG00000135108.16,6885,1242,5.887389667029981
ENSG00000089250.20,13113,4552,11.329358568665215
ENSG00000111445.14,3249,119,1.1953700767194237
ENSG00000176871.9,4623,2933,20.70586125523953
ENSG00000176834.14,8361,987,3.8526899433353634
ENSG00000089220.5,1514,5359,115.52155121089376
ENSG00000135090.14,10532,704,2.181558878583741
ENSG00000240342.3,879,1989,73.85009156079713
ENSG00000111707.12,5558,444,2.607171245917105
ENSG00000275759.1,590,39,2.1573356757042434
ENSG00000139767.10,12227,10,0.026692252091640473
ENSG00000152137.8,3581,9651,87.95755015910736
ENSG00000213144.2,545,390,23.354643094779878
ENSG00000248636.7,1469,41,0.9108926357592927
ENSG00000224982.4,2840,1741,20.007165337004707
ENSG00000111725.11,6042,244,1.317996434676847
ENSG00000122966.18,28605,74,0.08442963226013674
ENSG00000111737.12,4018,288,2.339309504764872
ENSG00000277283.2,2097,19,0.2957061115958643
ENSG00000089154.11,9660,2021,6.828012651571329
ENSG00000089157.16,3988,11363,92.99144302771208
ENSG00000255857.8,4685,42,0.29258012776154746
ENSG00000089159.17,7460,1745,7.634168367777905
ENSG00000286067.1,2350,96,1.3332405092404618
ENSG00000089163.4,1222,83,2.2167260069502874
ENSG00000111775.3,1339,46,1.1211981815479053
ENSG00000170855.4,1411,393,9.090141981964834
ENSG00000257218.6,4416,198,1.4633265609657753
ENSG00000111786.10,3957,187,1.5423420041111768
ENSG00000088986.11,2931,538,5.99061745078726
ENSG00000248008.5,4164,293,2.2964766266348464
ENSG00000110871.15,2501,924,12.057670439177409
ENSG00000022840.17,5900,5733,31.71283443285237
ENSG00000289401.1,700,15,0.6993560706953316
ENSG00000167272.11,2177,108,1.6190880093268125
ENSG00000157782.10,5784,35,0.197489900092619
ENSG00000110917.8,6438,3714,18.827647432885193
ENSG00000175970.11,5172,212,1.33777314889388
ENSG00000122971.9,2609,1260,15.761646974659062
ENSG00000255946.3,3143,22,0.22844593252111797
ENSG00000157837.16,6659,320,1.5683612137533591
ENSG00000157895.11,6140,97,0.5155947578741913
ENSG00000135124.16,7951,26,0.10672268047335794
ENSG00000110931.19,7173,274,1.2466796259990203
ENSG00000089053.13,12259,2562,6.82070412042857
ENSG00000170633.17,4677,1296,9.043629496611858
ENSG00000089094.20,13632,243,0.5817706750062398
ENSG00000276045.4,2844,717,8.228007779699647
ENSG00000188735.13,8449,435,1.6803087034104902
ENSG00000212694.8,4132,132,1.0426024674451215
ENSG00000272849.1,572,69,3.936934523844349
ENSG00000139718.12,8557,412,1.571378526652905
ENSG00000110801.14,8773,96,0.35713156237491006
ENSG00000158023.10,15385,21,0.04454786800659245
ENSG00000110987.9,6565,317,1.5759036515592189
ENSG00000175727.15,13868,6141,14.452081247466696
ENSG00000139719.11,7466,159,0.6950471530350066
ENSG00000130779.22,18596,10195,17.892574024941684
ENSG00000033030.16,8981,797,2.896268061024574
ENSG00000111011.18,8745,1652,6.165316258068088
ENSG00000184445.12,11325,114,0.32852753166438536
ENSG00000139726.11,3526,1262,11.681057909855474
ENSG00000130783.14,4280,27,0.2058851983822705
ENSG00000130787.14,7072,133,0.613782524337626
ENSG00000139722.7,5634,143,0.8283699287256264
ENSG00000280138.1,18662,43,0.07519957749412168
ENSG00000150967.19,13282,33,0.08108781425017396
ENSG00000090975.14,9499,273,0.9379720329148883
ENSG00000051825.15,10304,439,1.3904769702683448
ENSG00000280120.1,1054,55,1.7030492550139318
ENSG00000130921.9,8318,213,0.8357296637066116
ENSG00000111328.7,6027,1129,6.113612108517454
ENSG00000139697.14,11128,1113,3.264248230761639
ENSG00000183955.14,4215,514,3.9798863461633895
ENSG00000150977.11,1752,32,0.596102586894042
ENSG00000184209.15,4693,499,3.4702049221376425
ENSG00000188026.13,8671,1457,5.483975370023978
ENSG00000278112.1,467,15,1.0482853308067068
ENSG00000247373.3,8279,32,0.1261470868750286
ENSG00000086598.11,3833,2198,18.715179587300412
ENSG00000111364.16,5716,145,0.8279057753157937
ENSG00000111361.13,3627,727,6.541720510557012
ENSG00000111358.14,3994,317,2.590337374182842
ENSG00000168778.13,5105,20,0.1278613776001912
ENSG00000185344.15,17214,287,0.5441332039916816
ENSG00000119242.9,8219,142,0.5638641637434884
ENSG00000179195.16,6340,2426,12.488396206675207
ENSG00000178882.15,3306,75,0.7403951141662615
ENSG00000196498.15,13998,1842,4.294659796897464
ENSG00000073060.17,14887,218,0.47791915267507484
ENSG00000150991.16,3898,14722,123.2622550187048
ENSG00000150990.9,6908,233,1.100800763659608
ENSG00000184992.13,6703,87,0.4235992312431816
ENSG00000081760.17,16039,169,0.3438860409554117
ENSG00000279233.1,3467,11,0.10354853849349203
ENSG00000181234.10,5176,31,0.1954665988419461
ENSG00000139370.12,5468,512,3.055952398649193
ENSG00000151948.12,3478,79,0.7413147538710337
ENSG00000250208.7,11503,42,0.11916351374101103
ENSG00000111450.15,4656,153,1.0724661393394903
ENSG00000132341.12,4667,2097,14.66444934181383
ENSG00000111452.13,14718,122,0.27053045448829693
ENSG00000061936.10,10158,785,2.5221248332813855
ENSG00000177169.10,7620,1415,6.060474085946858
ENSG00000279283.1,1740,29,0.5439436105408134
ENSG00000177192.14,5732,68,0.38717549389506606
ENSG00000183495.15,18041,728,1.316970063101975
ENSG00000291171.1,12659,121,0.31195438917183865
ENSG00000185163.10,6349,182,0.9355590214373418
ENSG00000184967.7,2020,156,2.5204515815158484
ENSG00000256576.3,1517,16,0.3442227199203566
ENSG00000112787.14,9393,757,2.630247928325747
ENSG00000280287.1,4219,37,0.2862182544206224
ENSG00000279700.1,1355,26,0.626237662320051
ENSG00000177084.19,12364,489,1.2907882184784427
ENSG00000176894.10,1421,85,1.9522254846996119
ENSG00000247077.8,3952,408,3.3693673041596948
ENSG00000176915.15,17461,868,1.6223918009830802
ENSG00000090615.16,14822,881,1.9398771591679531
ENSG00000072609.18,17113,110,0.2097836632717448
ENSG00000250790.4,3263,14,0.14002838886125754
ENSG00000196458.11,10826,464,1.3987982742893261
ENSG00000198393.8,20862,110,0.17208454748199448
ENSG00000198040.11,9520,447,1.532412566670653
ENSG00000196387.10,4450,14,0.10267699614702996
ENSG00000214029.6,17434,145,0.2714414025298312
ENSG00000256223.6,5541,173,1.0189739536931317
ENSG00000090612.22,14096,104,0.2407922907047869
ENSG00000279730.2,1180,23,0.6361374428358666
ENSG00000196199.14,4909,1215,8.077712203794112
ENSG00000121390.19,4817,376,2.5475125293337664
ENSG00000132950.19,3726,286,2.5051187216533437
ENSG00000275964.2,2492,12,0.15715866757198463
ENSG00000121741.17,13611,1280,3.069199124938246
ENSG00000165475.15,4327,103,0.7768827162334705
ENSG00000032742.18,6049,233,1.2571221152852656
ENSG00000278291.1,4412,12,0.08876686300756702
ENSG00000172458.5,3624,1456,13.11228306204345
ENSG00000150456.11,1342,73,1.7753152117501958
ENSG00000132953.18,10497,4444,13.817007174869248
ENSG00000150457.9,5613,514,2.988637261549739
ENSG00000150459.13,3804,2450,21.01990293099358
ENSG00000173141.5,2233,589,8.608583607932086
ENSG00000291046.1,8251,19,0.07515400751624378
ENSG00000224429.10,5319,16,0.09817369169377343
ENSG00000180776.17,6579,338,1.6767254023054714
ENSG00000165487.14,3612,1415,12.785385530153672
ENSG00000226525.5,603,26,1.4072173009016071
ENSG00000102678.7,4849,46,0.309607004556124
ENSG00000232187.1,552,111,6.5627979097859015
ENSG00000102683.8,1594,2291,46.90745840962372
ENSG00000235205.1,3665,95,0.8459695989311423
ENSG00000151835.17,26912,1074,1.302457129282477
ENSG00000229558.2,2234,11,0.16069954474348117
ENSG00000232977.7,5207,64,0.4011414373875022
ENSG00000127863.16,5113,77,0.49149608462713823
ENSG00000027001.10,3388,307,2.9573321446758514
ENSG00000182957.16,9944,150,0.492306164005161
ENSG00000240654.6,1891,120,2.071070330985646
ENSG00000102699.6,6043,394,2.127887961804539
ENSG00000151849.16,5816,100,0.5611522804753921
ENSG00000139505.13,5253,819,5.088404534927769
ENSG00000139496.18,13395,1031,2.512008342519949
ENSG00000132932.19,24302,15,0.02014440167421332
ENSG00000180730.5,3845,200,1.6976133488920053
ENSG00000127870.17,4442,693,5.09166486408983
ENSG00000132964.13,4741,344,2.36806499083788
ENSG00000132970.14,5182,199,1.2533166171087056
ENSG00000152484.14,5096,674,4.316538385060929
ENSG00000122026.11,2196,3919,58.243579500258136
ENSG00000122035.7,2623,21,0.2612920126883053
ENSG00000122034.17,2926,3244,36.18359000535336
ENSG00000122033.15,1603,1013,20.624387179457667
ENSG00000139517.9,4815,376,2.548570686147612
ENSG00000186184.20,12363,1201,3.170474526860068
ENSG00000261485.1,1351,32,0.7730360712349089
ENSG00000152520.14,6352,395,2.0295125267344583
ENSG00000102755.13,12575,1321,3.4284668446492943
ENSG00000132963.9,4921,1736,11.513344132072977
ENSG00000139508.15,3776,332,2.8695330301835287
ENSG00000139514.13,7688,59,0.250463108911873
ENSG00000122042.10,4317,1679,12.693277583016341
ENSG00000102781.14,8172,336,1.3418873211579538
ENSG00000189403.15,7696,3631,15.39807107489886
ENSG00000213411.2,1814,42,0.7556438250070837
ENSG00000232489.1,1255,16,0.41608435547345096
ENSG00000132952.12,5125,383,2.4389900819956862
ENSG00000132965.10,1680,16,0.31082492030903625
ENSG00000102802.10,2294,33,0.46948925408492176
ENSG00000120694.20,8391,895,3.4810835283091026
ENSG00000187676.8,4527,127,0.9155843411356304
ENSG00000073910.23,18852,1893,3.2771650374085293
ENSG00000139618.18,14426,10,0.022623469175411623
ENSG00000139597.18,6053,255,1.3749111583139677
ENSG00000244754.9,21002,4268,6.632372144904843
ENSG00000281026.1,4890,53,0.35373020071979283
ENSG00000083642.19,13187,504,1.2473538168464546
ENSG00000133116.8,5064,39,0.251348350842319
ENSG00000133121.21,8386,223,0.867870916889588
ENSG00000230490.4,7398,16,0.07058473453895389
ENSG00000133119.13,2858,77,0.8792930303353946
ENSG00000172915.20,37700,362,0.3133807750914182
ENSG00000180660.9,3961,98,0.8074699394041867
ENSG00000287650.1,2345,43,0.5984539510427712
ENSG00000133083.15,14374,57,0.12942028301444147
ENSG00000242715.8,8837,10,0.036931782994736685
ENSG00000133104.14,6534,952,4.755136062762666
ENSG00000133111.4,2308,73,1.0322673371615092
ENSG00000120693.15,5956,115,0.6301562983095387
ENSG00000120697.10,13831,110,0.2595638659221581
ENSG00000120699.14,13092,440,1.0968615427954074
ENSG00000102710.21,10870,324,0.9727933568457602
ENSG00000133110.15,5464,38,0.2269750058625649
ENSG00000133107.15,8155,12,0.04802445120654637
ENSG00000120686.12,4382,812,6.047679759367512
ENSG00000150893.11,16275,676,1.3555977169607003
ENSG00000120685.20,7329,527,2.346772679124099
ENSG00000188811.14,6409,378,1.92489328866682
ENSG00000183722.9,4564,552,3.9472857977896014
ENSG00000133103.17,8047,437,1.7723625535454366
ENSG00000150907.10,5957,763,4.180248193815418
ENSG00000102738.8,2148,535,8.128766246908805
ENSG00000102743.16,4186,164,1.2786443210037277
ENSG00000287837.1,933,19,0.6646256334582287
ENSG00000120690.16,4441,381,2.7999439173526226
ENSG00000120688.9,2388,1323,18.08134162677126
ENSG00000165572.8,5234,179,1.1161548294245962
ENSG00000278390.7,3586,18,0.16382016156834317
ENSG00000120696.9,4736,190,1.3093237246970595
ENSG00000120662.16,3841,493,4.188974746107071
ENSG00000277662.1,497,10,0.6566723668500766
ENSG00000172766.19,5805,399,2.2432403163388583
ENSG00000102760.13,1030,358,11.343600732443372
ENSG00000288598.2,6625,41,0.2019775519894945
ENSG00000102763.18,7635,3144,13.439361190886581
ENSG00000102780.17,19742,257,0.4248612336409352
ENSG00000023516.9,9915,520,1.7116531163765385
ENSG00000133106.15,4924,45,0.29826314956543387
ENSG00000120675.6,8031,848,3.4461276185178167
ENSG00000120658.14,3553,21,0.1928986628993597
ENSG00000151773.13,5416,17,0.10244137421558894
ENSG00000179630.11,4479,42,0.30603659266864247
ENSG00000179611.3,2776,213,2.5041784375762237
ENSG00000226519.4,7096,49,0.22536558835822879
ENSG00000151778.11,1945,21,0.35237478112155524
ENSG00000102804.16,8364,4068,15.873476382209676
ENSG00000278156.2,3457,61,0.5758847597857615
ENSG00000083635.8,3480,167,1.5661824648330318
ENSG00000133114.18,10842,523,1.5743359618862502
ENSG00000188342.13,4423,879,6.486001813231405
ENSG00000133112.17,7183,79216,359.925132000009
ENSG00000170919.16,14498,169,0.3804378680427541
ENSG00000174032.17,6794,2991,14.367989453584691
ENSG00000136152.15,6087,418,2.2411870794091673
ENSG00000123200.17,10265,2076,6.600449695953602
ENSG00000136167.15,5076,66,0.42435317134389705
ENSG00000136141.15,8610,168,0.6368120318526598
ENSG00000139684.15,3527,1574,14.56479574127429
ENSG00000102468.11,5628,16,0.09278355830120484
ENSG00000136143.16,8879,7770,28.560255798415053
ENSG00000260388.2,2470,11,0.14534525625786918
ENSG00000227848.1,552,10,0.5912430549356668
ENSG00000136159.4,1938,244,4.10904770811017
ENSG00000136146.15,2590,568,7.157373840629701
ENSG00000136156.15,10661,4275,13.087096529755057
ENSG00000139687.16,6434,1398,7.091387947181136
ENSG00000139679.16,4350,215,1.613074155396895
ENSG00000136161.13,3541,211,1.9447404997025413
ENSG00000102531.16,7698,798,3.3832190273699854
ENSG00000102543.14,3863,216,1.824879418226493
ENSG00000102547.19,4944,297,1.96057345061434
ENSG00000136169.17,6640,236,1.1599761333219758
ENSG00000136147.18,4835,177,1.194763421704951
ENSG00000136144.12,4509,386,2.793908631653413
ENSG00000123179.14,1560,78,1.6318308316224401
ENSG00000102753.10,4222,8369,64.6934733768271
ENSG00000123178.16,3344,786,7.6711664692298935
ENSG00000231607.15,12793,97,0.24745968993570971
ENSG00000204977.10,8096,432,1.7414795436286912
ENSG00000176124.15,24037,42,0.05702616377097183
ENSG00000232150.3,1093,19,0.5673336834551943
ENSG00000286191.1,2165,12,0.18089579657708346
ENSG00000136104.21,26222,244,0.3036890572159831
ENSG00000150510.17,6700,31,0.15100524113521088
ENSG00000102786.15,25509,498,0.6371490486871106
ENSG00000236778.9,15907,37,0.07591342273216858
ENSG00000139668.9,16199,68,0.13700166251043389
ENSG00000102796.12,3531,70,0.6470017457579769
ENSG00000231856.4,2469,56,0.7402391783787499
ENSG00000281106.4,4153,13,0.10216133306569578
ENSG00000123191.17,18854,126,0.2181082897893577
ENSG00000253710.5,15689,79,0.16433760685597906
ENSG00000136098.18,4008,106,0.8631440526545842
ENSG00000136114.17,3705,95,0.8368363239089438
ENSG00000136100.14,7299,1332,5.955880717142322
ENSG00000136108.15,4547,71,0.5096106841662338
ENSG00000273723.2,1033,12,0.3791281699800442
ENSG00000165416.15,15102,1067,2.305871404239364
ENSG00000136149.6,612,42,2.2397678081092316
ENSG00000118946.12,8392,55,0.2138958430391664
ENSG00000083544.16,7823,884,3.687941851346637
ENSG00000236565.3,833,17,0.6660534006622205
ENSG00000184226.15,30944,203,0.21410396769606732
ENSG00000276644.5,5678,106,0.6092781548150006
ENSG00000204899.6,2231,401,5.866106351237997
ENSG00000136122.18,3189,20,0.20468244987424775
ENSG00000083520.15,10835,589,1.7741547943250895
ENSG00000083535.16,4179,181,1.4135505169833056
ENSG00000102554.14,3679,273,2.4217984073548586
ENSG00000118922.19,11547,901,2.5466001200170068
ENSG00000136111.14,8032,6800,27.63060173065885
ENSG00000188243.14,2902,246,2.7665774264584444
ENSG00000118939.19,1890,97,1.6750009594431399
ENSG00000261553.5,4178,179,1.3982657676420147
ENSG00000136153.20,14371,3547,8.055255667336715
ENSG00000178695.6,6231,817,4.279267499391859
ENSG00000102805.16,22814,93,0.13304134947040147
ENSG00000283208.2,6145,10,0.05311084887298423
ENSG00000005812.11,7076,1078,4.972056632247006
ENSG00000005810.20,34127,674,0.6445652887822103
ENSG00000139737.23,4430,50,0.36835910420371115
ENSG00000136160.17,5608,196,1.140652079165472
ENSG00000152193.8,3507,96,0.8933889925050144
ENSG00000139746.16,10122,1180,3.8047033813761697
ENSG00000227354.7,6752,54,0.2610155951054851
ENSG00000102471.16,10720,823,2.505590997062068
ENSG00000136158.12,3213,415,4.215436010727125
ENSG00000229246.2,1392,14,0.32824183394704265
ENSG00000165300.8,21942,11,0.01636144302966625
ENSG00000215417.14,12894,13,0.03290491827375791
ENSG00000183098.12,7121,18,0.082496713858177
ENSG00000080166.16,7540,42,0.18179547726297743
ENSG00000088451.11,2571,107,1.358272259693513
ENSG00000152749.8,8884,184,0.675949736646846
ENSG00000125257.16,8629,298,1.1270960431648795
ENSG00000223298.1,126,15,3.885311503862953
ENSG00000134874.18,8473,63,0.24266574387398496
ENSG00000247400.6,4930,64,0.4236802159181995
ENSG00000102580.15,5590,482,2.814105405517053
ENSG00000102595.22,8091,108,0.4356389316900842
ENSG00000139793.21,5201,2763,17.338006490185744
ENSG00000286416.1,4724,16,0.1105389217017741
ENSG00000125249.7,5623,815,4.730365028533839
ENSG00000065150.21,9664,5789,19.550224926039544
ENSG00000152767.17,36232,695,0.6260335769361868
ENSG00000102572.15,12077,442,1.1944509854717538
ENSG00000088387.22,15065,712,1.5424673775176603
ENSG00000228889.9,2915,13,0.14554923369531197
ENSG00000134882.16,4673,901,6.292658160889444
ENSG00000125304.10,5711,1165,6.657618346489731
ENSG00000280734.3,6199,22,0.11582603095884396
ENSG00000125246.16,8768,430,1.6005639999946377
ENSG00000286757.4,10035,29,0.09431608194728604
ENSG00000274605.4,2105,52,0.8062252089726072
ENSG00000175198.17,7288,403,1.8046866771236099
ENSG00000134864.11,3526,44,0.40726350874298006
ENSG00000125247.16,6574,411,2.040409101906976
ENSG00000198542.15,6176,23,0.12154180416876983
ENSG00000134900.13,21753,2198,3.297719089694409
ENSG00000139780.8,1625,10,0.2008407177381465
ENSG00000151287.17,2256,72,1.0415941478441109
ENSG00000134901.14,7335,30,0.13348309461124258
ENSG00000134897.14,7952,623,2.5569180284224857
ENSG00000134899.24,11043,45,0.13299354780948985
ENSG00000250878.6,2371,943,12.980316104765594
ENSG00000272542.1,977,10,0.33404930022977286
ENSG00000278445.1,662,720,35.49601808967242
ENSG00000125266.8,5005,316,2.060573597573191
ENSG00000284966.3,10043,68,0.22097878432804133
ENSG00000134884.15,5783,2945,16.62023793577066
ENSG00000227590.2,411,11,0.8734860899195546
ENSG00000174405.15,7126,454,2.07929047868815
ENSG00000139826.6,5313,229,1.406697761872911
ENSG00000102524.12,3059,25,0.2667261901965414
ENSG00000289901.1,161,98,19.865766645838402
ENSG00000185950.9,8156,417,1.6686450632333438
ENSG00000187498.16,14662,2620,5.831942134566626
ENSG00000134871.19,19271,954,1.6156573227832578
ENSG00000213995.12,2973,455,4.994840419698691
ENSG00000134905.17,10436,1173,3.6683356946974364
ENSG00000153487.13,6300,157,0.8133252081419783
ENSG00000255874.4,6344,1112,5.7206679847545825
ENSG00000088448.14,4563,1705,12.194922497989308
ENSG00000229152.2,800,117,4.773105182495637
ENSG00000277767.1,1824,20,0.357857638513693
ENSG00000102606.20,11768,1395,3.8688035521980013
ENSG00000126216.15,7248,175,0.7879977801708804
ENSG00000068650.19,14024,1113,2.5901707296003655
ENSG00000126217.22,23158,678,0.9555067828309997
ENSG00000126218.12,2371,33,0.4542422390851162
ENSG00000283828.1,2238,90,1.3124644758357429
ENSG00000126226.22,6246,552,2.884311940619875
ENSG00000139842.15,7813,5981,24.983950349248214
ENSG00000185896.11,5741,920,5.230044818298712
ENSG00000139835.14,2917,108,1.2083491931108918
ENSG00000276434.1,509,12,0.7694290758141172
ENSG00000225083.2,1481,72,1.5866552312871802
ENSG00000153531.15,11007,4442,13.17087772157151
ENSG00000150401.15,4345,1996,14.992563129658876
ENSG00000150403.18,10381,524,1.647393036836834
ENSG00000276248.1,3362,15,0.14561250728338254
ENSG00000198176.13,3744,1407,12.264882372290456
ENSG00000184497.13,7301,55,0.24585863782833645
ENSG00000183087.15,6015,1007,5.463852526828919
ENSG00000272695.2,2009,26,0.42237532724921306
ENSG00000185989.11,4775,310,2.1188169960333254
ENSG00000130177.16,3959,949,7.823225355946936
ENSG00000169062.15,5755,871,4.939442760532217
ENSG00000198824.8,6445,318,1.6103094009493748
ENSG00000136319.12,9672,95,0.32056230149737763
ENSG00000258768.2,3829,35,0.2983237352143401
ENSG00000100814.19,3680,734,6.509586034841691
ENSG00000129484.14,4062,452,3.631647148662447
ENSG00000129566.13,11400,524,1.5001392206494013
ENSG00000185271.9,5509,2073,12.280941419325899
ENSG00000092094.11,5031,595,3.859826455238927
ENSG00000258515.1,478,45,3.0724848294146367
ENSG00000100823.12,1886,1088,18.827486159122113
ENSG00000165782.11,3694,378,3.3396429580578366
ENSG00000198805.13,5851,36,0.20080639185919621
ENSG00000129538.14,1083,792,23.86722102760799
ENSG00000165792.18,4246,344,2.644134743655768
ENSG00000165795.25,7550,19366,83.71400234490113
ENSG00000179636.15,2475,15,0.1977976765602958
ENSG00000258604.1,593,25,1.3759113251453965
ENSG00000165801.10,8194,356,1.4179442910851567
ENSG00000165804.16,6663,289,1.415575897760424
ENSG00000258441.1,5715,154,0.8794468873835725
ENSG00000092199.19,7293,2804,12.548069798078494
ENSG00000092201.10,6900,802,3.793415440467238
ENSG00000100888.15,20953,819,1.275683149046703
ENSG00000129472.15,3597,248,2.2501754030712546
ENSG00000092203.15,7091,1654,7.612602441132467
ENSG00000165819.12,5861,386,2.1494171677401877
ENSG00000165821.12,5383,57,0.3455855745958725
ENSG00000129562.11,761,815,34.95248693225463
ENSG00000275552.1,2671,18,0.21993976015877145
ENSG00000100439.11,3765,390,3.3806853882217887
ENSG00000258458.8,3254,10,0.10029691651029136
ENSG00000155463.14,4498,4563,33.10824404043217
ENSG00000155465.21,5368,50,0.3039923307791431
ENSG00000172590.18,3213,288,2.925411014673282
ENSG00000157227.14,4623,81,0.5718291038780777
ENSG00000197324.9,7118,659,3.0215693117144933
ENSG00000100461.18,14022,558,1.2987613807521348
ENSG00000100462.16,3276,344,3.427043993150913
ENSG00000257285.7,1865,15,0.2624928951671486
ENSG00000092036.19,2539,49,0.629851994875932
ENSG00000129474.17,5885,23,0.12755177273514404
ENSG00000100802.15,4257,87,0.6669921651451834
ENSG00000100804.19,1549,1479,31.16175338889076
ENSG00000139880.21,3748,19,0.16544709605563696
ENSG00000100813.15,9110,1809,6.48075076708012
ENSG00000179933.6,2930,197,2.1943390705093564
ENSG00000092068.21,5991,405,2.20628104425668
ENSG00000290292.10,5898,174,0.9628299922085609
ENSG00000235194.9,5550,376,2.21105727095509
ENSG00000129473.11,4840,322,2.171279040423247
ENSG00000100836.11,3686,295,2.61199183574943
ENSG00000092096.19,4270,65,0.4968103234447711
ENSG00000100842.13,3236,34,0.34290635522350416
ENSG00000197616.13,7281,1375,6.163349521991088
ENSG00000289973.1,1468,10,0.22232027678779842
ENSG00000092054.13,6027,363585,1968.8376071526295
ENSG00000129460.17,6677,307,1.500590280988735
ENSG00000136367.15,9926,31,0.10192777711121428
ENSG00000259431.6,2894,55,0.6202535987507548
ENSG00000213983.12,6897,26,0.12303204762123661
ENSG00000215256.6,8459,236,0.9105380689511666
ENSG00000157326.19,2157,129,1.951842162997634
ENSG00000187630.18,2472,172,2.270832548859707
ENSG00000129535.13,4554,35,0.25083038694240406
ENSG00000100897.18,6350,1900,9.765286866402006
ENSG00000139914.7,1971,1842,30.500582362745156
ENSG00000092010.15,1776,519,9.537389657793318
ENSG00000100908.14,1591,213,4.369327053872782
ENSG00000100911.16,3582,313,2.8518316599543487
ENSG00000092098.18,6713,30,0.1458511096340629
ENSG00000213928.10,6471,49,0.24713247025034638
ENSG00000100918.14,3843,35,0.29723694565071773
ENSG00000100926.15,3530,12,0.11094600554940104
ENSG00000288820.2,683,15,0.7167631764080996
ENSG00000276698.1,658,24,1.190393311821841
ENSG00000278784.1,1200,34,0.9247041379193829
ENSG00000139908.15,1925,34,0.5764389431185764
ENSG00000254505.11,2342,17,0.23690114549599903
ENSG00000129559.13,3787,311,2.6802185827017637
ENSG00000100938.19,3601,212,1.921400368253026
ENSG00000092330.19,4378,320,2.3854996168075875
ENSG00000100949.15,3417,248,2.3687096648660533
ENSG00000157379.14,4949,77,0.507783285653376
ENSG00000196943.14,6045,753,4.065404850989901
ENSG00000213903.9,4465,57,0.41663765913764433
ENSG00000129467.14,8067,460,1.86101941873391
ENSG00000129465.16,3229,20,0.20214689769246708
ENSG00000100968.14,8437,106,0.4100369044731034
ENSG00000205978.6,7733,284,1.1986032747466004
ENSG00000139899.11,2692,13,0.15760624673916585
ENSG00000100441.10,8024,536,2.1801129754477273
ENSG00000100445.18,3072,112,1.1898766480580294
ENSG00000168952.16,8119,132,0.5306113308884397
ENSG00000139910.20,10328,108,0.34128142876689305
ENSG00000184304.17,5811,43,0.2415031001884871
ENSG00000092140.16,9319,217,0.7599684310807372
ENSG00000092108.22,29169,821,0.9186006464136744
ENSG00000196792.12,4965,1819,11.956899426872987
ENSG00000100478.16,10244,276,0.8793153251225957
ENSG00000092148.14,21483,8269,12.56212739997762
ENSG00000129493.15,10214,412,1.3164564374945082
ENSG00000203546.7,4422,15,0.11070765479121034
ENSG00000250365.7,3752,13,0.11307996167959342
ENSG00000129480.14,2967,12,0.13199844947400932
ENSG00000151413.17,7590,632,2.7175680779588465
ENSG00000258655.2,1848,21,0.3708706435505546
ENSG00000100852.14,10887,297,0.8903348158204551
ENSG00000286527.1,1304,10,0.2502808023960798
ENSG00000151320.11,19726,4691,7.761247522194939
ENSG00000151322.20,11175,16,0.04672804171088867
ENSG00000129521.15,7363,55,0.24378838989334298
ENSG00000165389.7,2662,448,5.492563580517305
ENSG00000129518.10,2007,391,6.358204834722213
ENSG00000129515.20,4083,1063,8.496870800953484
ENSG00000165410.15,4942,19752,130.44080366736722
ENSG00000198604.11,7698,343,1.4541906345713094
ENSG00000100883.13,8477,941,3.6228684972436387
ENSG00000151327.14,10329,385,1.2164873079187521
ENSG00000092020.11,3863,272,2.2979963044333616
ENSG00000279434.1,2025,16,0.2578695635156449
ENSG00000100890.16,6990,101,0.47157343059761503
ENSG00000100902.11,6506,188,0.9430808372118622
ENSG00000100906.12,3394,714,6.865805620379625
ENSG00000174373.17,14255,625,1.4309284738884955
ENSG00000100916.14,3877,347,2.9210487416713273
ENSG00000151332.20,3422,152,1.4496685353980767
ENSG00000183032.12,4757,10,0.06860756071567965
ENSG00000151338.21,28625,114,0.1299763946235516
ENSG00000259091.1,4125,27,0.21362149068511946
ENSG00000139874.6,4390,20,0.14868618055785335
ENSG00000176435.7,2094,471,7.340900875780033
ENSG00000259070.9,9453,24,0.0828603405457285
ENSG00000100934.15,8660,2435,9.176693013858296
ENSG00000092208.19,2695,102,1.2352263066826636
ENSG00000182400.15,4533,127,0.9143724492214864
ENSG00000100941.9,4203,1230,9.551044125127774
ENSG00000150527.18,10539,2123,6.574393880888966
ENSG00000165355.8,3804,109,0.935171191623796
ENSG00000258636.2,4933,14,0.09262368393559361
ENSG00000165379.14,6834,17,0.08118561351355424
ENSG00000179476.8,3884,149,1.252022625704138
ENSG00000179454.14,8071,567,2.292771853623897
ENSG00000198718.13,10292,796,2.5241689505858194
ENSG00000185246.18,4924,628,4.162427953935388
ENSG00000100442.11,2263,4083,58.88435957149292
ENSG00000187790.12,19054,97,0.16614631118649809
ENSG00000129534.14,6250,120,0.6266230393430171
ENSG00000258608.1,351,53,4.928036129686002
ENSG00000213741.11,9840,1844,6.116048889251585
ENSG00000276168.1,299,24,2.6196615357149544
ENSG00000165501.17,2295,37,0.5261676755558196
ENSG00000165502.7,676,1241,59.91426219063456
ENSG00000165506.15,2977,173,1.8965853803875188
ENSG00000100479.14,2942,18,0.1996801833392517
ENSG00000197776.8,3004,291,3.161536431438949
ENSG00000165516.11,6319,1082,5.588355625306157
ENSG00000165525.18,9044,1378,4.972717571817166
ENSG00000278002.1,1308,10,0.24951541767927224
ENSG00000165527.8,3976,855,7.018185920710193
ENSG00000214900.13,18586,22,0.038631527273962865
ENSG00000100483.14,2055,102,1.6199196576689916
ENSG00000100485.12,6948,4097,19.244706151862804
ENSG00000087299.12,6560,1048,5.213898510793651
ENSG00000125375.18,4564,437,3.124934589916768
ENSG00000100490.10,9288,224,0.7871018653820556
ENSG00000012983.12,7580,457,1.9676693668903833
ENSG00000198513.14,16489,32,0.06333748148695262
ENSG00000151748.15,5605,588,3.423787793020499
ENSG00000100503.27,30950,835,0.8805032274020922
ENSG00000100504.17,4546,58,0.4163932610387221
ENSG00000139921.13,4608,225,1.5935847965062895
ENSG00000258537.6,6126,14,0.07458580360011154
ENSG00000139926.16,9416,505,1.7503707943273836
ENSG00000186469.9,6379,140,0.7162762703468935
ENSG00000087302.9,8287,1560,6.1437337934861995
ENSG00000087303.19,6217,232,1.2179017305337179
ENSG00000168229.4,3048,12,0.1284906166631843
ENSG00000087301.9,4733,155,1.0688095453263395
ENSG00000180998.12,6505,31,0.15553191631143934
ENSG00000197930.13,7549,312,1.3488706304575477
ENSG00000100519.12,7479,1420,6.196549755057802
ENSG00000198252.12,4983,707,4.630561500931429
ENSG00000100522.10,4010,261,2.124228663608264
ENSG00000073712.15,8463,2020,7.789904950673118
ENSG00000100523.17,18377,226,0.40136449686746645
ENSG00000125378.16,3096,75,0.7906157129953684
ENSG00000100526.21,1829,33,0.5888509288522749
ENSG00000100528.12,5019,785,5.104551515535428
ENSG00000197045.14,7795,264,1.1053324940303382
ENSG00000100532.13,4547,265,1.9020680465359432
ENSG00000020577.14,12333,4898,12.961497467423518
ENSG00000285774.5,2910,226,2.5346650717984294
ENSG00000131979.20,2925,56,0.624837788518678
ENSG00000198554.12,6386,46,0.2350899412923027
ENSG00000180008.9,7044,256,1.1861121320140395
ENSG00000168175.16,6974,1105,5.171130108812149
ENSG00000289523.1,581,12,0.6740781404292353
ENSG00000131981.16,2199,349,5.179708596964363
ENSG00000178974.11,5580,1226,7.170697489495025
ENSG00000126775.9,5025,872,5.6635083987055435
ENSG00000259318.1,294,20,2.220178002207402
ENSG00000186615.12,8141,37,0.1483300350571927
ENSG00000126777.18,17578,20888,38.782207772135095
ENSG00000259868.3,4953,30,0.1976778717895143
ENSG00000139946.11,6240,77,0.40272748088117916
ENSG00000070269.14,8072,93,0.37601651967514116
ENSG00000070367.17,12459,999,2.616901839298207
ENSG00000053770.12,13019,1334,3.344131391634281
ENSG00000139977.14,7642,1816,7.755573907946484
ENSG00000259969.1,981,15,0.4990308353585445
ENSG00000139971.15,7565,35,0.15099558256916168
ENSG00000131966.14,4039,998,8.064209804204978
ENSG00000100567.13,3107,1059,11.123970715726838
ENSG00000258682.1,576,10,0.5666079276466807
ENSG00000257621.9,7409,608,2.6782376720918983
ENSG00000032219.19,7449,627,2.747101440266533
ENSG00000100575.14,1416,320,7.37550658360425
ENSG00000100578.18,17733,380,0.69936921673324
ENSG00000165617.16,4584,23,0.16375265762354332
ENSG00000213598.4,376,10,0.8679951232034258
ENSG00000100592.16,10712,331,1.008469016555317
ENSG00000181619.12,5021,65,0.42250150988033713
ENSG00000126790.12,3493,85,0.7941919306493412
ENSG00000050130.18,4350,403,3.023576207557901
ENSG00000139970.18,6019,17,0.0921785151605964
ENSG00000126773.13,22042,804,1.1904473175069794
ENSG00000100612.14,3249,1100,11.049639364633329
ENSG00000100614.18,11907,4086,11.199564588912894
ENSG00000179008.9,3431,57,0.5421996933983043
ENSG00000258952.2,2086,36,0.5632397884794618
ENSG00000126778.12,5439,3538,21.2297020859724
ENSG00000100625.9,6771,1516,7.3072088044295365
ENSG00000020426.11,3877,899,7.567789103062027
ENSG00000126814.7,5514,257,1.5211480730031453
ENSG00000139974.17,5518,90,0.5323116159696254
ENSG00000027075.17,8947,411,1.4992343171941949
ENSG00000182107.7,4392,54,0.4012698766284689
ENSG00000247287.3,5694,33,0.18914793622599413
ENSG00000100644.17,5151,384,2.433015101312433
ENSG00000258667.3,5044,24,0.15528921474598958
ENSG00000288928.1,1766,14,0.25872742517230085
ENSG00000023608.5,2593,91,1.1453652578298654
ENSG00000279633.1,1922,34,0.5773386917290632
ENSG00000126785.13,4082,316,2.5264994747314606
ENSG00000154001.14,9184,1313,4.66592744320615
ENSG00000140006.12,3218,167,1.693696388321613
ENSG00000274015.3,1509,10,0.21627976562258985
ENSG00000126821.8,3336,150,1.4674737694446407
ENSG00000054654.20,32359,5983,6.034329778792336
ENSG00000140009.19,11938,61,0.16676441737136682
ENSG00000100714.18,17357,1456,2.7377377321452707
ENSG00000272909.1,1870,13,0.226885570172104
ENSG00000089775.12,12222,445,1.188291147229563
ENSG00000126804.14,6336,727,3.744763303628517
ENSG00000126803.10,5504,2365,14.023546209255349
ENSG00000126822.18,12077,164,0.44318995841033404
ENSG00000070182.21,14796,4417,9.74289913932998
ENSG00000258289.10,5404,1604,9.687108267662452
ENSG00000139998.16,4937,103,0.680893561503388
ENSG00000257365.8,3773,146,1.2629064480088856
ENSG00000125952.21,6257,663,3.4582190869927376
ENSG00000033170.17,6976,86,0.40234361100782645
ENSG00000224861.1,960,295,10.028960319346249
ENSG00000171723.16,6007,549,2.982770522925653
ENSG00000072415.10,14825,984,2.1662347903089123
ENSG00000100554.12,4247,814,6.255287482649712
ENSG00000134001.15,5320,1458,8.944396062050819
ENSG00000198133.9,6363,18,0.09232423375515927
ENSG00000054690.14,10828,154,0.4641705727186107
ENSG00000100564.9,2907,212,2.380104136938131
ENSG00000081181.8,2284,18,0.2572062606760414
ENSG00000286861.1,3125,17,0.1775431944805215
ENSG00000100568.11,5768,1336,7.559382770622678
ENSG00000072042.13,5498,203,1.205026041540034
ENSG00000072121.17,15884,797,1.637583949638737
ENSG00000182185.19,7477,22,0.096028563048532
ENSG00000185650.10,6466,1152,5.814627646238946
ENSG00000072110.16,14320,202,0.46037685473147055
ENSG00000139990.18,8295,3634,14.297946334215668
ENSG00000081177.19,6276,508,2.6417146668712546
ENSG00000100626.17,11462,109,0.31036391667570407
ENSG00000100632.11,1113,459,13.459305511495058
ENSG00000029364.12,7138,352,1.6094268779240657
ENSG00000100647.8,5832,374,2.0929517524924304
ENSG00000100650.16,5357,4460,27.171795814956447
ENSG00000198732.11,4369,364,2.719095549144282
ENSG00000242071.3,801,193,7.863754069990786
ENSG00000100678.20,8618,464,1.7571814942511308
ENSG00000258422.6,1553,28,0.5884257989108607
ENSG00000274330.1,2203,38,0.5629557113177733
ENSG00000133983.16,1917,61,1.03851518757401
ENSG00000213463.5,7057,3129,14.47073451083071
ENSG00000133997.12,4219,261,2.018999037940066
ENSG00000245466.1,2941,23,0.2552336560851148
ENSG00000133985.3,5094,237,1.518429160166935
ENSG00000006432.16,12386,101,0.26613097689950993
ENSG00000259153.4,7219,18,0.08137679725503234
ENSG00000100731.16,16715,1875,3.6610024640048766
ENSG00000197555.10,12412,82,0.2156141285740253
ENSG00000182732.18,8948,38,0.13859984712036819
ENSG00000205683.12,17947,969,1.7621263451742852
ENSG00000119599.17,5536,118,0.6956504267754624
ENSG00000165861.14,5225,603,3.766484177869212
ENSG00000119707.14,11764,3029,8.403290698715354
ENSG00000080815.20,25147,568,0.7371693739702916
ENSG00000100767.17,7699,38,0.16108474243837573
ENSG00000133961.21,9546,610,2.0855160429283233
ENSG00000187105.9,4209,18,0.13957213100120658
ENSG00000170468.8,2462,34,0.4507087593433223
ENSG00000184227.8,1686,88,1.7034532999142913
ENSG00000258603.5,4291,17,0.12929911040587966
ENSG00000119673.16,2239,463,6.748884993668512
ENSG00000279026.1,2225,35,0.5133849807351498
ENSG00000119661.15,8884,107,0.39307946641963326
ENSG00000176903.5,2602,160,2.0068634362766367
ENSG00000156030.14,13489,461,1.1153888551826598
ENSG00000259065.3,2178,137,2.0529001279364034
ENSG00000140043.12,6984,109,0.5093630029978408
ENSG00000273711.2,2137,19,0.2901711352440465
ENSG00000119725.21,6471,33,0.16643615343390675
ENSG00000156050.10,5087,248,1.5910911981221358
ENSG00000119723.17,6686,338,1.6498917771115311
ENSG00000187097.13,9842,780,2.5865231633113255
ENSG00000119636.16,4624,55,0.38819505077523453
ENSG00000119711.13,6682,1464,7.150554736591596
ENSG00000205659.12,3790,140,1.2055742291669744
ENSG00000119688.21,8922,425,1.554647172023172
ENSG00000258559.2,1367,45,1.0743582651501071
ENSG00000119655.11,2584,247,3.1196765898664296
ENSG00000165898.14,3025,332,3.581936106437357
ENSG00000119681.12,9078,419,1.5063606927733038
ENSG00000119682.18,7805,617,2.579986221937337
ENSG00000119616.11,4747,478,3.2863498526038617
ENSG00000119596.18,14935,650,1.4204084908665366
ENSG00000119608.15,4826,13,0.08791463245375766
ENSG00000119689.15,4548,3755,26.946019229297555
ENSG00000198208.12,7526,188,0.8152649384666989
ENSG00000119630.14,5804,66,0.3711262401346694
ENSG00000119718.11,5436,441,2.6476725413741584
ENSG00000119684.16,8358,376,1.468218216535146
ENSG00000119640.9,1803,153,2.769496586114624
ENSG00000119703.15,8738,87,0.32494685820817654
ENSG00000119638.14,13327,2954,7.234078602255104
ENSG00000170348.9,4956,2939,19.354119508225793
ENSG00000170345.10,3186,63,0.6453568260653719
ENSG00000259319.2,4059,222,1.7850034226173035
ENSG00000140044.13,6259,228,1.188871799360653
ENSG00000119686.10,4910,54,0.3589363132692944
ENSG00000119685.20,12267,197,0.5241227257350953
ENSG00000133935.7,2320,282,3.9670370217028292
ENSG00000119650.13,4169,73,0.5714734982414879
ENSG00000119699.8,5223,251,1.5684071940924087
ENSG00000089916.18,21987,1248,1.8524809004091558
ENSG00000119715.15,5930,189,1.0401889618099198
ENSG00000071246.11,7223,221,0.9985729303296672
ENSG00000013523.11,6525,401,2.005713911051643
ENSG00000286437.1,1512,11,0.23743570301384714
ENSG00000119669.5,4166,208,1.6294806191909148
ENSG00000273729.1,3487,33,0.30886387980235464
ENSG00000198894.8,5271,4586,28.395280568470923
ENSG00000165548.11,6363,11,0.05642036507259734
ENSG00000009830.13,13203,364,0.8997749340461536
ENSG00000100577.19,8365,476,1.8571463857795139
ENSG00000100580.8,7761,207,0.8704779851716149
ENSG00000151445.16,3695,244,2.155164941357919
ENSG00000100591.8,2944,1397,15.486872770221122
ENSG00000100596.8,12287,297,0.788888674195271
ENSG00000100601.10,2847,257,2.9461224006109386
ENSG00000119705.10,2631,922,11.43708116120023
ENSG00000100603.14,2432,789,10.588112879523893
ENSG00000063761.16,5293,239,1.473673035170086
ENSG00000021645.20,15534,12,0.025211754833873157
ENSG00000211448.14,7393,84,0.37082047844254024
ENSG00000100629.17,9353,58,0.2023868025961756
ENSG00000165409.18,9913,24,0.0790153131422144
ENSG00000284959.3,8740,45,0.16803749982382107
ENSG00000165417.12,6826,811,3.8775704788918817
ENSG00000140022.14,13009,731,1.8339124266523235
ENSG00000258675.2,939,50,1.7378390113125033
ENSG00000071537.14,9553,1481,5.059649244494576
ENSG00000259032.2,352,64,5.9339302968088745
ENSG00000185070.12,38108,481,0.4119400808283793
ENSG00000258733.7,6030,98,0.530412674955221
ENSG00000054983.17,6736,392,1.899280540368161
ENSG00000140030.6,4511,11,0.07958385789335776
ENSG00000042317.17,6872,127,0.6031505111060824
ENSG00000070778.13,7670,567,2.4126416728290057
ENSG00000258789.1,718,16,0.7272783650684972
ENSG00000100722.20,20998,656,1.019602843646367
ENSG00000278576.1,3178,67,0.6880595702876243
ENSG00000165533.19,6257,70,0.3651211705723856
ENSG00000053254.16,11154,3785,11.074914286697036
ENSG00000140025.16,8302,16,0.06289880343521813
ENSG00000042088.14,6223,29,0.15209093400948343
ENSG00000100764.14,6129,1085,5.77757041054119
ENSG00000119720.18,17393,416,0.7805917621513657
ENSG00000198668.14,7833,11669,48.619517360404075
ENSG00000258424.1,300,27,2.9372954969203926
ENSG00000165914.15,21268,851,1.305894336760106
ENSG00000100784.12,27982,571,0.6659819918922261
ENSG00000133943.21,7212,2559,11.580296999783208
ENSG00000119714.11,3474,13,0.12212896264301511
ENSG00000015133.20,12426,105,0.27578019848761665
ENSG00000100796.18,6015,991,5.377038583999463
ENSG00000140092.16,6264,341,1.7766740535863734
ENSG00000100815.12,10372,1357,4.269946854052548
ENSG00000066427.25,9624,280,0.9495274996971804
ENSG00000183648.11,2263,1967,28.367752945659216
ENSG00000165934.13,13563,1584,3.81157566510351
ENSG00000140090.18,14777,18,0.03975496375340587
ENSG00000100599.16,8676,76,0.28589014108645794
ENSG00000100600.15,3876,378,3.182827937839435
ENSG00000066455.13,3205,508,5.172980108980965
ENSG00000100605.17,6790,31,0.14900369891103285
ENSG00000165943.5,2529,10,0.12904949241774935
ENSG00000011114.15,11333,16,0.04607657867459462
ENSG00000100628.12,4975,1365,8.954569186591481
ENSG00000089737.19,8597,38,0.14425862882785329
ENSG00000165948.11,2356,10,0.1385255374891715
ENSG00000165949.13,4144,104,0.8190656683819199
ENSG00000188488.14,3751,1920,16.7054929177024
ENSG00000273259.3,3067,12,0.12769462001610227
ENSG00000100697.17,22151,1559,2.2969836725198722
ENSG00000235706.9,5264,175,1.0849939040042822
ENSG00000165959.12,15703,498,1.0350273885855892
ENSG00000176438.13,18219,156,0.2794506940371049
ENSG00000247092.9,5437,30,0.18008065090554792
ENSG00000182512.5,2388,2394,32.71861818177656
ENSG00000227051.7,7819,54,0.22539676405579173
ENSG00000168398.7,6845,14,0.06675129771428535
ENSG00000066739.12,14256,1026,2.3488474091535125
ENSG00000100744.15,4567,257,1.8365689674927397
ENSG00000260806.1,1512,17,0.36694608647594557
ENSG00000090060.19,13609,1910,4.580493626862901
ENSG00000100749.9,31679,78,0.08035784265068364
ENSG00000232573.1,423,55,4.24353171343897
ENSG00000234648.1,158,14,2.8918521066726792
ENSG00000183576.13,5186,4505,28.35093673914035
ENSG00000090061.17,8220,156,0.6193810455793204
ENSG00000205476.9,17620,279,0.5167773008202734
ENSG00000182218.10,7817,14,0.058451149143441634
ENSG00000036530.9,9358,33,0.1150895863294305
ENSG00000066629.19,8987,1150,4.176266732760223
ENSG00000196405.13,10482,390,1.2142988443670135
ENSG00000100811.15,9757,1574,5.264941537303928
ENSG00000197119.13,7446,226,0.9905822399856877
ENSG00000140105.18,6356,1734,8.903696230438364
ENSG00000258521.1,552,15,0.8868645824035002
ENSG00000176473.14,4218,112,0.8665957948872134
ENSG00000185559.16,5247,116,0.7215261157545381
ENSG00000214548.18,23224,1529,2.148699054039538
ENSG00000225746.13,27506,10,0.011865271807041666
ENSG00000223403.7,8031,15,0.0609574460822727
ENSG00000258498.10,8327,91,0.35666291744359807
ENSG00000197406.8,2095,16,0.24925339671559946
ENSG00000241494.1,438,56,4.1727181082582945
ENSG00000078304.20,14378,2134,4.843965773657376
ENSG00000271780.2,1260,23,0.5957477639256529
ENSG00000197102.14,38874,5732,4.812293217502612
ENSG00000080824.19,5097,16486,105.56155813273513
ENSG00000140153.18,7325,322,1.434674478586828
ENSG00000080823.23,10986,58,0.17230327368305395
ENSG00000022976.16,5595,366,2.134942214026142
ENSG00000100865.15,5344,306,1.8687883026813874
ENSG00000196663.16,9402,429,1.489162788270638
ENSG00000156381.9,7208,1373,6.216714017251972
ENSG00000089902.10,6199,510,2.6850579904095646
ENSG00000131323.17,11883,212,0.5822572352166244
ENSG00000198752.11,8095,725,2.9229829596695964
ENSG00000289207.1,1560,18,0.37657634575902466
ENSG00000185215.11,5058,910,5.871751905007595
ENSG00000278071.1,777,30,1.2601010282798768
ENSG00000100664.11,8318,7733,30.341302767339098
ENSG00000075413.19,21530,1988,3.0135436073064663
ENSG00000166165.14,2383,633,8.669315286756229
ENSG00000260285.1,4063,18,0.1445875213842182
ENSG00000166166.13,3217,65,0.6594280637579025
ENSG00000166170.12,5096,531,3.4007149591503762
ENSG00000126214.22,19251,531,0.9002152320310798
ENSG00000256053.9,3918,434,3.6151841803171982
ENSG00000246451.2,1404,150,3.4868180162872657
ENSG00000270108.1,552,21,1.2416104153649004
ENSG00000269940.1,611,10,0.534150845048262
ENSG00000269958.1,811,72,2.897455484015184
ENSG00000126215.14,7507,97,0.4217066489073577
ENSG00000100711.14,8390,202,0.7857683623068723
ENSG00000088808.18,9573,396,1.3500574727305679
ENSG00000156411.10,3415,3044,29.09102811981674
ENSG00000066735.16,7041,122,0.5654974050786471
ENSG00000203485.14,13627,428,1.0250584808606507
ENSG00000185100.12,5787,14135,79.71636013472678
ENSG00000184990.13,4729,444,3.064211838614352
ENSG00000142208.18,10955,662,1.9721990151237891
ENSG00000179627.10,3717,52,0.456578978985025
ENSG00000099814.17,7183,89,0.4043796297212785
ENSG00000140104.14,5225,31,0.19363351494850012
ENSG00000170779.11,2448,20,0.26663902477490853
ENSG00000184916.9,6396,314,1.6022354006549289
ENSG00000183828.15,1916,99,1.6863387508415617
ENSG00000185024.18,12962,315,0.793128702300677
ENSG00000184887.14,2400,2288,31.11357452293453
ENSG00000179364.15,13880,2948,6.931754022511461
ENSG00000279495.1,2501,23,0.3001368182912125
ENSG00000251602.7,2365,29,0.40019529908711005
ENSG00000182979.18,6966,499,2.3378799453907484
ENSG00000257270.1,445,13,0.9534292499367067
ENSG00000182809.11,4165,360,2.820932049863522
ENSG00000185347.19,6698,11,0.05359850447251969
ENSG00000237161.4,1549,14,0.2949726487116096
ENSG00000291003.1,7014,247,1.1493077143163466
ENSG00000290399.1,6949,66,0.3099750608348858
ENSG00000170113.16,8686,176,0.6612991627113735
ENSG00000140157.16,5331,349,2.136593360481079
ENSG00000273749.5,10414,233,0.7302027727444376
ENSG00000275835.5,6376,53,0.27128931642405685
ENSG00000274471.3,883,26,0.9609875792114031
ENSG00000286598.1,637,21,1.0759324164543562
ENSG00000179455.10,7123,13,0.05956423083277193
ENSG00000182636.8,1906,126,2.157509808860729
ENSG00000128739.23,3408,160,1.532235522650179
ENSG00000273173.6,1560,18,0.37657634575902466
ENSG00000224078.15,122609,5371,1.4296770052188872
ENSG00000114062.22,19033,5563,9.539089913640137
ENSG00000206190.13,20675,19,0.02999253765497109
ENSG00000128731.18,20190,559,0.9036091479712175
ENSG00000291258.1,4148,10,0.07868036796636646
ENSG00000104067.17,11315,34,0.09806849010192306
ENSG00000270055.1,2351,47,0.6524546923543573
ENSG00000198690.10,16814,12,0.023292458640976905
ENSG00000166912.17,8838,90,0.3323484382123097
ENSG00000169926.11,9429,128,0.443046657010653
ENSG00000206127.11,5358,26,0.1583710400230812
ENSG00000198838.15,20340,757,1.214646941532141
ENSG00000169857.9,4005,179,1.4586652627236794
ENSG00000134153.10,1452,558,12.542170854618757
ENSG00000182405.6,6604,73,0.36076211601586355
ENSG00000134152.11,7311,407,1.8168654041043173
ENSG00000128463.13,4445,466,3.421521563716792
ENSG00000140199.13,10508,1081,3.3574593242936013
ENSG00000182117.7,1576,490,10.147171414911114
ENSG00000176454.15,4702,177,1.228558303688524
ENSG00000175265.19,7312,680,3.035133931901694
ENSG00000259917.1,1570,81,1.683799966387486
ENSG00000215252.12,7782,195,0.8178026527020711
ENSG00000159251.9,2858,206,2.35239434089729
ENSG00000021776.11,13431,375,0.9112300824337952
ENSG00000198146.4,5439,783,4.698376691157826
ENSG00000134146.12,9347,128,0.446933446983358
ENSG00000186073.14,9278,265,0.9321732493639722
ENSG00000134138.22,11897,11,0.030175908460699074
ENSG00000166068.13,7750,221,0.9306699710672499
ENSG00000171262.11,6851,718,3.4203898324475612
ENSG00000137801.11,9158,33,0.11760300817545431
ENSG00000150667.8,3463,19,0.17906315796030242
ENSG00000166073.12,5187,19,0.11954804627270625
ENSG00000128829.12,11988,649,1.7668638800850247
ENSG00000140319.11,2047,3382,53.92136661013281
ENSG00000248508.10,5406,147,0.8874551692508277
ENSG00000104081.14,5447,56,0.33553341865561465
ENSG00000137843.12,6697,43,0.20955271243770324
ENSG00000137841.12,7349,16,0.07105536346702693
ENSG00000259330.3,3024,226,2.4391122218695207
ENSG00000188549.13,7482,1989,8.676053258746414
ENSG00000128944.14,3696,105,0.9271766088763865
ENSG00000128928.10,6857,1138,5.416431344279823
ENSG00000140320.12,5449,156,0.9343571654729333
ENSG00000169105.8,2175,54,0.8102884129435566
ENSG00000128891.17,8645,133,0.5021017943453663
ENSG00000166133.18,2489,101,1.3243464362705222
ENSG00000245849.8,2820,149,1.7244169780974725
ENSG00000051180.17,3084,25,0.264564012908956
ENSG00000137824.16,5114,301,1.9209271815344333
ENSG00000104129.10,5628,77,0.4465208743245483
ENSG00000188277.10,2470,54,0.7135130761749942
ENSG00000166140.17,4779,246,1.679976499598746
ENSG00000104142.11,4029,228,1.8468971437573414
ENSG00000128917.8,4754,137,0.940516718267877
ENSG00000128965.13,2051,10,0.1591253858237387
ENSG00000128908.19,17829,657,1.202661794128603
ENSG00000157021.9,890,29,1.0634403172370959
ENSG00000187446.12,3947,2428,20.076439114159033
ENSG00000247556.7,22370,8422,12.28724118366043
ENSG00000137806.10,3991,457,3.73714201980183
ENSG00000137815.15,5779,2273,12.836655062390749
ENSG00000103932.12,7046,566,2.6216754206593844
ENSG00000259838.1,332,43,4.227031672274996
ENSG00000092445.12,10770,18,0.05454587738013728
ENSG00000174197.19,20074,589,0.9576052205097312
ENSG00000137802.14,10357,235,0.7405237915057903
ENSG00000168970.22,7862,51,0.211710436053789
ENSG00000137877.10,12312,29,0.07687312234738591
ENSG00000174171.7,6752,11,0.053169843447413635
ENSG00000103966.11,7864,140,0.5810180987465454
ENSG00000168907.13,6103,223,1.1925226133108446
ENSG00000166887.16,8345,1255,4.908202980673846
ENSG00000103978.17,5544,355,2.089826642229316
ENSG00000214013.10,7840,680,2.8307269528144374
ENSG00000258461.5,4670,54,0.3773827190904145
ENSG00000092529.26,12774,7724,19.734243531316313
ENSG00000103994.18,12226,47238,126.09917360409099
ENSG00000092531.10,5852,240,1.3384805180771895
ENSG00000180979.10,8114,229,0.9210975115640592
ENSG00000137814.12,4305,195,1.4783136453722459
ENSG00000159433.12,20776,388,0.6095016968324094
ENSG00000140326.13,5448,98,0.5870757030066048
ENSG00000128881.18,11646,602,1.6870378853455417
ENSG00000159459.12,9928,1004,3.3004797642001003
ENSG00000205871.5,792,10,0.4120784928339496
ENSG00000137842.7,4746,126,0.8664588486490833
ENSG00000166946.14,6655,574,2.814938835015119
ENSG00000168806.8,6934,103,0.48479543021953087
ENSG00000168803.16,5734,912,5.190895425321471
ENSG00000140265.14,6652,285,1.3982916025628247
ENSG00000137822.13,11171,313,0.9144446339590437
ENSG00000067369.14,12976,538,1.3531519534723688
ENSG00000166963.13,10646,241,0.7388150111234418
ENSG00000168781.24,8030,389,1.581026633875789
ENSG00000166762.19,8093,90,0.36294272790317467
ENSG00000249839.1,3235,13,0.13115178244878964
ENSG00000167004.14,11774,861,2.3866253542159357
ENSG00000140264.22,9185,1650,5.862865263314156
ENSG00000242028.8,7777,116,0.4868005052544762
ENSG00000140259.7,2261,403,5.817141310427628
ENSG00000092470.12,4054,11,0.08855520053205151
ENSG00000166734.20,7105,829,3.807988063096419
ENSG00000250130.1,1002,10,0.3257147368507865
ENSG00000137770.14,9277,355,1.248894998870252
ENSG00000179523.7,3463,233,2.195879779197393
ENSG00000104131.13,3127,3974,41.476787495155605
ENSG00000104133.16,16081,1041,2.1127242033691442
ENSG00000259659.1,653,14,0.6997130671581673
ENSG00000166710.23,3121,1557,16.28170845777725
ENSG00000185880.13,9265,53,0.18669624193413778
ENSG00000140263.15,12428,80,0.21008443278048797
ENSG00000137857.18,8784,17,0.06316285095077752
ENSG00000138606.20,4904,35,0.2329285444811803
ENSG00000259520.6,4290,16,0.12172164711402818
ENSG00000259433.2,2426,10,0.1345285104387832
ENSG00000171766.17,9260,2151,7.581140645399286
ENSG00000171763.20,3397,176,1.69091684642655
ENSG00000104154.7,8026,144,0.5855560422467765
ENSG00000104164.12,6773,1011,4.871640250318285
ENSG00000137767.14,2941,347,3.8506990722406447
ENSG00000137872.17,8523,637,2.4392261873600716
ENSG00000213862.4,792,24,0.9889883828014789
ENSG00000104177.20,13893,19,0.04463367998391472
ENSG00000259488.2,4710,10,0.06929217968672782
ENSG00000128951.14,3674,402,3.5710179331095318
ENSG00000166147.15,18525,521,0.9178773152769679
ENSG00000103995.14,8165,22,0.08793699521296679
ENSG00000185634.12,6532,19,0.09493198346854367
ENSG00000255302.5,2040,5071,81.12758967801368
ENSG00000138593.9,8583,986,3.7492373295577917
ENSG00000166200.15,7511,2651,11.519061468861906
ENSG00000156958.15,7343,199,0.8844732003074101
ENSG00000166262.16,6018,154,0.8351676572610695
ENSG00000140285.12,6516,52,0.26045182088510405
ENSG00000104047.15,14996,320,0.6964335371021352
ENSG00000104043.15,11062,32,0.0944107514227411
ENSG00000104064.18,5680,132,0.7584565837118384
ENSG00000285410.1,5926,402,2.213958806318667
ENSG00000244879.10,17259,1119,2.11601912113739
ENSG00000138592.14,20641,826,1.3060338810330274
ENSG00000170236.16,3967,13,0.10695135271536034
ENSG00000092439.16,12380,523,1.3787520596745335
ENSG00000138600.11,15501,3548,7.470144881744943
ENSG00000081014.11,7354,499,2.214532458470486
ENSG00000186417.15,7110,27,0.12393651885740052
ENSG00000104093.14,13807,92,0.2174671348001224
ENSG00000140280.14,1874,106,1.8460412823050019
ENSG00000128872.10,11595,189,0.5319810731809249
ENSG00000138594.14,10632,198,0.6077925219361234
ENSG00000259556.2,1041,11,0.34486338420455037
ENSG00000166477.13,2651,244,3.003898324525654
ENSG00000069956.14,6592,2149,10.639576629722768
ENSG00000069966.19,13330,31,0.07589910844755536
ENSG00000128833.13,10051,202,0.6559144920659297
ENSG00000197535.16,45182,484,0.3496109612258249
ENSG00000128989.11,6836,4263,20.352530237584734
ENSG00000260618.1,1211,33,0.8893545407686296
ENSG00000047346.13,9848,1585,5.2527454673468075
ENSG00000137766.18,9733,75,0.2514893914963177
ENSG00000137876.11,6600,1282,6.339415533757481
ENSG00000069974.17,11345,95,0.2732903111575704
ENSG00000225973.4,982,68,2.2599693798437053
ENSG00000069943.10,4542,68,0.4886151323219989
ENSG00000260916.8,8790,278,1.0321933360433184
ENSG00000277548.1,406,11,0.8842433077757065
ENSG00000261652.3,930,35,1.2282597657373207
ENSG00000171016.13,9005,1789,6.483831999494827
ENSG00000285805.1,663,25,1.2306416528072701
ENSG00000166450.13,14630,55,0.12269404749040905
ENSG00000069869.17,9036,3803,13.73584031133276
ENSG00000181827.16,11504,958,2.717826732778682
ENSG00000138587.6,2511,34,0.44191356650866565
ENSG00000137871.21,12118,526,1.4166413887331304
ENSG00000285331.2,6467,36,0.18167901635505754
ENSG00000140262.18,9446,654,2.259617539447546
ENSG00000247982.7,3669,25,0.22238087103058604
ENSG00000128849.11,8653,22,0.08297764543093421
ENSG00000263155.6,2598,55,0.6909214452596938
ENSG00000137878.17,10302,43,0.1362235017661909
ENSG00000255529.9,6508,1094,5.486241333112937
ENSG00000128918.15,8127,229,0.9196241182269935
ENSG00000137845.15,15979,429,0.8762193213167618
ENSG00000245975.2,1396,39,0.9117679431701314
ENSG00000128923.11,9454,556,1.9193948432030397
ENSG00000157450.16,7173,524,2.3841610365820682
ENSG00000137776.17,8178,1996,7.965601222593277
ENSG00000157483.9,9077,248,0.8916911892527603
ENSG00000157470.12,5571,15,0.08787457359302317
ENSG00000140307.11,3204,635,6.468243308865478
ENSG00000140299.14,7774,1378,5.785085891370524
ENSG00000234797.5,795,573,23.522995384142344
ENSG00000182718.18,11574,981,2.7662451111484607
ENSG00000128915.12,16010,834,1.7001210662999564
ENSG00000069667.16,17023,1780,3.412628655686946
ENSG00000286457.1,1997,29,0.47394185395143484
ENSG00000259591.2,1375,11,0.26109293305959047
ENSG00000259575.1,481,10,0.678515938304549
ENSG00000129003.19,19703,1743,2.887155397165826
ENSG00000285863.1,589,15,0.8311532249350291
ENSG00000205502.4,1581,18,0.37157438291213063
ENSG00000171914.17,16247,1605,3.2240887360792967
ENSG00000140416.25,14700,87017,193.19322921808148
ENSG00000259498.1,3354,33,0.32111161266273425
ENSG00000103642.12,3939,939,7.780092159905922
ENSG00000185088.14,8825,700,2.5887401294860246
ENSG00000166128.13,5103,206,1.3174883453428288
ENSG00000138613.14,5443,135,0.8094696390557761
ENSG00000140455.17,7764,177,0.7440341504306335
ENSG00000259248.7,8827,16,0.0591577960937103
ENSG00000197361.8,3614,34,0.30704066560687865
ENSG00000103657.14,17059,4337,8.297380053633301
ENSG00000035664.11,13661,2678,6.397837591808646
ENSG00000259351.1,1072,70,2.131122354730799
ENSG00000166797.11,2260,1090,15.740669083791682
ENSG00000028528.15,9789,1643,5.47777721188205
ENSG00000201071.1,112,46,13.404324688327188
ENSG00000166794.6,4369,104,0.7768844426126519
ENSG00000169118.18,9618,115,0.3902277929644014
ENSG00000103671.10,3103,180,1.8931972265036365
ENSG00000180357.10,12275,566,1.504873728225338
ENSG00000180304.14,7671,3276,13.93789024741263
ENSG00000166831.9,2104,45,0.6980264964164431
ENSG00000140451.13,4656,13,0.09112457393080638
ENSG00000241839.10,3721,85,0.7455287325337674
ENSG00000166839.18,5005,29,0.18910327319500805
ENSG00000090487.11,3983,574,4.703343697470654
ENSG00000103707.10,3432,240,2.2822808833880286
ENSG00000103710.11,2681,698,8.496963226202636
ENSG00000234438.5,3203,892,9.088936008786868
ENSG00000278737.1,622,12,0.6296453369604271
ENSG00000246922.10,8549,186,0.7100726042385633
ENSG00000090470.15,3235,335,3.3796805477188103
ENSG00000166855.9,5461,1929,11.52829765317593
ENSG00000138615.6,5678,348,2.0002716780718885
ENSG00000138617.16,3726,94,0.8233606987252249
ENSG00000103742.12,7619,834,3.5725079763042795
ENSG00000074603.19,10211,2562,8.188719205987057
ENSG00000074696.13,7094,235,1.0811396826368014
ENSG00000138614.16,4210,268,2.0775803461986415
ENSG00000074621.14,9084,42,0.1508958496876761
ENSG00000174485.16,10623,438,1.3456498244387254
ENSG00000103769.10,5680,935,5.372400801292189
ENSG00000166938.13,5436,1792,10.758796358599755
ENSG00000075131.10,2739,47,0.5600295661646929
ENSG00000169032.11,6462,668,3.373763526845528
ENSG00000174446.13,2476,351,4.62659629967267
ENSG00000174444.15,5609,23581,137.2087817453691
ENSG00000174442.12,4851,64,0.43057997618567795
ENSG00000137834.15,8556,16,0.06103154115464948
ENSG00000166949.17,10011,2761,9.001068676674775
ENSG00000103591.13,4138,594,4.684908235784096
ENSG00000103599.20,7122,18,0.08248513049481586
ENSG00000259673.6,11554,559,1.5790088884835454
ENSG00000189227.6,4751,681,4.6780753371285275
ENSG00000270964.1,1533,22,0.4683663182738903
ENSG00000137764.20,5031,412,2.6726865538797275
ENSG00000033800.14,10647,767,2.3511115766965562
ENSG00000128973.13,7344,174,0.7732531718472349
ENSG00000169018.6,7624,1416,6.061575177275382
ENSG00000137809.17,10866,66,0.1982345571269668
ENSG00000103647.13,3975,72,0.5911538107009595
ENSG00000140350.15,7544,1160,5.018355685795416
ENSG00000258484.4,1563,38,0.79346860654706
ENSG00000138604.10,6630,268,1.3192478518093935
ENSG00000137807.16,6576,10,0.04962989147270196
ENSG00000137818.12,3252,15301,153.55869344806248
ENSG00000140332.18,12617,100,0.2586717653360451
ENSG00000137831.15,10996,9241,27.427698645003584
ENSG00000166173.11,5552,176,1.034590152613651
ENSG00000137821.12,9992,35,0.11431961390469458
ENSG00000129028.9,2047,63,1.0044488753513798
ENSG00000187720.15,16031,307,0.6250041361213764
ENSG00000259781.1,646,90,4.546897054056335
ENSG00000212664.5,555,11,0.64685186118367
ENSG00000066933.17,20319,818,1.313881214889666
ENSG00000166192.15,4982,161,1.0546959610245399
ENSG00000067225.21,8572,44750,170.37897740341626
ENSG00000137817.17,7646,1216,5.190442823052282
ENSG00000213614.11,15893,232,0.4764169797224012
ENSG00000261423.3,2960,30,0.3307765199234676
ENSG00000261187.1,1135,26,0.7476229360737171
ENSG00000166233.15,22878,2685,3.8302874227696937
ENSG00000140463.14,4148,349,2.74594484202619
ENSG00000159322.18,6006,166,0.9020443491486017
ENSG00000067141.17,8137,1364,5.470854748268424
ENSG00000156642.17,4032,994,8.045832572582865
ENSG00000281183.1,2283,235,3.3594414842862332
ENSG00000103855.18,5482,151,0.8989655438708081
ENSG00000129038.16,3637,28,0.2512579779237192
ENSG00000067221.14,10458,104,0.3245561416881503
ENSG00000140464.20,12672,312,0.8035530610262016
ENSG00000167178.17,5847,27,0.150707824367388
ENSG00000129009.13,2632,170,2.1079881563511766
ENSG00000140459.18,3397,23,0.2209720878852878
ENSG00000138623.10,3800,15,0.1288287498649295
ENSG00000138629.16,1885,679,11.75610752967254
ENSG00000247240.10,4009,22,0.1790984200333933
ENSG00000179361.18,6183,64,0.33782038888512433
ENSG00000179335.20,19697,729,1.2079044283421425
ENSG00000179151.13,5089,252,1.6161185677691294
ENSG00000103653.17,4546,141,1.0122663759734452
ENSG00000140474.14,3514,631,5.860473846065793
ENSG00000140497.16,5000,318,2.075688817823744
ENSG00000178802.18,9090,615,2.2080879239775593
ENSG00000178761.15,5015,224,1.4577471835829579
ENSG00000178741.12,1326,8840,217.57744421632535
ENSG00000138621.12,3750,62,0.5395920616564869
ENSG00000167173.19,5807,43,0.24166945327971387
ENSG00000140365.16,6650,133,0.652732332648976
ENSG00000140398.14,6939,165,0.7760544378662708
ENSG00000140400.18,9124,691,2.471712197832324
ENSG00000260274.2,2206,18,0.26630058902270104
ENSG00000169375.17,12845,470,1.1941774867458885
ENSG00000169410.11,8658,136,0.5126564867189926
ENSG00000169371.14,3516,189,1.754357378706719
ENSG00000177971.9,2510,169,2.197445502344163
ENSG00000275454.1,1217,14,0.3754417689846206
ENSG00000173548.9,8002,189,0.7708473561025774
ENSG00000173546.7,8290,210,0.8267417964794029
ENSG00000140367.12,3830,565,4.814540051523127
ENSG00000167196.14,11821,388,1.0712297820311427
ENSG00000169752.17,5020,255,1.657836103839531
ENSG00000169758.13,5144,301,1.9097242625130426
ENSG00000140374.17,9591,3589,12.212784599505659
ENSG00000140386.13,11610,699,1.9649435853644888
ENSG00000117906.14,9901,1283,4.229146463936149
ENSG00000140391.15,8400,5688,22.099651833972477
ENSG00000173517.11,24184,1016,1.3711049660340715
ENSG00000140382.15,6403,564,2.874754299656587
ENSG00000260139.7,4801,35,0.23792576174457572
ENSG00000167202.12,9763,167,0.55826231461835
ENSG00000136425.14,2137,31,0.4734371153981811
ENSG00000166411.14,6823,917,4.386307702177276
ENSG00000103740.10,8148,11,0.044060233548961325
ENSG00000140403.13,6591,3630,17.97465003425719
ENSG00000140395.9,7188,409,1.8570361995925937
ENSG00000259562.2,695,17,0.7983057305778845
ENSG00000136381.13,10803,1282,3.8730114341200927
ENSG00000188266.14,5707,57,0.3259658573768323
ENSG00000041357.16,6994,1703,7.946834161432702
ENSG00000169684.13,3623,21,0.18917166692835355
ENSG00000136378.15,7760,22,0.09252649045281879
ENSG00000185787.15,6552,5377,26.783743533680898
ENSG00000252061.1,97,16,5.383359444527637
ENSG00000103811.18,13757,456,1.0817981525330127
ENSG00000166557.14,19413,13,0.021855252471119066
ENSG00000136371.11,3027,17,0.18329120672336627
ENSG00000180953.11,1614,12,0.24265142477657103
ENSG00000278600.1,2261,38,0.5485145652512404
ENSG00000259642.2,4223,18,0.1391094244338334
ENSG00000086666.19,5153,2033,12.876041454253528
ENSG00000103876.14,10161,370,1.1884212335406021
ENSG00000259417.3,6893,15,0.07102121710238389
ENSG00000259495.3,8069,62,0.2507708800609525
ENSG00000172379.22,7737,365,1.5396620228568973
ENSG00000136379.12,3620,11,0.09917203949086655
ENSG00000117899.11,7455,234,1.0244088922861194
ENSG00000140406.4,4866,65,0.43595973717821057
ENSG00000172349.19,12481,53,0.13858991118658656
ENSG00000172345.14,6339,15,0.0772281510469683
ENSG00000183496.6,4342,32,0.24052780567442697
ENSG00000140598.16,6695,374,1.8231657386909415
ENSG00000274376.5,4793,26,0.17703985654989965
ENSG00000197978.10,6778,48,0.2311238711061586
ENSG00000290947.1,3411,16,0.15308879100533007
ENSG00000103723.17,14432,22,0.049750939988489035
ENSG00000250988.7,1053,13,0.40292119299319523
ENSG00000252690.3,4325,19,0.1433747320269427
ENSG00000186628.12,6536,3298,16.46810918816037
ENSG00000156232.7,5123,533,3.395533215907713
ENSG00000103942.13,14685,2561,5.6916837041676125
ENSG00000169612.4,1565,120,2.5024881762900044
ENSG00000169609.14,13899,179,0.4203147260384442
ENSG00000064726.10,4066,9696,77.82701300251442
ENSG00000136404.16,2496,349,4.563373078815959
ENSG00000166503.9,16058,314,0.6381801981933569
ENSG00000259986.2,2186,36,0.5374740159049208
ENSG00000156218.13,9752,167,0.5588920198542813
ENSG00000290689.1,4694,13,0.0903868803199477
ENSG00000230373.9,1828,22,0.3927820382461016
ENSG00000291027.1,2960,14,0.1543623759642849
ENSG00000291028.1,2958,14,0.15446674538684355
ENSG00000275120.3,3668,32,0.28472511784033855
ENSG00000176371.14,4878,89,0.5954610250692791
ENSG00000291159.1,10903,35,0.10476764029493792
ENSG00000177082.13,9622,73,0.2476068399676536
ENSG00000140612.14,5492,1340,7.963049214763546
ENSG00000285667.1,1711,22,0.41964089182575903
ENSG00000166716.10,8190,1845,7.352204845771435
ENSG00000136383.7,10261,10730,34.12833997331408
ENSG00000156222.12,3447,45,0.42606549128523247
ENSG00000073417.15,8004,386,1.573929787621844
ENSG00000291211.1,7790,18,0.07541195114044653
ENSG00000170776.22,20280,3739,6.017175029029885
ENSG00000183655.13,7111,73,0.3350405026253358
ENSG00000273540.5,16503,1309,2.588700913280948
ENSG00000259560.2,1545,34,0.718216806150977
ENSG00000140538.17,26773,40,0.04876049248488971
ENSG00000259494.2,6402,106,0.5403750957575091
ENSG00000181991.16,5628,324,1.878867055599398
ENSG00000140543.15,6859,38,0.18081228051218176
ENSG00000181026.15,5976,70,0.3822896861230617
ENSG00000140511.12,3489,18,0.16837463438924577
ENSG00000140545.16,8325,2574,10.090889034465253
ENSG00000140526.18,10068,513,1.6629503707237026
ENSG00000140525.20,17853,24,0.04387379147363307
ENSG00000140521.18,8280,655,2.581761339885745
ENSG00000140534.14,8415,10,0.038783858149077616
ENSG00000166819.12,3795,53,0.45579464598676855
ENSG00000166821.9,3171,235,2.41867073750409
ENSG00000241362.2,307,10,1.0630819749983325
ENSG00000166823.6,1094,57,1.7004452907217384
ENSG00000166825.15,5046,23,0.14875984592673852
ENSG00000157823.17,9237,780,2.755933850093111
ENSG00000242498.8,8590,533,2.0250659679971146
ENSG00000140548.10,5004,634,4.135014977012899
ENSG00000259291.2,2902,1519,17.08305329589584
ENSG00000182054.10,2787,19929,233.3746440143783
ENSG00000185033.15,6995,44,0.20529108389245854
ENSG00000185043.13,3520,259,2.401387416989841
ENSG00000183208.13,5766,16,0.09056293203593148
ENSG00000182768.9,3116,1111,11.636483016255013
ENSG00000271396.1,894,13,0.47458167362621306
ENSG00000196391.11,8472,244,0.9399592136824255
ENSG00000140575.13,11507,1110,3.148226684802136
ENSG00000140577.17,10816,599,1.8074457620966007
ENSG00000140564.13,4960,693,4.559914380299803
ENSG00000182511.12,4202,72,0.5592185620029305
ENSG00000196547.15,9763,2756,9.212999635258518
ENSG00000184508.12,5229,55,0.3432805344778513
ENSG00000140553.18,7498,171,0.744313342777907
ENSG00000166965.13,4958,104,0.6845922004386196
ENSG00000284946.1,7148,21,0.0958826174148608
ENSG00000184056.15,3755,20,0.17383018179733054
ENSG00000185518.12,13710,116,0.27613767537301687
ENSG00000176463.14,9422,175,0.6061778720737149
ENSG00000260337.4,3889,11,0.09231236383567418
ENSG00000185442.13,4469,85,0.6207456732508723
ENSG00000260361.1,1736,12,0.22559873248236503
ENSG00000272888.8,6465,461,2.327220459019165
ENSG00000173575.24,21410,2567,3.913040396800378
ENSG00000182175.15,13230,1773,4.373750664348582
ENSG00000258476.8,13239,14,0.03451262428085832
ENSG00000277654.7,1439,18,0.40824120874501635
ENSG00000248441.9,25671,52,0.06610977620222579
ENSG00000273771.1,2797,16,0.18669498252384012
ENSG00000247809.11,11966,60,0.16364674895093836
ENSG00000185551.15,6476,892,4.495346206940138
ENSG00000259275.5,7359,15,0.06652388225122056
ENSG00000259664.3,8614,22,0.08335332782840418
ENSG00000140450.9,4062,715,5.744751573658517
ENSG00000140443.15,13941,1090,2.551747516632178
ENSG00000183571.11,1627,235,4.7139550759836935
ENSG00000182253.15,7774,19632,82.41858216210895
ENSG00000103852.13,6148,470,2.4949918375489495
ENSG00000261616.1,2677,470,5.729999931733634
ENSG00000168904.15,9279,376,1.322488183403465
ENSG00000259706.1,2384,10,0.13689855969986917
ENSG00000068305.19,7128,4057,18.57558272697037
ENSG00000183060.16,5697,161,0.9223267119228117
ENSG00000140470.15,8390,32,0.12447815640504907
ENSG00000189419.8,5783,43,0.2426724044951234
ENSG00000270127.2,2389,24,0.327868898777217
ENSG00000259205.2,1122,14,0.4072305105653148
ENSG00000140471.17,7724,192,0.811267528926744
ENSG00000183475.13,5338,149,0.9109883623519804
ENSG00000184254.17,5335,17,0.10399671654201119
ENSG00000259583.4,7758,17,0.07151617462640239
ENSG00000154237.13,17491,52,0.09702727487778502
ENSG00000131873.7,5667,186,1.07118593499832
ENSG00000131871.15,3758,345,2.996176886161479
ENSG00000131876.18,3669,215,1.91247549086304
ENSG00000140479.18,21740,106,0.15912977750872004
ENSG00000286733.1,7483,11,0.04797578283535172
ENSG00000184277.13,11894,485,1.3308188218208905
ENSG00000185418.16,4455,2109,15.450196291320884
ENSG00000234769.7,1246,20,0.5238622252399487
ENSG00000161980.6,1869,165,2.881242238819718
ENSG00000161981.11,2242,473,6.8854235803516
ENSG00000007384.15,4914,237,1.5740492759239657
ENSG00000103152.12,1497,113,2.4635522240926617
ENSG00000103148.17,6426,550,2.793361211927613
ENSG00000188536.13,827,38,1.4996268827485546
ENSG00000206172.8,835,15,0.5862865263314158
ENSG00000007392.17,6176,682,3.603978714917436
ENSG00000167930.17,6132,1719,9.149110239918379
ENSG00000076344.16,4798,10,0.06802129352323635
ENSG00000103126.15,7537,339,1.4679332676661996
ENSG00000086504.18,3053,497,5.312937591328875
ENSG00000129925.11,4428,290,2.1374477920980475
ENSG00000293232.1,2291,24,0.34189384512386356
ENSG00000103202.13,3665,369,3.2859240211114895
ENSG00000090565.17,6287,137,0.7111844247885297
ENSG00000103326.12,7992,185,0.7554772368622409
ENSG00000007541.17,7856,113,0.46944216897488733
ENSG00000197562.10,4182,212,1.6544626317740665
ENSG00000127578.7,4879,10,0.06689202015259031
ENSG00000130731.16,1830,385,6.866173444531579
ENSG00000172366.20,5019,854,5.553231839830899
ENSG00000161996.19,10534,67,0.2075805310778498
ENSG00000140983.15,5160,489,3.092888669237881
ENSG00000103266.11,2318,492,6.927185238638833
ENSG00000161999.13,2628,123,1.5275128789159829
ENSG00000127580.17,3651,85,0.7598226277069703
ENSG00000261659.2,3554,14,0.12856292426963514
ENSG00000103260.9,3689,126,1.114723148736392
ENSG00000103254.10,1912,72,1.2289939317658547
ENSG00000103245.14,8094,190,0.7661177613250894
ENSG00000007376.8,2769,98,1.1550698555362886
ENSG00000127586.17,5916,35,0.19308343173355444
ENSG00000287855.1,1814,12,0.21589823571630964
ENSG00000103227.19,8218,53,0.2104819519980271
ENSG00000260807.8,7545,14,0.06055833437432515
ENSG00000005513.11,5536,21,0.12380219459563313
ENSG00000196557.14,14162,106,0.24427915287668223
ENSG00000103275.22,16527,635,1.2539633062022744
ENSG00000007516.15,6808,52,0.24928085559449736
ENSG00000007520.4,1210,386,10.41135042985557
ENSG00000090581.11,5718,377,2.1518021109536902
ENSG00000059145.19,7494,181,0.7882609568285608
ENSG00000174109.5,1005,80,2.5979396324337363
ENSG00000103249.19,8331,305,1.194834722469918
ENSG00000260051.1,570,11,0.6298294437840998
ENSG00000100726.15,4239,176,1.3550470694293442
ENSG00000187535.14,8130,61,0.2448749833430968
ENSG00000131634.14,1954,140,2.33834510160841
ENSG00000007545.16,8596,119,0.45180983937429126
ENSG00000206053.13,4768,317,2.169842171242926
ENSG00000138834.15,11666,438,1.2253418553928148
ENSG00000103024.8,1242,60,1.5766481464951114
ENSG00000074071.15,1092,328,9.802939794361912
ENSG00000197774.14,7306,92,0.410972998930371
ENSG00000095906.17,4947,341,2.249663689441084
ENSG00000063854.13,5839,1250,6.986773555499401
ENSG00000180185.13,3009,636,6.89826792231221
ENSG00000198736.13,2011,386,6.264412739992659
ENSG00000140986.8,2758,12164,143.94191614108314
ENSG00000140990.15,1040,6496,203.8533285042187
ENSG00000140988.16,2388,8563,117.02987781560265
ENSG00000255198.6,615,28,1.485894740989539
ENSG00000183751.16,7119,260,1.1919539716865697
ENSG00000127554.13,2701,120,1.4499792654179404
ENSG00000167962.15,4699,181,1.2571244116776408
ENSG00000065054.14,3516,1136,10.544708900586418
ENSG00000065057.9,2430,80,1.07445651464852
ENSG00000103197.19,20527,1373,2.1829821521095245
ENSG00000008710.20,18534,1926,3.3915033794160143
ENSG00000259933.6,691,15,0.7084649051906399
ENSG00000261123.1,596,14,0.7666319343192673
ENSG00000167964.13,2488,12,0.15741133424010678
ENSG00000260260.3,614,35,1.8603934562470816
ENSG00000131653.14,4489,273,1.984806491570177
ENSG00000167965.18,4360,549,4.1095189291776135
ENSG00000182685.8,1038,16,0.5030692351822552
ENSG00000184207.9,3164,702,7.241120377995911
ENSG00000167967.16,6388,240,1.226172196585428
ENSG00000167969.13,3204,1188,12.101217403042815
ENSG00000261663.1,788,25,1.0354256545827667
ENSG00000205937.12,8567,2518,9.592506207599637
ENSG00000167972.14,7804,197,0.8238612860830875
ENSG00000162063.13,6309,24,0.12415260725610577
ENSG00000162065.14,12213,229,0.611953263639628
ENSG00000279520.1,1342,10,0.2431938646233145
ENSG00000162066.16,4366,27,0.20182974097025144
ENSG00000140992.19,10911,577,1.7259030150236423
ENSG00000291228.1,2762,18,0.21269337414340278
ENSG00000260565.9,12271,187,0.4973553345503974
ENSG00000167977.9,3372,240,2.322890863519488
ENSG00000205913.7,6556,10,0.049781294436316056
ENSG00000167978.19,12968,19944,50.19314328482102
ENSG00000103363.16,5714,1502,8.578963630020668
ENSG00000276791.1,3250,64,0.6426902967620688
ENSG00000162076.13,1338,221,5.390651925090573
ENSG00000059122.17,8425,672,2.603181765816688
ENSG00000162073.14,2942,223,2.4738156047029514
ENSG00000272079.2,1269,19,0.4886491063960027
ENSG00000006327.14,1801,32,0.5798843599324608
ENSG00000103145.11,1428,1765,40.33867531951831
ENSG00000131652.14,1860,105,1.842389648605981
ENSG00000261971.9,7247,55,0.2476906188470656
ENSG00000008517.19,3209,865,8.79734290653419
ENSG00000262370.7,2125,43,0.6604115365624934
ENSG00000263072.10,14513,563,1.2660659521855355
ENSG00000263011.3,462,32,2.260544874974809
ENSG00000122386.11,2330,33,0.4622353428630088
ENSG00000085644.15,6442,247,1.251357390284827
ENSG00000010539.12,7498,77,0.33515863973040255
ENSG00000281005.2,4052,16,0.12887114168785316
ENSG00000006194.11,8450,110,0.42485536444607913
ENSG00000140993.11,4140,55,0.4335782402861557
ENSG00000162086.16,8063,362,1.465267917765902
ENSG00000140987.21,4013,80,0.6506178247186405
ENSG00000103343.13,2890,105,1.1857594278225343
ENSG00000167981.7,5483,66,0.392853674583553
ENSG00000122390.19,7349,649,2.8821831806312797
ENSG00000103351.13,7746,360,1.51680635007508
ENSG00000167984.18,6689,64,0.3122654304794026
ENSG00000188827.12,10096,175,0.5657099753049267
ENSG00000213918.11,11249,129,0.37426647218294035
ENSG00000126602.11,5183,1687,10.622799972784321
ENSG00000005339.15,15479,1808,3.812068148554005
ENSG00000162104.10,10613,2268,6.974450817148204
ENSG00000185739.13,5702,17986,102.94671812543392
ENSG00000262468.8,5267,39,0.24166091677719828
ENSG00000090447.12,7867,70,0.2903982667181157
ENSG00000089486.17,4274,42,0.3207154652697356
ENSG00000153443.13,3591,217,1.9721932078087971
ENSG00000102858.13,10185,655,2.09886930724143
ENSG00000168101.15,2200,133,1.9730318236889506
ENSG00000168096.15,7868,108,0.44798609510732984
ENSG00000103199.14,6463,116,0.5857724786266535
ENSG00000067836.13,3613,177,1.5988599900203262
ENSG00000140632.17,5416,1224,7.375778943522404
ENSG00000118900.15,8592,942,3.5781765442000437
ENSG00000118898.16,7699,122,0.5171668046705746
ENSG00000103184.12,6463,189,0.9544051591417027
ENSG00000103174.13,5484,87,0.5177581413244067
ENSG00000033011.14,10637,29,0.08897827228927474
ENSG00000118894.15,3135,29,0.30190171685518835
ENSG00000078328.23,15744,3669,7.605674950740261
ENSG00000067365.15,8254,486,1.9216617014017592
ENSG00000183044.12,9713,36,0.12096347150912767
ENSG00000184857.8,1972,88,1.456400742218811
ENSG00000140650.13,12581,96,0.24903546591805784
ENSG00000153048.11,5577,70,0.4096401585568256
ENSG00000187555.17,8737,2951,11.023309566482366
ENSG00000182831.12,15874,1318,2.709780819047973
ENSG00000183454.18,18663,12,0.02098480413595808
ENSG00000166669.14,6391,30,0.15319957737028073
ENSG00000279662.1,4439,27,0.19851062155352958
ENSG00000213853.10,8652,443,1.671061161370183
ENSG00000103274.11,1955,101,1.6860860766635957
ENSG00000166676.17,5772,12,0.0678515938304549
ENSG00000179583.21,22553,225,0.32559919932164155
ENSG00000182108.11,6692,39,0.19020144182090606
ENSG00000038532.17,12548,511,1.3290812160648182
ENSG00000189067.14,5058,263,1.697000825293404
ENSG00000184602.6,3264,804,8.039166596963494
ENSG00000153066.13,4268,476,3.6398850789703916
ENSG00000262420.3,2597,73,0.9173943065724924
ENSG00000122299.12,7067,794,3.666828018418615
ENSG00000171490.13,6162,3392,17.965498801893276
ENSG00000103342.13,8054,4892,19.82348256343923
ENSG00000261560.1,1495,13,0.28379666636912004
ENSG00000234719.9,3799,21,0.18040772552814555
ENSG00000048471.14,11299,240,0.6932284265676355
ENSG00000103381.12,6354,298,1.5306439654500699
ENSG00000175595.16,15850,231,0.47565037489562617
ENSG00000262097.3,5218,63,0.39404117436647657
ENSG00000186260.17,16580,1233,2.4270777025216757
ENSG00000262454.4,6049,1218,6.571565392349585
ENSG00000103429.11,4285,42,0.3198921583577246
ENSG00000103512.16,5776,26,0.14690997791614768
ENSG00000183426.17,7366,12,0.05316853103304177
ENSG00000179889.20,9410,60,0.20809744930360555
ENSG00000085721.13,4139,39,0.30752066892135865
ENSG00000183793.14,1516,10,0.21528111235124542
ENSG00000156968.9,6012,36,0.19542884211047193
ENSG00000166780.11,3508,20,0.18606965012798635
ENSG00000166783.22,10906,77,0.2304254062624755
ENSG00000133393.13,2392,52,0.7094916659228002
ENSG00000103222.20,8736,141,0.5267585788891118
ENSG00000103226.19,12002,42,0.11420912335967753
ENSG00000183889.12,7897,31,0.12811638794553792
ENSG00000103489.12,11083,72,0.21202169065562698
ENSG00000205746.10,6405,26,0.13248275291860562
ENSG00000185164.15,6801,264,1.2668823395039677
ENSG00000134419.15,6679,2555,12.4848862847592
ENSG00000170540.15,3558,385,3.5315057345398513
ENSG00000157106.18,25161,3200,4.150756059927514
ENSG00000170537.13,5638,49,0.28364565714614964
ENSG00000167186.11,4105,982,7.8073465366783745
ENSG00000205730.7,7698,364,1.5432227142389408
ENSG00000006007.12,4390,1696,12.608588111305963
ENSG00000103540.17,11313,429,1.2376123517475945
ENSG00000103544.17,9767,800,2.6732152458235947
ENSG00000103550.14,7758,134,0.5637157294081129
ENSG00000174628.17,4993,53,0.34643314270374254
ENSG00000167191.12,6654,3198,15.685587615054295
ENSG00000183549.10,3963,365,3.0058958038970007
ENSG00000066654.14,6501,1088,5.4620272105990315
ENSG00000196678.14,6761,190,0.9171656796576354
ENSG00000005189.20,4111,25,0.1984712760426223
ENSG00000188215.10,6222,109,0.5717440072222628
ENSG00000102897.10,3593,655,5.949619786878366
ENSG00000158486.15,15023,21,0.04562131060916095
ENSG00000011638.11,2558,1118,14.264166299874029
ENSG00000169246.17,3972,163,1.3393173492168065
ENSG00000291073.1,7153,16,0.07300235790845533
ENSG00000287809.1,1715,34,0.6470233035004428
ENSG00000197006.15,6951,2018,9.474995304888749
ENSG00000140749.9,3467,13,0.12237554549230877
ENSG00000260306.1,1665,22,0.4312345741224467
ENSG00000291066.1,6659,69,0.33817788671556803
ENSG00000185864.19,7986,136,0.555795124219013
ENSG00000274460.2,2797,32,0.37338996504768024
ENSG00000140740.11,4589,16426,116.82045430477316
ENSG00000185716.12,6231,480,2.51413512816168
ENSG00000103319.12,8030,2062,8.380660460287602
ENSG00000058600.16,9486,827,2.845296432114185
ENSG00000286808.1,1689,36,0.6956294841729763
ENSG00000140743.8,3950,87,0.718831809372923
ENSG00000290865.1,3366,75,0.7271973402952051
ENSG00000243716.12,12775,532,1.3591138981184159
ENSG00000103404.15,12199,260,0.6955914685168202
ENSG00000168434.13,4352,234,1.7548180817998666
ENSG00000280039.1,4301,18,0.13658663087283854
ENSG00000103365.15,8231,1060,4.2029903572343255
ENSG00000103356.18,6990,630,2.9414976364009653
ENSG00000103353.16,8260,2714,10.723459750661751
ENSG00000260751.2,1024,70,2.2310187151088052
ENSG00000004779.10,1548,1908,40.22652747720434
ENSG00000083093.11,7433,151,0.6630067417596892
ENSG00000166847.10,12683,598,1.5388075964838277
ENSG00000166851.15,4760,42,0.28797014675690125
ENSG00000122257.20,10475,1149,3.5799019103277976
ENSG00000090905.19,12968,2111,5.312762007333392
ENSG00000261669.1,579,11,0.6200393488029998
ENSG00000140750.17,9903,501,1.6511102628351866
ENSG00000262155.2,5675,59,0.3393057940642255
ENSG00000260448.7,2240,26,0.37881787162663794
ENSG00000262700.1,1869,10,0.17462074174664957
ENSG00000275494.2,577,71,4.015944161011898
ENSG00000205629.12,2604,379,4.750106645045352
ENSG00000155592.16,7884,202,0.8361994621708091
ENSG00000274925.1,3115,47,0.49243049172555176
ENSG00000230330.1,273,13,1.554124601545181
ENSG00000155666.12,4026,88,0.7133686695617226
ENSG00000169189.17,3745,281,2.4488355871076406
ENSG00000077238.14,5884,46,0.25514690093348824
ENSG00000077235.18,11562,1510,4.262350035893245
ENSG00000047578.14,9759,68,0.22740956358300224
ENSG00000261329.7,5314,10,0.0614162902379541
ENSG00000169180.12,7113,309,1.4177863825989991
ENSG00000283662.1,2681,231,2.8120322424825344
ENSG00000188322.8,5243,901,5.608543121464118
ENSG00000246465.1,2481,160,2.1047394845593748
ENSG00000205609.13,3053,427,4.564636522127626
ENSG00000188603.22,9813,14,0.04656197216491218
ENSG00000176046.9,5508,161,0.9539751775280061
ENSG00000176476.9,2124,288,4.425303950162549
ENSG00000293550.1,7948,29,0.1190817667766753
ENSG00000184110.15,6925,629,2.9643944926801877
ENSG00000251417.2,1963,11,0.18288475952976915
ENSG00000168488.19,6544,747,3.7254817580133346
ENSG00000178952.11,2211,2832,41.80321044916102
ENSG00000178188.16,7145,873,3.987650989521037
ENSG00000261766.1,544,10,0.5999378057435442
ENSG00000260442.7,2001,100,1.6310153239604603
ENSG00000196296.14,4544,142329,1022.2572642341123
ENSG00000177548.13,4498,103,0.7473480464967157
ENSG00000176953.13,5733,621,3.535206511207171
ENSG00000260853.2,3275,88,0.8769533629482428
ENSG00000169682.18,3792,19,0.16352735127018125
ENSG00000254206.6,7124,60,0.27487324507958005
ENSG00000169203.18,4380,34,0.2533435994299679
ENSG00000197471.12,7382,12,0.05305329173521887
ENSG00000103485.19,3680,70,0.6208052076824502
ENSG00000079616.14,7169,233,1.060724184036905
ENSG00000103495.15,3512,178,1.6541337587061182
ENSG00000167371.21,3755,38,0.33027734541492804
ENSG00000280789.2,3874,82,0.6908111935624166
ENSG00000013364.19,6141,188,0.9991343310373515
ENSG00000103502.14,3003,367,3.9885575438257446
ENSG00000174938.15,4113,12,0.09521988805966099
ENSG00000174943.11,6458,119,0.6013870206350895
ENSG00000279789.1,2194,31,0.46113724503460024
ENSG00000149932.17,2377,546,7.496673404003808
ENSG00000149930.18,8831,699,2.5832855878249026
ENSG00000149929.16,3560,316,2.8969581055769167
ENSG00000169592.15,5655,292,1.6852152178028383
ENSG00000149926.14,4932,35,0.23160616020594244
ENSG00000149925.22,3829,1345,11.464154967522497
ENSG00000149923.14,2733,387,4.62143089526443
ENSG00000149922.12,3103,26,0.27346182160608085
ENSG00000090238.12,3181,1199,12.301572883466243
ENSG00000102886.15,1572,10,0.20761206509191354
ENSG00000102882.12,3669,454,4.038436617915442
ENSG00000102879.17,4779,18,0.12292510972673751
ENSG00000198064.15,9722,95,0.31891365769210417
ENSG00000169217.9,3713,427,3.753254861851775
ENSG00000169221.14,6929,544,2.5623206015373285
ENSG00000180209.12,1094,51008,1521.689708581306
ENSG00000180035.13,3726,39,0.34160709840727416
ENSG00000180096.13,4215,36,0.27874690362233856
ENSG00000179965.12,5527,69,0.4074410254458056
ENSG00000179958.10,1564,190,3.964806368392118
ENSG00000179918.19,2244,561,8.1591541581122
ENSG00000005844.19,9864,31,0.10256844237691737
ENSG00000169957.10,2369,1263,17.399766486611583
ENSG00000278922.1,1377,80,1.8960997317326829
ENSG00000169955.8,3936,121,1.0033106231011957
ENSG00000235560.4,1832,15,0.2672212060517096
ENSG00000169951.10,2989,188,2.0527547430245487
ENSG00000229809.9,2290,245,3.4916904257423393
ENSG00000197162.10,4950,95,0.6263593091076033
ENSG00000156853.13,4162,153,1.199760294273106
ENSG00000288983.2,1066,45,1.3777183381427733
ENSG00000156858.12,3764,232,2.011608676601521
ENSG00000156860.16,7214,624,2.823017573973947
ENSG00000261840.5,1355,14,0.33720489509541207
ENSG00000080603.17,13863,96,0.2260055685432508
ENSG00000156873.16,7486,99,0.4316090096997638
ENSG00000103549.22,6286,231,1.1993411457358694
ENSG00000102870.6,6083,419,2.2480260346861827
ENSG00000099385.12,3740,159,1.3874925252832513
ENSG00000260083.3,2162,50,0.7547783680029789
ENSG00000150281.7,1644,195,3.871131534870753
ENSG00000260852.1,3951,46,0.37997579475895854
ENSG00000099364.18,4865,53,0.35554793042544436
ENSG00000175938.7,2641,42,0.5190223016141045
ENSG00000099381.20,6986,351,1.639772750928934
ENSG00000099377.14,2490,11,0.14417782448069752
ENSG00000103496.15,4055,341,2.744534222358827
ENSG00000260911.2,449,11,0.7995607638239128
ENSG00000167394.13,3855,26,0.22011725874025134
ENSG00000167395.10,8635,204,0.7710329812414078
ENSG00000167397.15,2190,40,0.5961025868940422
ENSG00000103507.14,3873,1204,10.145749141613313
ENSG00000103510.20,5726,904,5.152550023704807
ENSG00000262766.1,543,26,1.5627109253106242
ENSG00000278133.1,756,253,10.922042338636968
ENSG00000178226.11,3673,12,0.10662657217244369
ENSG00000089280.19,6989,2536,11.84238943767208
ENSG00000177238.15,8402,3951,15.347211653749733
ENSG00000169900.8,637,26,1.3321068013244413
ENSG00000169896.18,5688,15,0.08606702698430593
ENSG00000140678.17,7076,52,0.23983946649057913
ENSG00000156886.12,4388,58,0.431386455032368
ENSG00000156885.6,473,10085,695.8568260850872
ENSG00000176723.10,4568,55,0.3929540093661744
ENSG00000261474.1,449,14,1.0176227903213435
ENSG00000260267.1,3026,39,0.4206305514426647
ENSG00000140691.18,5545,73,0.42966149939923587
ENSG00000140682.19,5403,109,0.6584103670066482
ENSG00000140688.18,3608,100,0.9045625452452551
ENSG00000261614.1,1090,585,17.51598232108491
ENSG00000290927.1,6334,35,0.1803412665196887
ENSG00000197302.11,10022,129,0.420088160605258
ENSG00000185947.15,6284,111,0.5764902046788379
ENSG00000279800.2,2609,18,0.22516638535227232
ENSG00000261461.1,550,61,3.619697481053413
ENSG00000171241.9,6175,33,0.17441430750944303
ENSG00000069329.19,9733,1462,4.902366538234887
ENSG00000091651.9,4309,25,0.18935145412188908
ENSG00000140795.13,10644,1907,5.847240503389691
ENSG00000155330.10,7216,408,1.8453075923003204
ENSG00000166123.14,6362,3613,18.53443821015994
ENSG00000069345.12,4951,2001,13.190440291159376
ENSG00000171208.10,7429,111,0.48763823478285334
ENSG00000129636.13,7719,973,4.113930299698495
ENSG00000261369.1,870,16,0.6002136392174493
ENSG00000102893.18,11905,8981,24.620701719951512
ENSG00000259918.1,343,84,7.992640807946646
ENSG00000140798.17,9897,35,0.1154169528276961
ENSG00000102910.14,9953,1605,5.262912659005359
ENSG00000280067.1,2304,15,0.21247797286750525
ENSG00000196470.12,6688,184,0.8978973475434481
ENSG00000102921.8,7810,697,2.912640434419567
ENSG00000102924.13,2601,18,0.2258589386328637
ENSG00000102935.12,8974,857,3.1167350628491897
ENSG00000205423.12,4178,414,3.233977808959743
ENSG00000155393.14,8273,453,1.7870648295055371
ENSG00000121274.14,8592,299,1.1357481812269778
ENSG00000121281.13,8595,17,0.06455177228058519
ENSG00000166164.17,8597,1306,4.957941296030958
ENSG00000083799.18,12952,947,2.3862628127647483
ENSG00000224578.5,1924,172,2.9176185347095607
ENSG00000234337.4,739,23,1.0157539682629535
ENSG00000277639.3,3268,14,0.13981414714023357
ENSG00000177200.18,16546,922,1.8186244732937145
ENSG00000103479.17,8110,1335,5.372365376611487
ENSG00000279344.1,2594,12,0.15097895126807467
ENSG00000279722.1,2337,128,1.787542545551325
ENSG00000166971.17,5195,1892,11.88613641358867
ENSG00000103494.16,14211,32,0.07349037592276136
ENSG00000140718.22,21379,1170,1.7860910921916413
ENSG00000177508.12,2935,629,6.994354978470289
ENSG00000245694.12,14741,177,0.3918785119017325
ENSG00000176842.16,2842,36,0.4134124555834472
ENSG00000159387.8,2952,21,0.23217105327961549
ENSG00000087245.13,4706,479,3.321916567561194
ENSG00000260135.7,2202,14,0.20749892500194517
ENSG00000087253.13,7361,97,0.43007088892100725
ENSG00000087258.16,14555,49,0.10987249845345184
ENSG00000159461.15,5765,2554,14.458615590507243
ENSG00000167005.14,5930,375,2.0638669877180953
ENSG00000087263.17,5779,1338,7.556288813673041
ENSG00000125124.14,16813,373,0.724050318438316
ENSG00000125148.7,914,177,6.320220069959998
ENSG00000169715.15,1052,109,3.3815505826396577
ENSG00000187193.9,1727,436,8.23947009365818
ENSG00000102900.13,11123,236,0.6924608042127051
ENSG00000051108.15,5062,2421,15.609096970991418
ENSG00000140853.17,12386,227,0.5981359579820669
ENSG00000140848.17,7737,181,0.7635036332523244
ENSG00000172775.18,4335,1041,7.837305170560371
ENSG00000285979.1,3524,29,0.2685760165553392
ENSG00000159579.14,6058,427,2.300401997698191
ENSG00000102931.8,1994,10,0.16367410547868005
ENSG00000102934.10,8705,76,0.28493772131718664
ENSG00000006210.7,5960,331,1.8125369304262677
ENSG00000005194.15,3383,422,4.07113574309589
ENSG00000088682.14,4319,3731,28.1933819531527
ENSG00000102978.13,3666,990,8.813488943296322
ENSG00000125170.11,4786,62,0.4227894340183507
ENSG00000135736.6,2551,14,0.1791111849683588
ENSG00000205336.14,9011,290,1.0503405641338537
ENSG00000140854.13,4576,105,0.7488734148616969
ENSG00000140859.16,9602,81,0.2753140957330091
ENSG00000166188.3,5027,162,1.0517469453862556
ENSG00000103005.13,8773,205,0.7626246904880891
ENSG00000102996.5,4231,151,1.1647669845189719
ENSG00000070761.8,2302,150,2.1266257579788537
ENSG00000070770.10,10363,446,1.4046059073696968
ENSG00000103021.10,5927,147,0.8094453593672979
ENSG00000181938.14,5108,73,0.46641993229615564
ENSG00000103034.15,9647,1034,3.4981094224061433
ENSG00000103037.12,7739,279,1.1765881949157795
ENSG00000125107.19,10851,2317,6.968854551413131
ENSG00000103042.9,6657,377,1.8482806775474236
ENSG00000125166.13,3751,22024,191.62592501014464
ENSG00000150394.14,13529,22,0.0530715918333856
ENSG00000140937.14,13275,38,0.0934230833923205
ENSG00000179776.20,6012,1735,9.418584473935244
ENSG00000166548.17,10339,154,0.4861242829477818
ENSG00000289353.1,1743,12,0.22469271347641173
ENSG00000140931.20,3123,73,0.762879607482793
ENSG00000183723.13,8153,234,0.9367065242233559
ENSG00000135720.13,8089,1520,6.132730532985805
ENSG00000159593.15,4790,637,4.340193067822525
ENSG00000172840.7,8215,139,0.5522202935983426
ENSG00000166592.13,1585,1069,22.01169916724781
ENSG00000166595.12,1060,885,27.248495961997353
ENSG00000172831.14,5343,538,3.2862623522847576
ENSG00000265408.1,317,12,1.2354555192094185
ENSG00000172828.13,4928,805,5.331265501039222
ENSG00000172824.17,5012,27,0.17581577196251355
ENSG00000067955.15,4652,445,3.1219463459672654
ENSG00000125149.12,5987,371,2.0224126892664955
ENSG00000237172.4,2702,21,0.2536524608739545
ENSG00000102871.16,2173,17,0.2553255788088494
ENSG00000135722.9,3129,14,0.1460251303465271
ENSG00000102878.18,3913,405,3.377927353984607
ENSG00000140939.15,2994,1185,12.917298166149576
ENSG00000196123.13,4783,114,0.7778746176247469
ENSG00000179044.16,3045,34,0.3644154238105942
ENSG00000205250.9,3596,551,5.000771903359091
ENSG00000102890.16,2575,16,0.20279062761909936
ENSG00000280163.1,1675,10,0.19484547243253017
ENSG00000168701.19,1787,33,0.6026907380362678
ENSG00000135723.14,5230,2528,15.775404750828027
ENSG00000135740.17,5420,33,0.19871002746693925
ENSG00000262691.1,2677,11,0.13410638138099995
ENSG00000159713.11,2601,65,0.8156017228408967
ENSG00000159714.12,3531,69,0.6377588636757201
ENSG00000159720.13,8156,935,3.7414463648037803
ENSG00000270049.4,4828,54,0.36503258039607195
ENSG00000276075.3,976,20,0.6687831277141149
ENSG00000039523.20,6729,468,2.2698672290066937
ENSG00000261386.2,1184,22,0.6064236198596907
ENSG00000280214.1,2121,33,0.507783285653376
ENSG00000259804.1,899,10,0.3630324430750701
ENSG00000102974.16,10106,1052,3.3973600531700128
ENSG00000102977.18,3218,64,0.6490812506142709
ENSG00000102981.10,1484,55,1.2095781096931835
ENSG00000124074.12,2665,39,0.4776090238894947
ENSG00000159761.15,1790,31,0.5652151483831915
ENSG00000141098.13,8592,205,0.7786902245870584
ENSG00000141084.12,6341,680,3.499905268895314
ENSG00000289164.1,641,31,1.57836991514183
ENSG00000102901.13,5660,229,1.3204567506768154
ENSG00000168286.3,1876,423,7.35889596776431
ENSG00000102898.13,5003,1364,8.89793025917653
ENSG00000038358.15,6140,367,1.95075542412194
ENSG00000159792.10,3993,363,2.9669651484044373
ENSG00000261884.2,5685,16,0.09185327460319805
ENSG00000205220.12,1626,20,0.40143439892310956
ENSG00000213398.8,2625,76,0.9449077577394703
ENSG00000124067.17,8397,450,1.7490148248900754
ENSG00000167261.14,3498,13,0.12129102807942665
ENSG00000167264.18,4175,98,0.7660810610730499
ENSG00000182810.7,2317,120,1.6902865756986865
ENSG00000072736.19,8806,865,3.2058452631238046
ENSG00000263276.1,3022,38,0.41038763468995854
ENSG00000103067.14,5189,19,0.11950196878329684
ENSG00000103066.13,4460,291,2.12942947086157
ENSG00000103064.15,7588,358,1.5397876587264987
ENSG00000103061.13,5230,75,0.4680203149968758
ENSG00000279649.1,2704,52,0.6276272429317078
ENSG00000132600.18,13884,506,1.1894358985896785
ENSG00000103056.12,6984,10,0.046730550733746865
ENSG00000184939.16,7015,329,1.5306410366465655
ENSG00000275383.1,3043,10,0.10725145130610846
ENSG00000103047.8,6914,202,0.9535141104649493
ENSG00000103044.11,5200,54,0.3389187111831222
ENSG00000141076.18,5600,173,1.0082383352524364
ENSG00000168807.17,9857,358,1.1853412553937988
ENSG00000132612.16,5676,1012,5.818931647645911
ENSG00000213380.16,7851,150,0.6235501840360872
ENSG00000258429.2,2859,18,0.20547712465340276
ENSG00000132603.15,4744,158,1.0869699468648633
ENSG00000132604.11,5634,527,3.05280386320563
ENSG00000103018.18,10047,754,2.449289234683627
ENSG00000102908.23,20275,674,1.0849361090145746
ENSG00000181019.13,2971,171,1.8784454541059394
ENSG00000141101.13,2101,240,3.7281237466862036
ENSG00000198373.13,8993,315,1.1431707149139745
ENSG00000196696.14,5078,33,0.21209301868271183
ENSG00000090857.14,9679,916,3.0886600718383206
ENSG00000291263.1,2014,38,0.6157852194801663
ENSG00000261556.11,2997,12,0.1306771436734687
ENSG00000223496.3,5163,429,2.711816489506205
ENSG00000090861.17,10248,1268,4.038176218769037
ENSG00000157349.17,4455,172,1.2600444580878103
ENSG00000261777.6,1765,18,0.3328380166482031
ENSG00000168872.17,7847,331,1.3766688040449286
ENSG00000157350.13,9745,750,2.5117970727898005
ENSG00000157353.17,7231,179,0.8079040765050943
ENSG00000103051.21,5474,1252,7.464567779288619
ENSG00000189091.13,12416,1273,3.3461994984783607
ENSG00000157368.12,2233,33,0.48231453151402176
ENSG00000132613.16,4979,539,3.533066150811389
ENSG00000103043.15,8275,387,1.5263287778559138
ENSG00000180917.18,7582,297,1.2784324900866917
ENSG00000167377.19,7285,14,0.06271964761211851
ENSG00000157429.16,9225,27,0.09552180477789894
ENSG00000040199.18,12493,140,0.3657349178374156
ENSG00000166747.13,10980,1927,5.72775594268933
ENSG00000224470.9,9316,579,2.028402858543136
ENSG00000182149.21,7562,1488,6.422016073668847
ENSG00000102984.15,3402,37,0.35495438430352905
ENSG00000102967.12,6921,188,0.8865314155324917
ENSG00000140830.9,3142,140,1.4542095253159877
ENSG00000140829.12,6310,730,3.775710006606597
ENSG00000259768.8,8800,36,0.13351343167819968
ENSG00000140836.17,22347,1198,1.749615909324458
ENSG00000271009.3,2072,18,0.28352273136297224
ENSG00000103035.11,2701,1228,14.83812114944359
ENSG00000259972.3,4384,69,0.5136693767424652
ENSG00000239763.2,473,15,1.034987842466664
ENSG00000260884.1,513,10,0.6361913573576765
ENSG00000196436.9,2778,35,0.41118847449089574
ENSG00000090863.12,14111,1852,4.28339692461875
ENSG00000168411.14,6456,104,0.5257447536825706
ENSG00000168404.13,5692,52,0.2981560198326314
ENSG00000103091.15,9402,562,1.9508379650538428
ENSG00000186187.12,8830,1072,3.9622257112100927
ENSG00000166816.15,2368,1065,14.678208071603878
ENSG00000184517.12,3759,265,2.3007989911143745
ENSG00000050820.17,9199,706,2.504777839168264
ENSG00000280152.1,4084,53,0.4235408133006334
ENSG00000153774.9,3335,172,1.683207814327195
ENSG00000274220.1,2557,29,0.3701454369734124
ENSG00000166822.13,5572,160,0.937160563745838
ENSG00000205084.12,7074,23,0.10611283326920025
ENSG00000034713.8,3010,1642,17.803762295840844
ENSG00000065457.11,6118,204,1.0882428560018889
ENSG00000065427.15,4051,2763,22.259928846076537
ENSG00000166848.7,4422,954,7.041006844720977
ENSG00000103111.15,6935,225,1.058866437245996
ENSG00000140876.11,1638,37,0.7372129520150219
ENSG00000186153.19,17115,91,0.17352802299461534
ENSG00000260816.2,4284,10,0.07618257850711672
ENSG00000277954.1,4116,102,0.8087791293755535
ENSG00000285918.1,1218,31,0.8306528042741487
ENSG00000178573.7,6999,2262,10.547796374139049
ENSG00000166446.15,8825,28,0.10354960517944098
ENSG00000103121.9,12564,320,0.8312414296707751
ENSG00000278985.1,1776,11,0.2021412066198969
ENSG00000166451.14,5677,51,0.29319490016820315
ENSG00000166454.10,6259,1041,5.428138347080877
ENSG00000140905.11,3640,146,1.3090511066861334
ENSG00000166473.19,18637,31,0.054286372034442934
ENSG00000261609.8,15699,219,0.4552786191799662
ENSG00000153815.18,13062,110,0.27484518676844044
ENSG00000197943.12,18328,24,0.042736730640482945
ENSG00000135698.10,2188,152,2.2672603876289847
ENSG00000140945.17,11025,1603,4.745260450051286
ENSG00000230989.8,9862,600,1.9855982538500592
ENSG00000103150.7,16792,365,0.70940716238946
ENSG00000140961.14,5558,379,2.225490770726538
ENSG00000140943.18,10274,907,2.8811963486111614
ENSG00000260018.2,542,24,1.4451638361231942
ENSG00000103160.12,4512,703,5.085004763433403
ENSG00000103168.17,5577,267,1.5624846047810348
ENSG00000103175.11,8578,14,0.053265636844752086
ENSG00000140950.16,8157,80,0.32008450785777914
ENSG00000103187.8,6761,72,0.3475575207123671
ENSG00000135686.13,10009,349,1.137993726118956
ENSG00000103194.16,5075,1745,11.221851433226238
ENSG00000103196.12,7962,238,0.9755733180762141
ENSG00000279622.2,3069,14,0.1488799716045237
ENSG00000153786.13,3953,1865,15.397746020621561
ENSG00000135709.14,8758,323,1.2036569048048602
ENSG00000131149.19,13376,1359,3.315876345955288
ENSG00000131153.9,3219,46,0.4663822196622073
ENSG00000131148.9,4021,216,1.7531731391715848
ENSG00000131143.10,4816,6935,46.99645688248183
ENSG00000140968.12,7847,17,0.07070504431650691
ENSG00000103248.19,6861,190,0.9037978662243511
ENSG00000261175.6,5840,323,1.8050731459385214
ENSG00000103264.18,6910,1067,5.0395470255894175
ENSG00000140941.14,5037,3644,23.61084594175967
ENSG00000140948.13,8369,740,2.8857804167776453
ENSG00000104731.14,11177,181,0.5285163827926308
ENSG00000103257.9,4764,294,2.0140985075440696
ENSG00000172530.22,8156,99,0.3961531445086356
ENSG00000225614.4,13774,53,0.12558012788730846
ENSG00000179588.9,6162,90,0.4766789186823097
ENSG00000158545.16,8624,515,1.948963075801384
ENSG00000051523.12,4161,117,0.9176842456131965
ENSG00000167508.12,4717,308,2.1310319955043955
ENSG00000260630.9,6727,122,0.5918934486634092
ENSG00000185669.6,1740,301,5.645759543889133
ENSG00000158717.11,4377,223,1.6627748478492308
ENSG00000174177.13,3522,106,0.9822491093241266
ENSG00000103335.22,11292,141,0.4075241715528942
ENSG00000198931.11,1796,164,2.9801810287982207
ENSG00000141012.13,8402,113,0.4389356914385522
ENSG00000167515.11,4463,344,2.5155716158553414
ENSG00000129993.15,5975,215,1.1743719792429277
ENSG00000259881.1,3057,114,1.217067156067767
ENSG00000176715.17,14575,271,0.6068283435604547
ENSG00000129910.8,4647,713,5.0075118697947065
ENSG00000259877.3,2494,63,0.8244213503786185
ENSG00000170100.14,11343,231,0.6646441366565877
ENSG00000167522.17,19527,1747,2.919863228191123
ENSG00000268218.1,3660,13,0.11592240880377991
ENSG00000260279.4,1872,26,0.4532863421173445
ENSG00000261253.2,1360,142,3.407646736623331
ENSG00000197912.16,35761,2090,1.9073999262273984
ENSG00000167526.14,3866,8393,70.85336870050254
ENSG00000131165.16,7228,424,1.914488856137008
ENSG00000167523.15,5808,23,0.12924280002519328
ENSG00000275734.2,3077,14,0.1484928933553082
ENSG00000185324.22,6779,315,1.516526661634662
ENSG00000075399.14,3340,136,1.328916126351209
ENSG00000158805.12,7456,148,0.6478298365883078
ENSG00000141002.20,7967,771,3.15838225475311
ENSG00000140995.17,5793,293,1.6507040692745554
ENSG00000293473.1,2744,12,0.14272572871333297
ENSG00000293510.1,9614,178,0.6042560599725283
ENSG00000223959.12,2447,16,0.2133983923658279
ENSG00000003249.15,4462,699,5.112728602886983
ENSG00000141013.17,5615,246,1.4298499895961543
ENSG00000181031.16,6066,70,0.37661773232301626
ENSG00000187624.9,2712,37,0.44526357500022334
ENSG00000183688.4,3621,435,3.9207203079578106
ENSG00000141252.21,42876,588,0.44757744612090444
ENSG00000167695.15,2736,55,0.656072337275104
ENSG00000179409.11,5747,190,1.078990283654998
ENSG00000167699.14,4678,440,3.069711696938323
ENSG00000262228.3,1755,12,0.22315635304238504
ENSG00000171861.11,1985,287,4.7187450748175355
ENSG00000167693.17,5889,1496,8.290775765349537
ENSG00000159842.16,12532,22,0.05729377321368287
ENSG00000108953.17,3688,891,7.884822510713635
ENSG00000167193.8,4064,48,0.3854718499895528
ENSG00000197879.17,7806,1246,5.209483003334769
ENSG00000132376.20,5173,471,2.971553534483547
ENSG00000236618.3,601,27,1.4662040750018601
ENSG00000174238.16,4752,420,2.8845494498376474
ENSG00000167716.19,8086,40,0.16144752229754541
ENSG00000132386.11,2990,5520,60.25221532144395
ENSG00000186532.12,6798,522,2.506077358361029
ENSG00000132383.12,5492,1803,10.714460995685577
ENSG00000185924.7,3614,14,0.12642850936753827
ENSG00000108963.19,6198,427,2.248440674742762
ENSG00000177374.13,8108,188,0.7567444409102584
ENSG00000070366.14,10568,253,0.7813270257389808
ENSG00000167720.13,3252,121,1.2143390567424064
ENSG00000167721.11,4802,1007,6.84403851496792
ENSG00000141258.13,9771,620,2.0708936968701526
ENSG00000263345.1,1234,35,0.9256738915200229
ENSG00000070444.15,8701,107,0.4013467394175408
ENSG00000127804.13,8934,408,1.4904566360016918
ENSG00000007168.14,13771,4665,11.05582866824295
ENSG00000279432.1,3122,13,0.13589878802749342
ENSG00000132361.18,6900,3352,15.85477376115484
ENSG00000262050.2,1596,36,0.7361642849424542
ENSG00000132359.17,8090,33,0.1331283496750075
ENSG00000180016.2,1307,11,0.2746769571208392
ENSG00000159961.3,3812,10,0.08561546860558449
ENSG00000280268.1,1922,10,0.1698054975673715
ENSG00000108381.11,5845,852,4.757296385089202
ENSG00000167723.15,9597,30,0.10202130863535107
ENSG00000196689.13,5519,107,0.6327446964435626
ENSG00000197417.9,3788,20,0.1723158217130349
ENSG00000040531.16,4949,177,1.167242098190228
ENSG00000262903.1,874,13,0.48544166615770534
ENSG00000127774.7,772,41,1.733291815972022
ENSG00000083454.23,4031,87,0.7043874093334275
ENSG00000083457.12,6602,219,1.082614214254209
ENSG00000262692.1,291,11,1.233686539370917
ENSG00000074356.17,14720,607,1.3458170037973116
ENSG00000004660.15,7433,49,0.21514788308758126
ENSG00000074370.18,6893,83,0.3929840679665242
ENSG00000074755.15,15888,1391,2.8573472895100887
ENSG00000167740.10,2182,217,3.2457130198173196
ENSG00000185722.18,14224,899,2.062733292503619
ENSG00000132388.13,4586,6822,48.549280127903565
ENSG00000183018.9,4068,133,1.067028026577112
ENSG00000132382.15,5958,1393,7.630548333165691
ENSG00000188176.12,2480,3909,51.44215097429129
ENSG00000261863.1,1273,33,0.8460395513517759
ENSG00000141456.16,6577,842,4.178201490728584
ENSG00000141480.18,4265,145,1.109568443541636
ENSG00000161920.11,1475,127,2.810068008353219
ENSG00000161921.17,2793,21,0.2453880949808181
ENSG00000280254.1,2106,22,0.3409333171480883
ENSG00000142507.10,1447,1278,28.82487633467144
ENSG00000262165.2,644,15,0.7601696420601429
ENSG00000129219.14,4832,86,0.5808669350973918
ENSG00000141503.17,7865,441,1.8299743083165827
ENSG00000185245.9,2514,50,0.649097387280207
ENSG00000108528.14,2471,3505,46.29354160126793
ENSG00000108523.16,2744,1180,14.034696656811075
ENSG00000108518.8,1599,915,18.675737472602037
ENSG00000108515.18,4292,109458,832.3249728225959
ENSG00000091640.8,2776,2115,24.865433781566725
ENSG00000108509.21,6022,1305,7.072531502050098
ENSG00000196388.9,1553,130,2.7319769235147104
ENSG00000129250.12,8578,18044,68.65179651619333
ENSG00000227495.1,583,30,1.6794142349459078
ENSG00000180787.6,4987,450,2.9449523730904277
ENSG00000234327.10,2704,84,1.0138593924281434
ENSG00000167840.14,3355,99,0.9630477039083255
ENSG00000129204.17,11676,1145,3.200490411455454
ENSG00000262855.1,271,57,6.864528221585172
ENSG00000180626.10,5300,139,0.855941455077431
ENSG00000261879.9,4439,47,0.3455555264079959
ENSG00000029725.17,7059,1203,5.561956340676571
ENSG00000108559.13,11942,676,1.8474587877688322
ENSG00000129197.15,7431,459,2.0159072849271973
ENSG00000263272.1,1938,62,1.0441022864870104
ENSG00000108561.8,2335,1241,17.34562794041498
ENSG00000005100.13,5789,244,1.3755975916941627
ENSG00000072849.11,6383,311,1.5901594505235122
ENSG00000167842.16,3157,406,4.197170209937984
ENSG00000091592.17,20157,307,0.4970700652955194
ENSG00000179314.16,7181,436,1.9815575618643197
ENSG00000091622.16,10671,14,0.04281816445078093
ENSG00000129235.11,3557,65,0.5963958619930201
ENSG00000108590.11,2107,35,0.5421364889111097
ENSG00000132530.17,6615,299,1.4751849392444736
ENSG00000215067.12,6473,87,0.43865064838916207
ENSG00000262089.1,343,12,1.1418058297066638
ENSG00000108839.12,2650,19,0.23399838340246315
ENSG00000219200.12,1789,15,0.2736440746152779
ENSG00000161940.11,4345,305,2.290947772818616
ENSG00000132514.14,2469,12,0.15862268108116068
ENSG00000132535.22,10282,148,0.46977429114981745
ENSG00000072778.20,4820,17308,117.19389225610455
ENSG00000199053.3,83,12,4.7185469830046465
ENSG00000004975.12,5321,263,1.6131235057947824
ENSG00000040633.13,2733,287,3.4272627052736215
ENSG00000170296.10,1951,34,0.568757029986294
ENSG00000175826.12,2636,1903,23.56126003473068
ENSG00000170291.16,3039,544,5.842158423182675
ENSG00000181856.15,3995,5719,46.72060338447427
ENSG00000006047.13,4631,55,0.3876082735445226
ENSG00000132507.18,2685,2822,34.30187416639499
ENSG00000132522.16,3089,51,0.5388369855146938
ENSG00000215041.10,6170,477,2.5231225500288628
ENSG00000072818.12,7420,157,0.6905591389884721
ENSG00000213859.8,3056,62,0.6621303112604142
ENSG00000174292.13,3860,12,0.10146098434958178
ENSG00000205544.4,667,14,0.6850264360633933
ENSG00000169992.10,5717,173,0.9876044564305833
ENSG00000263301.1,330,10,0.9889883828014789
ENSG00000170175.11,4332,2217,16.702534412312787
ENSG00000174282.12,6132,1806,9.61215421366643
ENSG00000259224.3,1583,14,0.28863716541647716
ENSG00000181222.19,8355,1055,4.121080855443864
ENSG00000239697.12,4562,150,1.0731022566565807
ENSG00000161955.17,2276,14,0.20075247489204015
ENSG00000161956.14,3624,71,0.6394039130529429
ENSG00000161960.16,5199,36,0.2259892669298244
ENSG00000233223.5,1995,21,0.3435433329731453
ENSG00000129255.16,3290,224,2.2220675154007696
ENSG00000129245.13,4357,1546,11.580493301300404
ENSG00000141504.12,1643,531,10.547804888515104
ENSG00000129244.9,3464,141,1.3284535061129565
ENSG00000141510.18,6836,93,0.4440031227059302
ENSG00000141499.18,6009,94,0.5105411821351619
ENSG00000108947.5,3216,22,0.22326043716227414
ENSG00000132510.11,7392,481,2.123675946997819
ENSG00000167874.7,874,181,6.758841659580359
ENSG00000183011.14,1906,390,6.67800655123559
ENSG00000280046.1,7141,53,0.24222667434810066
ENSG00000170004.19,11016,461,1.3657843380136983
ENSG00000179859.10,2951,22,0.243309239550618
ENSG00000170043.12,1171,209,5.824981106901623
ENSG00000170037.14,6236,221,1.156621596499549
ENSG00000179094.16,7002,2589,12.06743794078977
ENSG00000220205.10,3394,995,9.567894386943594
ENSG00000196544.8,1836,88,1.5642822786794635
ENSG00000178971.17,11098,281,0.8263551336923873
ENSG00000178921.14,6471,178,0.897746524582891
ENSG00000125434.11,3952,25,0.206456329911746
ENSG00000198844.12,5292,359,2.214010841090159
ENSG00000184619.8,13509,474,1.1451444432438176
ENSG00000161970.15,2476,653,8.60731448343662
ENSG00000166579.16,7956,870,3.568860793141084
ENSG00000133026.14,32700,320,0.3193797346294684
ENSG00000276231.5,3565,29,0.2654872040227252
ENSG00000065320.9,6415,69,0.35104077126094585
ENSG00000170310.15,3455,307,2.8999830119136853
ENSG00000271851.1,2374,15,0.20621282623703963
ENSG00000184544.12,1301,2337,58.62549813223125
ENSG00000007237.19,10158,179,0.5751087199456917
ENSG00000006788.14,6120,20,0.10665560990996341
ENSG00000272975.1,2274,897,12.873810518604477
ENSG00000133020.4,6041,117,0.63209471047782
ENSG00000264424.1,6016,224,1.215193172484796
ENSG00000109061.10,6023,60854,329.7474130086402
ENSG00000125414.19,6366,937979,4808.743486064672
ENSG00000214970.8,1474,137,3.0333897412791635
ENSG00000109063.15,6684,363,1.772455391618629
ENSG00000133028.12,10299,571,1.809448305381908
ENSG00000170222.12,1945,182,3.053914769720145
ENSG00000187824.9,3215,127,1.2892224921682733
ENSG00000263400.8,2716,28,0.3364599652829774
ENSG00000188803.15,8577,35,0.1331796178309092
ENSG00000264727.1,2607,14,0.17526376404076843
ENSG00000154957.14,2977,80,0.8770337019133035
ENSG00000065559.15,5709,1053,6.019680734624031
ENSG00000141052.18,8875,24,0.08825676610465029
ENSG00000006740.18,9322,102,0.35710522382640836
ENSG00000006744.19,7002,1141,5.318249011371621
ENSG00000236088.12,12246,111,0.2958243055856457
ENSG00000006695.12,6756,1508,7.284786542589224
ENSG00000109099.16,10398,862,2.7055937235209533
ENSG00000175106.17,6752,33,0.1595095303422409
ENSG00000241322.11,8980,56,0.2035245580642687
ENSG00000221926.13,5640,143,0.8274886841205993
ENSG00000187607.16,6754,35,0.1691266778406438
ENSG00000179277.9,958,15,0.5110117426792611
ENSG00000276855.1,690,22,1.0405877766867737
ENSG00000214941.8,2559,291,3.711315138742713
ENSG00000011295.16,6054,736,3.9677155337763987
ENSG00000275413.1,331,14,1.3804007034872607
ENSG00000141027.23,15620,3482,7.275332849819894
ENSG00000227782.2,802,14,0.5697164998183083
ENSG00000108474.17,6162,136,0.7203148104532681
ENSG00000166582.11,2850,340,3.8934911070289804
ENSG00000170315.14,1567,4986,103.84567359884477
ENSG00000187688.15,3381,44,0.4247297047701117
ENSG00000175061.20,8947,777,2.834318891629901
ENSG00000141040.15,7997,76,0.3101641695718531
ENSG00000197566.10,5093,27,0.17301956588967557
ENSG00000290976.1,7676,35,0.14881208730272383
ENSG00000133030.22,18404,4055,7.190908522309275
ENSG00000278864.1,1754,40,0.7442786005119454
ENSG00000179598.6,2578,20,0.2531933020360652
ENSG00000154803.13,9786,738,2.4612531243355016
ENSG00000141030.13,2972,1992,21.87487898110297
ENSG00000205309.14,1961,162,2.6961406906969434
ENSG00000215030.5,636,125,6.414429369585064
ENSG00000141026.6,5985,445,2.4266156059214232
ENSG00000108551.5,1748,67,1.2509458320217792
ENSG00000133027.18,1720,76,1.442083060503552
ENSG00000265511.1,795,15,0.6157852194801661
ENSG00000108557.20,9708,116,0.3899719333914361
ENSG00000072310.18,8234,398,1.5775289555154997
ENSG00000175662.18,7863,1822,7.562497202635346
ENSG00000197815.4,1815,60,1.0788964176016134
ENSG00000171962.19,7332,70,0.3115879929448195
ENSG00000171953.16,5553,240,1.4105506918400348
ENSG00000141034.10,5095,955,6.11736386339325
ENSG00000108591.10,7404,327,1.4414064882240356
ENSG00000091536.20,19944,12,0.01963695344912684
ENSG00000091542.9,3601,5712,51.769051431421154
ENSG00000131899.13,6628,343,1.6889498347812222
ENSG00000177731.16,6308,6965,36.035833044547545
ENSG00000177427.13,3906,696,5.815433992878742
ENSG00000260647.1,749,10,0.4357358695921069
ENSG00000177302.16,8224,312,1.2381595804139138
ENSG00000176994.11,8297,572,2.2499873103243
ENSG00000176974.22,6989,392,1.8305270739619306
ENSG00000273018.7,10215,19,0.06070442643333601
ENSG00000174977.8,1348,70,1.6947797954535728
ENSG00000240445.6,6240,51,0.2667415782459758
ENSG00000291110.1,4329,104,0.7840628620408122
ENSG00000171931.13,4388,19,0.1413162525106033
ENSG00000171928.14,5746,176,0.9996596810495978
ENSG00000141127.15,4734,126,0.8686551955404626
ENSG00000072134.16,8492,327,1.2567326470573197
ENSG00000108641.20,8488,63,0.24223690478843957
ENSG00000166484.20,5196,93,0.584142676446832
ENSG00000166482.12,2102,188,2.9189742754045556
ENSG00000128482.16,3652,14,0.12511298818572927
ENSG00000189343.7,883,302,11.162240343147836
ENSG00000142494.13,5719,880,5.021895897281858
ENSG00000262769.1,730,14,0.6259077162387443
ENSG00000072210.19,15331,1582,3.367759931676604
ENSG00000180638.19,6691,12,0.058532267163261945
ENSG00000083290.20,9868,715,2.364732558998875
ENSG00000108599.15,4839,288,1.9424148770707286
ENSG00000128487.19,21248,103,0.1582064906411063
ENSG00000291194.1,8279,16,0.0630735434375143
ENSG00000124422.12,6777,2658,12.80037288019019
ENSG00000236819.2,3389,86,0.8281938714637349
ENSG00000109016.18,4946,379,2.5008648814593806
ENSG00000178307.10,2187,1464,21.847282464519918
ENSG00000235530.7,2065,10,0.1580465696486625
ENSG00000274180.1,4931,1773,11.73488568025385
ENSG00000034152.20,3775,1431,12.371655205571985
ENSG00000184185.10,5455,1765,10.559785216548514
ENSG00000212719.15,17439,215,0.4023666824919143
ENSG00000109046.15,8602,2148,8.149668975412698
ENSG00000141068.17,12196,706,1.8892629831509395
ENSG00000168961.17,5714,77,0.4398003991422047
ENSG00000007171.19,6129,41,0.21832293717252424
ENSG00000232859.10,5380,85,0.5156342776502135
ENSG00000087095.13,4769,251,1.7177166648657265
ENSG00000109084.14,2929,192,2.13937534770576
ENSG00000109083.14,3227,118,1.1934058762407684
ENSG00000109079.10,3889,627,5.261804738633428
ENSG00000004142.12,2670,4247,51.91300031386145
ENSG00000244045.13,4559,50,0.3579361332797632
ENSG00000004139.14,11105,39,0.11461756404011737
ENSG00000076351.13,7954,40,0.1641268123331597
ENSG00000167524.17,7561,130,0.5611374371403709
ENSG00000263266.2,585,221,12.329388505591773
ENSG00000109103.12,5090,68,0.4360098096279998
ENSG00000087111.22,8049,649,2.6315274188668503
ENSG00000007202.16,9232,2770,9.79239905458007
ENSG00000132581.10,3213,227,2.3057927094820663
ENSG00000109111.15,10508,1924,5.975718538335697
ENSG00000167525.16,5095,24,0.15373479866119164
ENSG00000109113.20,3303,67,0.6620203797681108
ENSG00000198242.14,2232,2331,34.084208499210646
ENSG00000076604.16,4567,10,0.07146182752890039
ENSG00000173065.14,5490,673,4.00080928845866
ENSG00000132591.12,2240,713,10.38835163345357
ENSG00000132589.16,3390,819,7.884775522706659
ENSG00000109118.14,12227,434,1.1584437407771966
ENSG00000196535.20,18978,13397,23.03892681130344
ENSG00000178082.6,1049,13,0.4044575941104237
ENSG00000108256.9,10877,1192,3.5766155213642525
ENSG00000160551.12,17091,1266,2.4175271579591704
ENSG00000168792.5,3492,68,0.6355354899789573
ENSG00000167543.16,4570,143,1.0212332994398643
ENSG00000108262.16,5650,434,2.5069542687580144
ENSG00000198720.13,4307,106,0.8032229772555312
ENSG00000167549.19,4310,7810,59.13966958223323
ENSG00000264007.1,638,17,0.8696277159116452
ENSG00000141298.19,12696,2414,6.20548145484652
ENSG00000263370.1,270,66,7.977839621265263
ENSG00000263657.1,576,14,0.7932510987053529
ENSG00000126653.18,4806,869,5.901210955804831
ENSG00000108578.15,5119,398,2.537482598107956
ENSG00000108582.12,12510,630,1.6435706217779975
ENSG00000108587.16,9855,717,2.3744753044612676
ENSG00000290450.1,5087,97,0.6223219605558353
ENSG00000290928.1,3708,16,0.14082682473548566
ENSG00000176390.12,4388,117,0.870210607565294
ENSG00000266490.1,462,12,0.8477043281155534
ENSG00000176208.9,7079,50,0.23051713965566328
ENSG00000172171.11,2642,118,1.457653581615806
ENSG00000184060.11,3750,37,0.3220146174401615
ENSG00000181481.14,2246,84,1.2206036496552537
ENSG00000291063.1,6639,26,0.12781322977009624
ENSG00000196712.20,41150,708,0.5615242910273088
ENSG00000185862.7,2061,14,0.22169463020586283
ENSG00000172301.11,1379,283,6.697724805643954
ENSG00000108651.10,6388,423,2.1611284964818167
ENSG00000178691.11,6551,464,2.311615038537055
ENSG00000185158.13,6770,142,0.6845494182877002
ENSG00000293287.2,2855,10,0.11431389363379618
ENSG00000278867.1,2179,17,0.25462252535641566
ENSG00000277511.2,885,12,0.442530395016255
ENSG00000214708.4,1599,11,0.22451706251215564
ENSG00000126858.19,6516,1004,5.028723618627778
ENSG00000108666.11,5740,409,2.3255010806048015
ENSG00000010244.19,15818,1804,3.7221176131582787
ENSG00000274341.1,297,17,1.8680891675139049
ENSG00000278668.1,588,16,0.8880712008829609
ENSG00000266385.1,552,17,1.0051131933906334
ENSG00000279762.3,3449,26,0.24602842343974168
ENSG00000108671.11,7083,1711,7.883841741934195
ENSG00000176749.9,3948,25,0.20666550552462518
ENSG00000176658.17,8188,98,0.3906190070810922
ENSG00000266718.2,4060,134,1.0771691203813154
ENSG00000006042.12,5187,28,0.1761760681913566
ENSG00000279668.4,7730,172,0.7261963856120562
ENSG00000226049.3,3192,55,0.5623477176643747
ENSG00000108691.10,1935,32,0.5397269934048381
ENSG00000132141.14,4285,63,0.4798382375365869
ENSG00000198783.6,2238,167,2.435350749606323
ENSG00000005156.12,12901,350,0.8854209612709931
ENSG00000092871.17,8367,146,0.5694927725992023
ENSG00000185379.21,11282,45,0.1301761875961883
ENSG00000073536.18,5475,67,0.39938873321900825
ENSG00000141161.12,5679,7867,45.21082286449635
ENSG00000266947.3,3119,42,0.43947992900379923
ENSG00000166750.10,10674,811,2.479697965984259
ENSG00000267364.4,1940,101,1.6991228246790357
ENSG00000172716.17,5982,371,2.024103104419677
ENSG00000172123.13,3674,51,0.4530395885288212
ENSG00000154760.14,9329,31,0.10845054299559577
ENSG00000205045.12,13640,14,0.03349799361101783
ENSG00000267321.4,1620,63,1.2692017579285646
ENSG00000108733.11,2795,231,2.6973375463669678
ENSG00000006125.18,7591,2750,11.82330335123623
ENSG00000270885.2,3512,513,4.7672506641361725
ENSG00000270765.7,3375,42,0.40614456253714065
ENSG00000278311.5,9705,11,0.036991528382991946
ENSG00000278535.5,5379,34,0.20629205530828396
ENSG00000276234.5,5637,15,0.08684570684526026
ENSG00000275066.5,14243,12,0.027496973923287624
ENSG00000278053.5,9528,85,0.29115369581844547
ENSG00000274615.1,1300,10,0.25105089717268314
ENSG00000278845.5,1704,71,1.3598590263520338
ENSG00000274211.6,9005,108,0.391421942954411
ENSG00000275832.5,8080,20,0.08078370453576438
ENSG00000125691.14,5905,6216,34.355496864911395
ENSG00000002834.19,7061,553,2.556018835539469
ENSG00000161381.14,9255,289,1.0191228748544252
ENSG00000067191.17,7096,3901,17.94186041194797
ENSG00000108298.12,3591,7952,72.27133819583204
ENSG00000108306.13,11053,427,1.2608192619248748
ENSG00000125686.12,8608,765,2.9004428117824506
ENSG00000167258.16,12975,412,1.0363226244754458
ENSG00000131748.16,5852,301,1.6786776497551419
ENSG00000173991.6,960,61197,2080.482320891635
ENSG00000141744.4,1162,75,2.1064941888413604
ENSG00000161395.14,3619,120,1.0821757380198553
ENSG00000141736.14,10321,362,1.1447006318134356
ENSG00000141741.12,2037,254,4.069563389613155
ENSG00000073605.19,5905,83,0.45873652506236257
ENSG00000172057.10,3752,452,3.931703283013556
ENSG00000108344.15,4953,2288,15.076232355146956
ENSG00000108342.13,2220,19,0.2793223946020393
ENSG00000008838.21,6962,1487,6.970791285902237
ENSG00000126351.13,7334,2376,10.573302579587997
ENSG00000126368.6,2630,629,7.805487399927871
ENSG00000188895.12,7725,1483,6.265385432481758
ENSG00000108349.17,6368,1874,9.604431465013986
ENSG00000108352.13,5736,177,1.0070922496414643
ENSG00000171475.14,8123,387,1.5548898974218501
ENSG00000094804.12,5311,12,0.07374117860843261
ENSG00000131759.18,4743,194,1.334915375647284
ENSG00000183153.7,4086,21,0.16773591514474423
ENSG00000141753.7,2205,812,12.018563585282735
ENSG00000073584.20,18470,127,0.2244098707266377
ENSG00000186395.9,2163,125,1.8860735455645405
ENSG00000167920.12,3058,132,1.4087748186668552
ENSG00000173812.11,3623,16794,151.283284494989
ENSG00000173801.17,4942,2361,15.591876137031896
ENSG00000141696.13,3683,44,0.38990256090897296
ENSG00000141756.20,4211,115,0.8912873219500386
ENSG00000141698.17,2851,283,3.239622064883554
ENSG00000178502.6,7402,64,0.2821863637498951
ENSG00000131473.17,5208,253,1.5854577588343985
ENSG00000204815.10,3370,14,0.13558238363628583
ENSG00000173786.17,7413,535,2.3554013082908556
ENSG00000168259.17,12944,1426,3.595473989328801
ENSG00000168256.18,5545,1142,6.721553867314074
ENSG00000187595.18,5185,37,0.23289388918044474
ENSG00000267221.3,3733,27,0.23605375008736076
ENSG00000108771.13,3824,48,0.40966464392195157
ENSG00000108773.11,3775,795,6.873141780873325
ENSG00000108774.15,2759,156,1.8453469353613678
ENSG00000167925.17,3930,84,0.6975765387088294
ENSG00000173757.11,12110,2838,7.648449050610217
ENSG00000126561.18,6385,308,1.5743270043530513
ENSG00000168610.17,11236,2833,8.228865692392974
ENSG00000177469.13,3570,2866,26.20071240016759
ENSG00000289579.1,1318,587,14.535427893207471
ENSG00000033627.18,12938,1893,4.7751673585736265
ENSG00000267632.1,1736,22,0.4135976762176692
ENSG00000267185.1,478,21,1.4338262537268305
ENSG00000108784.10,2935,76,0.8451048940600031
ENSG00000108785.7,955,11,0.37591914445752556
ENSG00000266962.3,2411,30,0.40609643258957456
ENSG00000068120.15,4032,463,3.7477067214344735
ENSG00000108788.12,4255,1291,9.90220260223065
ENSG00000131470.15,2578,25,0.31649162754508153
ENSG00000287710.1,542,16,0.9634425574154628
ENSG00000141699.11,5145,624,3.958260209649768
ENSG00000131462.9,4316,281,2.124858497154336
ENSG00000037042.9,2793,74,0.8647009061228828
ENSG00000068137.15,4803,450,3.057771701978339
ENSG00000184451.5,2619,26,0.3239984850873115
ENSG00000108797.12,6306,138,0.7142171099394126
ENSG00000108799.13,6988,1927,8.999822588827826
ENSG00000197291.9,4168,31,0.2427387513449887
ENSG00000131477.11,1115,226,6.615134851061373
ENSG00000131475.7,2391,383,5.227864563039687
ENSG00000183978.8,1931,524,8.856337190783622
ENSG00000126581.13,6414,929,4.727068420883215
ENSG00000131467.12,5154,1020,6.458934607120253
ENSG00000131471.7,4524,346,2.4960807592456424
ENSG00000266967.7,3704,60,0.5286708957740087
ENSG00000267060.7,2856,714,8.159154158112202
ENSG00000198863.8,6209,280,1.471775270910882
ENSG00000131469.15,2026,6612,106.51199860501063
ENSG00000068079.8,1958,40,0.6667337412144803
ENSG00000108828.16,3466,318,2.994357786820173
ENSG00000012048.25,14160,127,0.29271541753679364
ENSG00000198496.12,3048,100,1.070755138859869
ENSG00000267002.4,8785,414,1.538026099696506
ENSG00000188554.15,8405,4481,17.399723870315658
ENSG00000184988.8,3577,21,0.19160440293022785
ENSG00000188825.16,10932,15,0.044781307124655334
ENSG00000175906.5,1578,23,0.47569213089120566
ENSG00000067596.12,10760,401,1.2162902666925623
ENSG00000005102.14,2674,220,2.6851367461251825
ENSG00000108861.9,4997,12661,82.69205587020899
ENSG00000161647.19,4491,41,0.2979517439168117
ENSG00000161649.14,4755,550,3.775002975362112
ENSG00000108852.16,6069,16,0.08604150043156714
ENSG00000091947.10,3029,249,2.682904437596485
ENSG00000161654.10,3116,309,3.236429569777497
ENSG00000141349.10,7628,404,1.7285255793798266
ENSG00000108840.16,7618,1355,5.805016478992928
ENSG00000161664.7,2233,924,13.50480688239261
ENSG00000267080.8,4451,775,5.682628148763834
ENSG00000168591.16,3709,431,3.792499802800063
ENSG00000087152.16,5333,403,2.466258485444753
ENSG00000108312.16,7074,1202,5.545548938677334
ENSG00000260793.4,2044,20,0.3193406715503797
ENSG00000013306.16,3526,478,4.424362663162374
ENSG00000288961.2,825,33,1.3054646652979522
ENSG00000030582.19,3524,543,5.028854378949972
ENSG00000186566.13,9737,2788,9.344858495559954
ENSG00000180340.7,3779,12,0.10363572362778134
ENSG00000180336.18,8611,21,0.07959225981667924
ENSG00000180329.14,2855,1152,13.16896054661332
ENSG00000267160.1,2569,16,0.20326425306312998
ENSG00000161692.18,7146,101,0.4612787965123607
ENSG00000182963.11,8716,233,0.8724565942359537
ENSG00000131097.7,872,33,1.2351013175123975
ENSG00000108883.13,10153,873,2.8062411425320404
ENSG00000136448.13,8564,1234,4.702660546992273
ENSG00000172992.13,6202,149,0.7840786646621852
ENSG00000161714.12,6748,1983,9.590754413477473
ENSG00000181513.15,3776,107,0.9248193802097516
ENSG00000276728.2,1745,19,0.35535571118425635
ENSG00000186834.4,3625,750,6.7524034411963045
ENSG00000168517.11,2008,46,0.7476515762413571
ENSG00000267121.7,4548,15,0.10764055617562271
ENSG00000184922.15,7542,47,0.20338384801446485
ENSG00000267278.6,5171,16,0.10098353628295899
ENSG00000006062.18,5668,165,0.950077936547998
ENSG00000186868.18,18400,199,0.3529721037965931
ENSG00000073969.19,9462,12,0.0413907630088127
ENSG00000108433.17,14366,300,0.6815387017774357
ENSG00000262879.7,16607,187,0.3674984831858811
ENSG00000004897.12,6824,1340,6.408714285973241
ENSG00000262265.2,1873,14,0.24394694759972413
ENSG00000259207.10,6829,20,0.09558241801859367
ENSG00000178852.16,6678,40,0.19548737126354482
ENSG00000291120.1,2757,14,0.16572819472407807
ENSG00000141279.18,15362,4265,9.061005724345408
ENSG00000263766.6,1586,23,0.47329267499768124
ENSG00000108424.11,10305,3896,12.338889704029167
ENSG00000198933.11,4202,578,4.48928234496797
ENSG00000006025.13,6541,493,2.4598458950920747
ENSG00000159111.13,2771,828,9.752117853362545
ENSG00000141295.14,2999,290,3.1559249161087544
ENSG00000264920.4,4354,386,2.8933702388895814
ENSG00000167182.16,3570,471,4.305839337222238
ENSG00000234494.8,2531,11,0.14184226904659694
ENSG00000108439.11,5226,385,2.404343169439876
ENSG00000108465.15,6077,92,0.49408733424144974
ENSG00000005243.10,1866,357,6.243982924857569
ENSG00000263412.3,2967,11,0.12099857868450854
ENSG00000082641.16,5883,32430,179.90914115082694
ENSG00000278765.1,590,18,0.9956933887865739
ENSG00000108468.15,3044,1044,11.193373115728171
ENSG00000002919.15,4133,125,0.987074057356908
ENSG00000173917.11,2456,208,2.7640131349956643
ENSG00000230148.8,1559,95,1.9887611161530705
ENSG00000120093.12,7425,248,1.090084973043408
ENSG00000182742.6,2002,67,1.0922344227642709
ENSG00000108511.10,2604,10,0.12533262915686946
ENSG00000260027.5,1520,65,1.395644790203403
ENSG00000136436.15,8303,4173,16.402818403855097
ENSG00000159199.14,2615,4342,54.19051220577159
ENSG00000159202.18,5715,580,3.312202562873195
ENSG00000159210.10,4995,313,2.045097298489785
ENSG00000108798.9,2272,28,0.40221182469567196
ENSG00000173868.12,2392,12,0.16372884598218465
ENSG00000198740.9,11813,577,1.5941190042261033
ENSG00000167085.14,5120,923,5.88351506870122
ENSG00000229944.3,654,107,5.339629938336426
ENSG00000182575.8,5635,28,0.16216952363949716
ENSG00000121067.19,6506,1373,6.887499944105781
ENSG00000121073.15,5898,740,4.094794219737558
ENSG00000121104.8,3800,81,0.6956752492706193
ENSG00000136504.15,16574,1068,2.1030473370010454
ENSG00000005884.18,9802,145,0.48279018687054454
ENSG00000005882.12,5471,2241,13.368425858767642
ENSG00000275025.1,440,41,3.0411392771145476
ENSG00000250282.1,430,39,2.9600652294546594
ENSG00000167100.15,7294,42,0.18792677523482998
ENSG00000108819.11,4343,310,2.3295765959150656
ENSG00000108823.17,3055,4642,49.59056445428064
ENSG00000293483.1,1296,25,0.6295643640518673
ENSG00000108821.14,9007,490,1.7755015154768419
ENSG00000015532.10,5472,197,1.1749659131199588
ENSG00000279792.1,2266,27,0.38887407284912523
ENSG00000108826.16,3020,429,4.6361286540796485
ENSG00000108829.10,4540,244,1.7540384269421825
ENSG00000167107.13,5797,565,3.1809019143235426
ENSG00000136457.10,1742,41,0.7681408047820902
ENSG00000136444.10,4137,925,7.297285565630928
ENSG00000136449.16,6477,16,0.08062156339650778
ENSG00000006282.22,5237,505,3.147124575021319
ENSG00000154945.7,4831,3732,25.212141020968524
ENSG00000108848.16,8136,3785,15.183086769151764
ENSG00000173714.8,3800,54,0.4637834995137462
ENSG00000141232.5,2521,5593,72.40642476211274
ENSG00000229980.5,3539,126,1.1619705271795844
ENSG00000251665.1,1229,37,0.9825507041502081
ENSG00000008294.22,11951,2636,7.198570951647147
ENSG00000239672.8,3415,24,0.2293642164505919
ENSG00000011258.16,7184,499,2.2669364837962074
ENSG00000279089.1,3213,49,0.49772617957982923
ENSG00000264895.1,2170,52,0.7820756059388654
ENSG00000011260.14,2703,245,2.958183897502759
ENSG00000262902.1,625,106,5.535170180863317
ENSG00000141198.16,7275,26,0.11663945463143216
ENSG00000166260.13,7103,1398,6.4234816348252055
ENSG00000279059.1,1667,169,3.3086911882926504
ENSG00000166263.13,18055,49,0.08857348186042602
ENSG00000108924.14,6776,261,1.2571069865804514
ENSG00000108960.9,3193,102,1.0425727831223859
ENSG00000166292.12,2906,25,0.2807692415042052
ENSG00000141179.14,5808,192,1.0788964176016136
ENSG00000183691.6,1913,14,0.23884612276752915
ENSG00000214226.9,2434,19,0.25476405752527825
ENSG00000153933.10,10925,128,0.3823786662657617
ENSG00000121060.19,12417,416,1.0934068228314973
ENSG00000121058.5,3014,305,3.3026436870925306
ENSG00000121064.13,3829,210,1.7899424112860405
ENSG00000263004.3,2008,92,1.4953031524827143
ENSG00000121057.13,5340,5268,32.19657236324725
ENSG00000263089.1,4281,18,0.13722473706705876
ENSG00000153944.12,22248,3834,5.624271312873459
ENSG00000279555.1,2098,12,0.18667273574327248
ENSG00000181610.13,6379,391,2.000457297897395
ENSG00000180891.13,5666,1520,8.755322499350896
ENSG00000136451.9,4913,2275,15.112620158522498
ENSG00000264112.1,5812,463,2.59992317632894
ENSG00000136450.13,5781,1132,6.390702305471726
ENSG00000279069.2,2945,42,0.4654458059636163
ENSG00000264364.3,6807,3841,18.415931318530316
ENSG00000279207.1,5808,78,0.4383016696506555
ENSG00000011143.19,11285,219,0.6333556971649348
ENSG00000005381.9,4427,27,0.19904871223765933
ENSG00000005379.17,11389,204,0.5845877419456983
ENSG00000108389.10,7489,339,1.47734183981842
ENSG00000108387.16,10135,115,0.37032174767948817
ENSG00000108384.16,16404,265,0.5272313708607007
ENSG00000108395.14,5482,525,3.1255424538554584
ENSG00000224738.2,1524,23,0.4925473638755397
ENSG00000182628.13,3233,296,2.9880725404283472
ENSG00000068489.13,6743,14,0.0677610311217979
ENSG00000167447.13,3744,165,1.438312431718497
ENSG00000153982.11,3913,36,0.30026020924307617
ENSG00000175155.11,8701,938,3.5183480520902175
ENSG00000265313.8,6925,14,0.06598016358906618
ENSG00000108406.10,5906,646,3.5698026319949085
ENSG00000273702.1,1162,53,1.488589226781228
ENSG00000141367.13,12073,2015,5.447095379307906
ENSG00000141378.15,4738,206,1.4189833318456002
ENSG00000062716.13,10001,520,1.6969343714501928
ENSG00000108423.15,3333,195,1.909433016299885
ENSG00000270264.1,538,11,0.6672914181355704
ENSG00000108443.14,7697,1117,4.736273974073706
ENSG00000189050.16,3399,258,2.4772718714833166
ENSG00000068097.16,7043,387,1.7933225382305393
ENSG00000267248.5,3488,19,0.17777973509648146
ENSG00000167434.10,2418,219,2.955921853807398
ENSG00000170832.13,9522,1055,3.6160082490268315
ENSG00000062725.10,9890,617,2.0360760831365936
ENSG00000170836.13,9408,243,0.842973835213123
ENSG00000141376.24,14101,388,0.8980219313091367
ENSG00000267280.6,1207,14,0.37855230559592645
ENSG00000289926.1,1065,21,0.6435389195130752
ENSG00000121068.14,6082,193,1.0356571867909603
ENSG00000121075.11,3996,13,0.10617517923469331
ENSG00000108506.14,8621,190,0.7192851363142644
ENSG00000108510.10,12673,1953,5.029536201623334
ENSG00000279133.1,3819,40,0.34183416216233364
ENSG00000289293.1,458,15,1.0688848242068385
ENSG00000266066.1,3668,65,0.5783478956131877
ENSG00000087995.16,6398,307,1.566027087552639
ENSG00000146872.19,14835,700,1.5399819105301087
ENSG00000011028.14,6591,271,1.3419091347888978
ENSG00000170921.16,23404,210,0.29284265479466115
ENSG00000008283.16,5296,114,0.7025253580247666
ENSG00000159640.17,8365,322,1.256304908027318
ENSG00000136485.16,12752,726,1.8580758841874083
ENSG00000136463.9,2347,103,1.4322844112237865
ENSG00000270587.1,413,10,0.7902328482433125
ENSG00000198909.8,6109,711,3.7984341832822235
ENSG00000266173.7,10860,113,0.33958910492327027
ENSG00000136490.9,4751,20,0.13738840931361315
ENSG00000108588.15,4354,1962,14.706716084718547
ENSG00000198231.14,8521,1726,6.610820362352615
ENSG00000108592.17,5204,442,2.7719801213571045
ENSG00000087191.14,4279,987,7.528006687596862
ENSG00000108604.18,5898,308,1.7043197563231998
ENSG00000007312.14,2125,11,0.16894248609738205
ENSG00000007314.12,8243,6515,25.79492385786776
ENSG00000263489.1,502,108,7.021423498614484
ENSG00000224383.8,4143,13,0.10240792088386061
ENSG00000108622.11,3243,86,0.8654791953100824
ENSG00000178607.17,19153,208,0.3544309643162613
ENSG00000136478.9,9053,1954,7.044289064376997
ENSG00000261371.6,7741,2176,9.174173594136237
ENSG00000256525.8,4545,146,1.0483929655308086
ENSG00000108654.16,9311,5545,19.436155002355132
ENSG00000258890.8,7771,562,2.3602854905978936
ENSG00000108854.16,7213,378,1.7103342696611188
ENSG00000215769.8,3038,17,0.18262754534286693
ENSG00000265298.1,892,25,0.9147033809542827
ENSG00000291117.1,9909,64,0.21079255873213476
ENSG00000176809.11,7823,32,0.1335001575148104
ENSG00000291140.1,4131,83,0.6557344905575528
ENSG00000120063.10,6431,1845,9.363171775286588
ENSG00000108370.17,7051,44,0.20366063421184902
ENSG00000168646.14,5197,155,0.9733837941176765
ENSG00000154240.18,13139,430,1.068098420880812
ENSG00000154229.12,11175,418,1.2207700896969667
ENSG00000108878.5,1302,1935,48.50372748370848
ENSG00000198265.12,15680,1103,2.2958028154075913
ENSG00000197170.10,5342,1871,11.430758090473928
ENSG00000154217.16,7812,138,0.5765300941215995
ENSG00000279917.1,2546,11,0.14100659189196266
ENSG00000130935.10,4615,780,5.516047881540643
ENSG00000171634.19,15119,1376,2.9703012425590027
ENSG00000266717.1,709,11,0.5063508927460323
ENSG00000279573.1,1978,21,0.34649592986927447
ENSG00000279880.1,2139,14,0.2136103940412732
ENSG00000186665.10,2436,60,0.8038575525233697
ENSG00000182481.10,7365,159,0.7045786890100965
ENSG00000291214.1,2148,214,3.2515064987635216
ENSG00000267023.6,3725,10,0.08761507820791625
ENSG00000278730.1,2921,469,5.24018254043769
ENSG00000274561.1,446,45,3.292932171435418
ENSG00000277476.1,2735,27,0.3221896340314873
ENSG00000267731.1,2919,12,0.13416903034922428
ENSG00000196704.14,5164,1317,8.323474846037003
ENSG00000290793.1,2005,16,0.26044182848836955
ENSG00000141337.13,6583,84,0.41644778932488224
ENSG00000108932.13,4056,14,0.11265104360312704
ENSG00000267009.6,1863,11,0.19270144012718027
ENSG00000070540.13,3403,1394,13.3692164518465
ENSG00000108946.17,12585,3719,9.644463826466199
ENSG00000108950.12,6181,33,0.1742450006262434
ENSG00000141338.15,11246,456,1.3233413822156015
ENSG00000154258.17,9024,478,1.7287569537134897
ENSG00000154262.13,14158,329,0.7584013894671322
ENSG00000154263.18,8405,206,0.799898040010048
ENSG00000285931.1,511,10,0.6386813431007594
ENSG00000154265.16,13158,2139,5.30549650226539
ENSG00000108984.16,16660,2730,5.348017011199595
ENSG00000278972.1,2450,18,0.23977922423839937
ENSG00000237560.9,2673,20,0.24419466242011828
ENSG00000267365.2,2444,105,1.4021459682516877
ENSG00000123700.5,5576,413,2.417310378264232
ENSG00000289371.1,1810,49,0.8835327154640837
ENSG00000234899.11,15844,455,0.9372418939512881
ENSG00000226101.2,4848,13,0.08751567991374473
ENSG00000125398.8,3931,96,0.7970275239672057
ENSG00000133195.12,5583,35,0.20459996097720012
ENSG00000180616.9,7854,17,0.0706420273429628
ENSG00000166685.13,4996,513,3.351197824749047
ENSG00000133193.13,3162,157,1.6204771699223475
ENSG00000141219.16,4675,718,5.0124258271867905
ENSG00000179604.10,4837,350,2.3615496839687995
ENSG00000172809.13,3829,5770,49.180798633906925
ENSG00000246731.3,2621,17,0.21168351116048445
ENSG00000141540.11,5318,380,2.332063617963623
ENSG00000170412.18,7534,459,1.9883470977294933
ENSG00000109062.12,2339,25,0.3488308746520821
ENSG00000109065.12,4067,96,0.7703750176334117
ENSG00000109066.14,4941,80,0.528421236712387
ENSG00000161509.14,8584,10,0.03802028964637559
ENSG00000161513.12,3599,23,0.2085696533888087
ENSG00000167861.16,6197,125,0.6583148425134905
ENSG00000109089.7,3536,67,0.6183974305356533
ENSG00000167862.10,1108,491,14.462616215281917
ENSG00000180901.11,5279,717,4.4327437252255715
ENSG00000167863.12,3231,2739,27.666881137814077
ENSG00000170190.16,3089,80,0.8452344870818727
ENSG00000125449.7,2830,44,0.5074244282076845
ENSG00000125458.7,1533,51,1.085758283271291
ENSG00000189159.16,3406,477,4.570659463792742
ENSG00000188612.12,3348,1011,9.85532240603517
ENSG00000125450.11,5193,250,1.5711831615852496
ENSG00000125447.18,6467,424,2.1397750815151224
ENSG00000125445.11,3327,1504,14.753673404028556
ENSG00000125457.15,3675,237,2.104728746092617
ENSG00000125454.12,3316,82,0.807057467991798
ENSG00000177885.15,4716,894,6.186839539739023
ENSG00000177728.17,9045,1592,5.74433318727015
ENSG00000177303.10,5777,380,2.146774159655625
ENSG00000182173.14,4505,81,0.586807091504629
ENSG00000073350.14,7939,35,0.1438823003068029
ENSG00000266714.11,13330,411,1.006275276514363
ENSG00000108469.15,8766,119,0.44304784157670635
ENSG00000204323.5,5117,16,0.10204922144209125
ENSG00000161526.15,8133,426,1.7094797350821582
ENSG00000132470.14,6761,104,0.5020275299178636
ENSG00000108479.13,2416,31,0.41876453460509644
ENSG00000132475.10,6134,1621,8.62470746025424
ENSG00000132478.10,5540,271,1.596484315414012
ENSG00000092929.13,7802,67,0.2802683048415881
ENSG00000132471.12,5399,1256,7.592441283636914
ENSG00000132481.7,3145,74,0.7679203913517366
ENSG00000267801.1,3175,23,0.2364227346602591
ENSG00000141569.12,3900,263,2.2008795318805223
ENSG00000267342.1,1419,11,0.2529970281585179
ENSG00000204316.13,3342,49,0.4785141277648089
ENSG00000188878.20,6730,25,0.12123557441474296
ENSG00000161533.12,8286,1430,5.632435648612334
ENSG00000167881.15,7505,1473,6.405561132524596
ENSG00000182473.22,10116,763,2.4616190678685688
ENSG00000279382.1,1362,41,0.982453217276359
ENSG00000141576.16,7913,1496,6.170147666137169
ENSG00000228218.1,1056,22,0.6799295131760168
ENSG00000185262.9,1650,583,11.531604543465246
ENSG00000129646.16,6070,26,0.13979440402696358
ENSG00000161542.17,6747,288,1.3931148051200914
ENSG00000176170.14,4416,15,0.11085807280043752
ENSG00000175931.13,6413,679,3.4555220167523375
ENSG00000129667.13,7055,138,0.6383916506418051
ENSG00000161544.10,2753,187,2.216871525705749
ENSG00000214140.11,5294,22,0.13562628747900904
ENSG00000163597.17,5776,957,5.407417264067436
ENSG00000070731.11,3002,115,1.2502368130351809
ENSG00000267078.1,1449,14,0.31532962929902225
ENSG00000182534.14,9248,490,1.729232498907863
ENSG00000070495.15,5969,823,4.499905426119177
ENSG00000181038.14,1914,130,2.2166980993826253
ENSG00000161547.17,2976,1634,17.91943265370341
ENSG00000092931.12,6347,365,1.8768497039300165
ENSG00000234912.12,6087,94,0.503999008288186
ENSG00000129657.16,10356,2485,7.831401345271851
ENSG00000184640.20,13772,1323,3.13521956177242
ENSG00000078687.18,11634,634,1.7785469266780594
ENSG00000141524.19,12902,68,0.17201131072752432
ENSG00000167895.16,6411,10,0.05090721670948184
ENSG00000108639.8,4051,1905,15.347507944906189
ENSG00000167900.12,1845,25,0.4422305776754581
ENSG00000183077.16,4008,158,1.2865732105606067
ENSG00000184557.4,2734,15,0.17905971085835118
ENSG00000087157.19,5058,221,1.4259968912161303
ENSG00000187775.17,16110,47,0.09521545510397851
ENSG00000108669.18,7751,1151,4.846438620042391
ENSG00000055483.20,9269,522,1.8379883355419437
ENSG00000035862.13,6209,794,4.173534161083001
ENSG00000108679.13,3422,273,2.603680987918914
ENSG00000171302.17,4422,294,2.169870033907723
ENSG00000173918.15,4755,222,1.5237284736916161
ENSG00000167280.17,6288,875,4.541513923885608
ENSG00000173894.11,5671,23,0.13236504717797962
ENSG00000141570.11,4125,14,0.11076669887376564
ENSG00000141582.15,2891,21,0.23706985447299375
ENSG00000167291.16,11579,120,0.338232489497699
ENSG00000171298.14,5259,885,5.492185913618025
ENSG00000141543.12,5780,266,1.5019619419085435
ENSG00000141527.19,10969,11,0.03272885248946457
ENSG00000262580.5,5122,26,0.16566810473324267
ENSG00000181523.13,6661,134,0.6565540652676986
ENSG00000181045.15,4903,81,0.5391731485270963
ENSG00000173821.20,28592,1770,2.0203837240988523
ENSG00000263069.6,6584,39,0.19332139256766456
ENSG00000173818.17,7253,288,1.2959252157928107
ENSG00000171246.7,7020,11,0.051139997572213235
ENSG00000141564.16,10302,666,2.1098802831693755
ENSG00000176108.9,2118,178,2.7428318038601924
ENSG00000226137.5,4773,23,0.15726842290934895
ENSG00000175866.16,10294,42,0.13315891767659313
ENSG00000181409.14,13177,17,0.04210537168943081
ENSG00000141577.14,3966,105,0.8640556597093103
ENSG00000167302.11,4762,61,0.41806669772771465
ENSG00000224877.4,1339,253,6.166589998513478
ENSG00000157637.13,7907,179,0.7388332334903676
ENSG00000185168.7,2227,15,0.2198245395090849
ENSG00000287431.1,6784,18,0.08659479648939836
ENSG00000262877.5,1628,22,0.44103535989795684
ENSG00000289913.1,1060,14,0.4310496536361163
ENSG00000266074.11,13490,183,0.4427354220710253
ENSG00000184009.13,4052,3938,31.718409747922856
ENSG00000185504.17,5353,274,1.6705460409659953
ENSG00000182446.15,9540,2942,10.064667309503607
ENSG00000185527.12,1095,12,0.3576615521364253
ENSG00000204237.5,1600,58,1.1830773529262693
ENSG00000185298.13,2389,84,1.1475411457202596
ENSG00000214087.9,2457,120,1.5939739503027501
ENSG00000185359.14,10849,352,1.0589076462920066
ENSG00000262814.8,1009,130,4.204915918947815
ENSG00000225663.8,3726,222,1.9445327140106374
ENSG00000182676.5,1449,2097,47.231873760003545
ENSG00000185624.16,11132,2919,8.557876747225842
ENSG00000141522.12,2875,322,3.6553010628342664
ENSG00000263731.1,2682,15,0.1825314129331589
ENSG00000183684.8,1583,183,3.772900090801094
ENSG00000141552.18,4027,533,4.319671384428908
ENSG00000185813.11,6872,432,2.0516615810852565
ENSG00000187531.14,6134,79,0.42032812421967
ENSG00000197063.11,5241,891,5.548411642723123
ENSG00000183010.17,2886,30,0.33925796915227446
ENSG00000185105.5,2452,613,8.159154158112202
ENSG00000235296.2,2483,35,0.4600409110494193
ENSG00000185269.12,2913,59,0.661023131244243
ENSG00000169696.16,12097,368,0.9928308606052048
ENSG00000169689.15,1531,116,2.472793944718525
ENSG00000169683.8,3603,32,0.289861707532157
ENSG00000169738.8,1879,673,11.68943214137203
ENSG00000169733.12,3865,291,2.4572459094547483
ENSG00000169727.14,6145,1129,5.996214837759919
ENSG00000169718.18,5999,785,4.270669120932208
ENSG00000169710.9,9321,123,0.4306730872000003
ENSG00000176155.21,12950,138,0.347787883805246
ENSG00000141526.18,9236,1084,3.830456088087322
ENSG00000141551.15,10993,1035,3.0727643240775504
ENSG00000275888.1,629,11,0.5707516422208853
ENSG00000287737.3,4431,12,0.08838623326323305
ENSG00000260563.3,1195,45,1.2289939317658545
ENSG00000141574.8,2909,10,0.11219187567015747
ENSG00000181396.13,6404,266,1.355612121210397
ENSG00000169660.17,4541,337,2.4220523684508364
ENSG00000279066.1,1813,16,0.28802309217825756
ENSG00000178927.19,8115,147,0.5911993401072058
ENSG00000141562.19,7896,787,3.2529150569576
ENSG00000279744.1,1655,46,0.9071204622916285
ENSG00000266236.1,769,10,0.4244033372230014
ENSG00000141568.21,9986,1015,3.317260753248101
ENSG00000141580.16,3542,626,5.76807510217757
ENSG00000141542.11,6164,645,3.4150904814940755
ENSG00000141560.15,2944,130,1.4411549464056879
ENSG00000167363.14,3831,216,1.8401224726204497
ENSG00000262410.1,642,19,0.9658811775958369
ENSG00000141556.22,23081,337,0.47651920649604645
ENSG00000141579.7,3158,17,0.1756879299403514
ENSG00000175711.9,8004,15,0.06116307464851726
ENSG00000290877.1,3239,35,0.35266489105764376
ENSG00000101557.15,5987,2231,12.161732371303373
ENSG00000079134.13,8099,314,1.2653287594257223
ENSG00000158270.12,7343,281,1.2489294939014184
ENSG00000132199.20,11390,548,1.5702252778386256
ENSG00000176105.14,5100,514,3.289259009623272
ENSG00000273355.2,1370,33,0.7861374809275989
ENSG00000286975.1,1690,13,0.25105089717268314
ENSG00000101574.15,5724,123,0.701310944407967
ENSG00000080986.13,3554,11,0.10101372621185618
ENSG00000101596.17,23903,829,1.1318978868050062
ENSG00000132205.11,6469,14,0.07063110725835264
ENSG00000101577.11,7375,97,0.42925448316576736
ENSG00000101605.14,6433,36331,184.3185013016474
ENSG00000101608.13,3032,18734,201.6538179394116
ENSG00000264235.6,1063,18,0.5526426146604689
ENSG00000118680.14,1738,1668,31.322138402143047
ENSG00000177426.22,8121,82,0.3295410126660266
ENSG00000177337.10,2149,18,0.2733639364281426
ENSG00000264575.1,1875,32,0.5569982571937929
ENSG00000263753.10,10094,1276,4.125651161383463
ENSG00000198081.11,4144,184,1.4491161825218581
ENSG00000082397.18,12203,74,0.1979111391298215
ENSG00000154655.16,7959,32,0.13121896371885436
ENSG00000088756.13,11912,192,0.5260435185888322
ENSG00000206422.3,956,153,5.223224210004883
ENSG00000173482.17,9900,2551,8.409697881755243
ENSG00000286627.1,3243,20,0.20127423146746104
ENSG00000265413.1,2315,24,0.33834937329536563
ENSG00000206418.5,2477,4410,58.1055629184898
ENSG00000168502.18,12770,100,0.2555725656417291
ENSG00000178127.13,2711,13,0.1565016658878032
ENSG00000266053.3,1518,58,1.2469853522279517
ENSG00000101745.17,12248,3338,8.894597184774177
ENSG00000273284.1,1003,52,1.6920279809445047
ENSG00000128791.12,4435,257,1.8912312231204835
ENSG00000017797.13,8041,1528,6.201809503094363
ENSG00000154845.16,8131,495,1.986855888951194
ENSG00000168461.13,5476,116,0.6913527263265269
ENSG00000101558.14,11866,3150,8.663858283517087
ENSG00000154856.13,5937,167,0.9180250930805037
ENSG00000134265.13,5589,638,3.725561175792152
ENSG00000265728.1,855,19,0.7252581473877513
ENSG00000141404.17,8165,558,2.2304019694925215
ENSG00000255112.3,3032,1075,11.571359788879443
ENSG00000154889.17,6773,171,0.8239866298757931
ENSG00000141401.12,3819,2471,21.116805367578163
ENSG00000267480.1,527,39,2.4152334889288487
ENSG00000267247.1,485,11,0.7402119236225503
ENSG00000176014.13,3941,122,1.010319012727418
ENSG00000141385.12,7133,2266,10.367948028757745
ENSG00000134278.16,6505,670,3.3614962557633667
ENSG00000128789.22,12490,421,1.100081313231461
ENSG00000101624.11,6165,77,0.4076268419624587
ENSG00000267249.1,720,12,0.5439436105408135
ENSG00000175354.20,8718,196,0.7337436177976561
ENSG00000085415.16,10481,409,1.2735784946733673
ENSG00000101639.19,9897,282,0.9299308770688657
ENSG00000168675.19,35894,631,0.5737366995897698
ENSG00000177150.13,4681,1076,7.502029373320853
ENSG00000101654.18,6980,694,3.244958731077288
ENSG00000175322.12,15787,113,0.23360598463715176
ENSG00000290461.1,3555,40,0.36721931513303857
ENSG00000186481.17,3556,23,0.2110917273752313
ENSG00000266145.1,324,24,2.4175271579591704
ENSG00000283294.2,3680,75,0.6651484368026251
ENSG00000290462.1,2876,20,0.2269583910462365
ENSG00000067900.9,13369,882,2.153152507279516
ENSG00000141449.16,11277,666,1.927461796329778
ENSG00000265751.1,679,1273,61.18764797217574
ENSG00000141446.11,5285,522,3.223522021218217
ENSG00000167088.11,4862,412,2.7655874233996105
ENSG00000158201.10,4337,383,2.8821360779866025
ENSG00000264188.1,336,10,0.9713278759657382
ENSG00000265656.1,447,13,0.9491633472524261
ENSG00000101752.13,13258,321,0.79019112528406
ENSG00000265142.9,5825,12869,72.1031106339886
ENSG00000101773.19,5078,24,0.15424946813288132
ENSG00000134508.13,6874,13,0.06172185281085751
ENSG00000134490.14,5193,35,0.21996564262193496
ENSG00000101782.15,4856,2208,14.839713658246906
ENSG00000141452.11,3079,121,1.2825692148510248
ENSG00000141458.13,9705,178,0.5985901865611424
ENSG00000154065.17,6417,209,1.0629660084434782
ENSG00000053747.17,14488,161,0.3626791329254733
ENSG00000168234.13,7188,19,0.08626818531114738
ENSG00000154040.21,3484,10,0.09367570790025491
ENSG00000141447.19,8021,4692,19.091261094558007
ENSG00000154059.11,4896,382,2.5464026866003766
ENSG00000198795.11,6225,93,0.4875831882438135
ENSG00000141380.14,6144,331,1.758255225478606
ENSG00000188985.6,559,42,2.4521250421517884
ENSG00000141384.13,4886,113,0.7547969053349806
ENSG00000134504.14,8845,44,0.162352869624392
ENSG00000260372.7,11044,31,0.09160948167384218
ENSG00000171885.18,5943,5216,28.644218804451114
ENSG00000154080.14,11512,10,0.028350083940626134
ENSG00000264151.6,3244,228,2.2938189248453535
ENSG00000263405.1,1144,29,0.8273268202281604
ENSG00000134755.18,12501,34,0.08876449608057431
ENSG00000046604.14,9492,69,0.23724468474915375
ENSG00000118276.12,5165,118,0.745618734294087
ENSG00000293306.1,3086,124,1.3113870584652145
ENSG00000141437.10,1297,10,0.2516315854467911
ENSG00000153339.15,9198,1141,4.048530069322036
ENSG00000101695.9,6061,117,0.6300089335087461
ENSG00000134758.14,3776,226,1.953356821751438
ENSG00000141441.16,7966,262,1.073411192279888
ENSG00000215492.6,963,50,1.6945283817470824
ENSG00000134769.23,14445,6254,14.130107332595005
ENSG00000278464.2,1660,245,4.816850045150577
ENSG00000166974.13,6136,1962,10.435632632474668
ENSG00000186812.13,8715,476,1.7825621935795333
ENSG00000186814.15,8010,585,2.383573124841767
ENSG00000279989.1,473,26,1.7939789269422177
ENSG00000293516.1,7456,323,1.4138448460677258
ENSG00000172466.16,8242,1738,6.882120808929389
ENSG00000186496.12,6080,12,0.06441437493246475
ENSG00000153391.16,5073,220,1.4153470646833701
ENSG00000141429.14,5126,1273,8.105035695104824
ENSG00000141428.17,1616,287,5.796230800441093
ENSG00000141425.18,8442,2255,8.717788498717374
ENSG00000141424.13,3683,410,3.633182953924521
ENSG00000134759.14,11060,1119,3.3020229667007426
ENSG00000075643.6,6303,20,0.10355899296350565
ENSG00000134775.16,8131,1950,7.827008047383492
ENSG00000134779.15,10569,189,0.5836238568959053
ENSG00000150477.15,11137,134,0.39268264602210107
ENSG00000101489.20,6329,20,0.10313356496270756
ENSG00000078142.14,15154,690,1.4860278128804063
ENSG00000267414.1,2065,42,0.6637955925243826
ENSG00000152217.20,14344,1403,3.192217870560909
ENSG00000279319.1,3095,106,1.1177645761032546
ENSG00000141469.18,7182,256,1.1633213391683228
ENSG00000152223.16,22221,851,1.2498879777784049
ENSG00000152229.18,4120,1427,11.303993187986515
ENSG00000152234.16,10908,28494,85.25373618674334
ENSG00000152240.13,2119,69,1.062730791712585
ENSG00000152242.11,9577,1170,3.9871401754166342
ENSG00000141622.14,11419,91,0.26008688270013497
ENSG00000167210.17,9213,25,0.08856131724858572
ENSG00000101638.14,15673,157,0.3269283998784191
ENSG00000270112.5,10685,132,0.40318515633909613
ENSG00000274776.1,2599,31,0.3892786131611824
ENSG00000078043.16,17535,1285,2.391676782018632
ENSG00000167216.19,11174,56,0.16356278247871248
ENSG00000280212.1,478,13,0.8876067284975617
ENSG00000167220.12,4679,26,0.18135328754940563
ENSG00000134049.6,4233,744,5.7362728028683945
ENSG00000175387.16,36426,1010,0.904930071892969
ENSG00000267541.1,225,147,21.322589533199885
ENSG00000184828.10,7610,14,0.06004108184681778
ENSG00000134030.14,8115,447,1.7977286056321153
ENSG00000101665.10,3946,237,1.960181992369581
ENSG00000141627.14,12343,2170,5.73778320444089
ENSG00000177576.12,5747,53,0.3009815001774468
ENSG00000265681.8,2451,19,0.2529970281585179
ENSG00000101670.12,13089,12,0.029921262097133906
ENSG00000167315.18,4920,2074,13.757793271483502
ENSG00000172361.6,1824,27,0.48310781199348557
ENSG00000141644.19,6734,814,3.945085526999306
ENSG00000154832.16,3854,266,2.252553197776695
ENSG00000141639.12,7594,28,0.12033516798901324
ENSG00000134042.14,5525,57,0.33670355620806913
ENSG00000082212.13,15897,1337,2.7448673609853462
ENSG00000141642.9,3970,50,0.4110405117436877
ENSG00000141646.16,19606,1375,2.2888578939925077
ENSG00000176624.12,7871,280,1.1610027515037054
ENSG00000134046.12,5686,1113,6.388419682011172
ENSG00000101751.11,9358,265,0.924204253857548
ENSG00000166845.15,6175,18,0.09513507682333255
ENSG00000166510.14,5133,105,0.6676105097227985
ENSG00000196628.20,29166,2123,2.375627000983639
ENSG00000267325.2,4434,12,0.08832643202286551
ENSG00000091164.13,11297,2885,8.334658669081596
ENSG00000091157.15,8899,524,1.9217425683114029
ENSG00000066926.13,11128,1153,3.3815617341133604
ENSG00000278703.1,481,36,2.4426573778963765
ENSG00000134440.12,4089,3339,26.650443368976905
ENSG00000267040.8,2636,12,0.14857336858474418
ENSG00000081923.15,7028,137,0.6362004095966828
ENSG00000049759.20,34097,1022,0.9782274745098596
ENSG00000198796.7,9565,1173,4.002378600090167
ENSG00000172175.16,16225,567,1.1405215180646209
ENSG00000074657.14,11754,2900,8.052253550629704
ENSG00000166562.9,4118,184,1.4582655319015492
ENSG00000074695.6,6070,2239,12.03844886986044
ENSG00000267677.1,417,17,1.3305095509631408
ENSG00000141682.12,2186,24,0.35831601060328055
ENSG00000101542.10,4277,37,0.2823368752397956
ENSG00000176641.11,10213,202,0.6455102868652364
ENSG00000197563.11,19003,458,0.7865900340820687
ENSG00000134444.15,10722,261,0.7944559728659895
ENSG00000141664.10,10213,679,2.169809330601463
ENSG00000081913.14,9051,144,0.5192434863631232
ENSG00000171791.14,12612,1807,4.676051875581589
ENSG00000119537.18,9031,345,1.246775854079818
ENSG00000267390.3,820,70,2.786052639355386
ENSG00000119541.10,4315,326,2.465709622752795
ENSG00000166401.15,5764,27,0.1528779752040454
ENSG00000264232.2,1269,12,0.30862048825010696
ENSG00000260747.1,442,28,2.067477976716214
ENSG00000166479.10,7447,635,2.782899363717603
ENSG00000150636.17,5805,76,0.4272838697788302
ENSG00000206052.11,9554,14,0.047824223660695345
ENSG00000150637.9,13659,27,0.06451340867385005
ENSG00000176225.15,19358,203,0.3422478136371065
ENSG00000170677.6,5839,846,4.7286483423619945
ENSG00000266304.2,812,24,0.9646290630280434
ENSG00000075336.12,5197,1524,9.570560659582831
ENSG00000166347.19,9271,221,0.7779842817140745
ENSG00000235297.3,414,38,2.995631478340712
ENSG00000187773.9,3207,11,0.11194349328248733
ENSG00000133313.15,11822,353,0.9745157901585543
ENSG00000264247.2,5411,246,1.4837567347223077
ENSG00000215421.10,12190,204,0.5461747164084952
ENSG00000180011.7,7943,2229,9.158632566250585
ENSG00000179981.11,8566,401,1.5278173324319368
ENSG00000101493.11,8777,415,1.5431463942652677
ENSG00000264278.1,1295,65,1.63813133676384
ENSG00000278107.1,586,86,4.789674113294535
ENSG00000130856.18,11254,255,0.7395003768681754
ENSG00000197971.16,18730,2694,4.694236263097548
ENSG00000166377.21,14934,249,0.5441621495566997
ENSG00000131196.18,9068,680,2.44738633767812
ENSG00000279981.1,2291,13,0.18519249944209276
ENSG00000060069.18,6196,55,0.2897052799846166
ENSG00000122490.19,5218,404,2.526867213397723
ENSG00000226742.4,2035,151,2.4216850670760537
ENSG00000141759.15,5217,593,3.7097016797090556
ENSG00000267127.7,3902,20,0.1672814794077335
ENSG00000101546.13,7945,163,0.6695743878022852
ENSG00000261126.7,6623,10,0.049277693843347126
ENSG00000101544.9,5657,82,0.47307805618893445
ENSG00000178184.16,4192,20,0.15570904881893516
ENSG00000292982.1,6331,26,0.13403127980471788
ENSG00000105556.12,3810,128,1.0964532621925058
ENSG00000183186.8,3099,18,0.1895640849900221
ENSG00000129946.11,4162,97,0.7606323434280476
ENSG00000181781.10,1718,154,2.925517439695644
ENSG00000141933.9,3642,27,0.24195185312359083
ENSG00000099804.9,1894,968,16.680171541821778
ENSG00000172270.22,4418,4508,33.301463960859934
ENSG00000099821.14,5060,525,3.386210223722456
ENSG00000070423.18,3452,589,5.568646348931734
ENSG00000070404.10,3033,28,0.301294185858413
ENSG00000099864.18,4912,54,0.3587901665619372
ENSG00000011304.22,7521,720,3.124366969201322
ENSG00000175221.16,4222,283,2.1876273109860285
ENSG00000198858.10,2957,284,3.1345279417028955
ENSG00000116017.11,7217,55,0.24872023206106197
ENSG00000065268.11,2283,177,2.530302734973035
ENSG00000182087.14,4031,671,5.432689099571608
ENSG00000207357.1,107,21,6.4053172830039715
ENSG00000064666.15,3640,45,0.4034746561703836
ENSG00000064687.13,9591,138,0.469591606222285
ENSG00000180448.11,6237,42,0.21977519617810642
ENSG00000099817.12,4870,1074,7.197479725513351
ENSG00000167468.20,1840,2661,47.19893307551428
ENSG00000064932.16,6610,39,0.19256097559236057
ENSG00000118046.17,8811,1075,3.981882065586479
ENSG00000099624.8,2249,3743,54.31696578713023
ENSG00000288704.1,1105,19,0.5611725936801152
ENSG00000167470.14,4513,986,7.130446266251833
ENSG00000099622.14,6368,2701,13.842886545892624
ENSG00000228300.14,2096,36,0.5605525757481665
ENSG00000160953.17,9876,207,0.6840603121625054
ENSG00000115286.21,7456,969,4.241534538203178
ENSG00000280486.2,2711,30,0.3611576905103151
ENSG00000130005.13,2403,8111,110.16046504610581
ENSG00000071626.17,9201,1070,3.7953678727008175
ENSG00000115268.10,2138,2370,36.17810169265841
ENSG00000115266.12,12635,11,0.028413358366199994
ENSG00000267317.2,911,27,0.9672762338925551
ENSG00000119559.17,4774,66,0.45119746496473007
ENSG00000115257.15,3792,15,0.12910054047645889
ENSG00000115255.12,2030,13,0.20900296365607612
ENSG00000185761.11,3621,230,2.0730245306443598
ENSG00000181588.17,3114,32,0.3353794901215035
ENSG00000071655.18,7909,622,2.566693076922893
ENSG00000127540.12,2137,529,8.078975291794768
ENSG00000071564.19,6368,233,1.1941475620855169
ENSG00000079313.15,5579,231,1.351327915772661
ENSG00000267244.5,2454,28,0.37238193386657154
ENSG00000129911.9,2966,20,0.22007158889041678
ENSG00000261526.3,1689,11,0.21255345349729832
ENSG00000129968.17,6163,606,3.209117260954726
ENSG00000227500.11,6953,173,0.8120429566250026
ENSG00000133275.16,3781,611,5.273994383080196
ENSG00000133243.10,5934,928,5.10394004632836
ENSG00000275468.1,929,11,0.3864400247114498
ENSG00000099875.16,5221,11578,72.37440095201922
ENSG00000172081.14,4145,245,1.9290641917852736
ENSG00000099840.14,2770,22,0.2592077855284743
ENSG00000065000.20,9317,1624,5.68872656553578
ENSG00000104885.19,11488,395,1.1221677898517828
ENSG00000104886.12,4655,328,2.2996370043916667
ENSG00000104897.10,2790,191,2.2342630024364594
ENSG00000104899.8,2587,14,0.17661872162902328
ENSG00000167476.10,1950,1530,25.60719151161368
ENSG00000104904.12,3436,4298,40.8242660902983
ENSG00000130332.15,1686,134,2.5938947975967617
ENSG00000005206.17,7419,291,1.2801260870794722
ENSG00000178297.15,4350,10,0.07502670490218116
ENSG00000099800.8,1664,523,10.2577827516651
ENSG00000176619.13,5395,392,2.3713723299202845
ENSG00000099860.9,2138,57,0.8701062432411516
ENSG00000176533.13,4546,106,0.7609945805190439
ENSG00000176490.5,3439,20,0.18980294639400294
ENSG00000141873.11,4428,59,0.4348600680475338
ENSG00000104969.11,8248,1350,5.341832256765991
ENSG00000172009.15,7421,409,1.7987301175948742
ENSG00000172006.12,5653,164,0.9468256019320015
ENSG00000186300.12,8542,132,0.504335447843976
ENSG00000287766.1,1424,24,0.5500553365019462
ENSG00000172000.7,6574,33,0.16382846803632653
ENSG00000175691.9,2437,43,0.5758615162885921
ENSG00000065717.16,4141,847,6.675492462613895
ENSG00000104964.15,5236,5678,35.39165569882435
ENSG00000088256.9,6285,1248,6.480588314605586
ENSG00000125912.11,4175,309,2.4155004884854328
ENSG00000141905.19,9801,4990,16.616336801950773
ENSG00000280103.1,402,14,1.1365985891897594
ENSG00000129932.10,2121,125,1.9234215365658185
ENSG00000105325.15,6477,345,1.738402460737199
ENSG00000161091.15,5290,117,0.7218306514171097
ENSG00000064961.19,3857,166,1.4046353023039932
ENSG00000179855.9,4423,60,0.4427304991966829
ENSG00000006638.13,2827,33,0.3809721785888966
ENSG00000105298.14,5948,112,0.6145428821173952
ENSG00000186111.11,7106,462,2.1218852918929567
ENSG00000011132.12,5596,173,1.0089590202669128
ENSG00000183617.5,985,152,5.036310383890577
ENSG00000167654.18,5304,16,0.0984513322245816
ENSG00000289254.1,449,85,6.178424084093872
ENSG00000077009.14,1175,2460,68.32857609857368
ENSG00000167657.14,3549,910,8.368363239089438
ENSG00000167658.16,4021,53037,430.4770545474229
ENSG00000105229.7,3556,239,2.19351838446436
ENSG00000178951.9,6740,1080,5.229606225971025
ENSG00000126934.15,7767,2320,9.748545202430956
ENSG00000077463.15,2749,59,0.700458487200611
ENSG00000089847.13,4522,26,0.1876497196912138
ENSG00000105248.16,1668,149,2.9153812219633526
ENSG00000008382.16,2049,107,1.7043035527925925
ENSG00000141985.9,3685,136,1.2044992841283684
ENSG00000167670.16,4326,167,1.2598971284371132
ENSG00000167671.12,5247,1674,10.412368256664628
ENSG00000280239.1,2027,42,0.676239713153848
ENSG00000167674.15,4286,721,5.490200791412877
ENSG00000167676.5,6505,5703,28.61285544271415
ENSG00000214456.8,4815,1001,6.784891640515318
ENSG00000267385.1,1803,123,2.226458039817639
ENSG00000167680.17,4710,123,0.8522938101467522
ENSG00000185361.9,6669,155,0.7585358491572298
ENSG00000074842.8,1670,84,1.641602273727964
ENSG00000142002.19,11114,1054,3.095104726525197
ENSG00000268536.2,627,11,0.5725722216219089
ENSG00000141965.5,9540,1092,3.735763664846342
ENSG00000127666.11,2684,158,1.9212315305241845
ENSG00000105355.9,2739,635,7.566356904565533
ENSG00000276043.5,5145,10,0.06343365720592577
ENSG00000127663.15,14719,657,1.4567740422256177
ENSG00000105426.19,11794,402,1.1124232564222842
ENSG00000233270.1,279,13,1.5207025671033494
ENSG00000130254.12,6018,826,4.479535616218463
ENSG00000160633.13,7036,905,4.197859302496614
ENSG00000130255.13,2271,1661,23.870286317260003
ENSG00000174917.9,1474,789,17.469667926052992
ENSG00000167733.14,2991,72,0.7856357062976643
ENSG00000196365.12,5032,894,5.798317819834903
ENSG00000141994.16,3629,73,0.6565095106554872
ENSG00000174886.14,4839,109,0.7351500750024632
ENSG00000187650.4,2240,40,0.582796725579443
ENSG00000105519.18,2551,31,0.396603338144223
ENSG00000031823.14,7445,503,2.2049990820848553
ENSG00000087903.13,9094,36,0.1291970748590452
ENSG00000130382.9,4765,891,6.1026706022060635
ENSG00000125656.11,3531,685,6.3313742263459165
ENSG00000125652.8,1093,719,21.46910096864656
ENSG00000125650.5,3911,17,0.1418620513299999
ENSG00000125651.14,2876,439,4.981736683464891
ENSG00000088247.19,5162,1090,6.891497894104844
ENSG00000125648.15,4881,2510,16.783017362722088
ENSG00000104833.12,3220,13,0.13176273795709145
ENSG00000125730.18,11577,473,1.3334300481254457
ENSG00000125734.16,3190,262,2.6804995478688363
ENSG00000125733.18,3986,5293,43.33808626080069
ENSG00000269680.1,686,12,0.5709029148533319
ENSG00000125731.13,5591,63,0.3677529686718431
ENSG00000130544.12,5759,72,0.40802854619488
ENSG00000171105.14,10831,1867,5.625756001549435
ENSG00000104880.19,7671,136,0.5786181543492422
ENSG00000104883.8,1482,15,0.3303301278587936
ENSG00000198816.7,2083,1151,18.033963391237915
ENSG00000090674.16,3958,159,1.311071764668863
ENSG00000032444.17,7161,523,2.383598729056099
ENSG00000076924.12,4653,380,2.6653587621600145
ENSG00000229833.11,2169,29,0.43635863639512
ENSG00000181029.9,5679,14,0.08045652982114515
ENSG00000090659.18,4414,12,0.08872664240810732
ENSG00000142459.9,6267,494,2.572600704711937
ENSG00000076984.18,5145,1219,7.732562813402351
ENSG00000104976.13,2315,44,0.6203071843748369
ENSG00000104980.8,4635,796,5.60490762447233
ENSG00000066044.15,6962,647,3.0330208217745445
ENSG00000142449.13,9985,51,0.1666967900105047
ENSG00000090661.12,4059,32,0.2572977906475392
ENSG00000167775.11,2279,128,1.8330350719409598
ENSG00000233927.5,2119,2645,40.73801368231575
ENSG00000186994.12,3214,116,1.1779239357075486
ENSG00000167772.12,2475,59,0.7780041944704967
ENSG00000269386.6,1157,34,0.9590708431315984
ENSG00000185236.12,2309,945,13.357125473219629
ENSG00000099785.11,2216,707,10.412494566399506
ENSG00000099783.13,5606,1517,8.831563937107536
ENSG00000133246.12,3291,10,0.09916930000744091
ENSG00000133250.14,2761,93,1.0993137800861061
ENSG00000142347.20,8426,33,0.12781964738556972
ENSG00000142303.14,5705,85,0.48625984465524075
ENSG00000167785.9,8170,172,0.6870866659462906
ENSG00000130803.15,5048,338,2.1852568188921744
ENSG00000196110.8,6758,25,0.12073326661900269
ENSG00000188321.14,6783,37,0.17802665714294644
ENSG00000174652.20,5431,357,2.1453272210981815
ENSG00000130818.12,7546,227,0.9817800126644419
ENSG00000197961.12,7246,340,1.5313896846581
ENSG00000171469.11,6304,334,1.7291608431532204
ENSG00000267106.9,15708,34,0.0706420273429628
ENSG00000171466.10,13022,95,0.23809542160057107
ENSG00000196605.7,5916,99,0.546150278332054
ENSG00000127452.9,2913,266,2.9802059815418414
ENSG00000198258.11,1931,774,13.081688903943746
ENSG00000127445.14,4577,653,4.656261887915463
ENSG00000080573.7,6783,279,1.342417225483299
ENSG00000130813.18,4341,54,0.4059841737277667
ENSG00000130810.20,2888,55,0.6215422142606248
ENSG00000244165.2,2140,36,0.5490271956860547
ENSG00000130811.12,3489,3245,30.35420492183903
ENSG00000130816.17,15379,222,0.4711183361989489
ENSG00000267534.4,3643,27,0.24188543757236283
ENSG00000105364.14,4080,415,3.3196558584476117
ENSG00000090339.9,3448,83,0.785626212440038
ENSG00000161847.15,6453,58,0.29334011540090354
ENSG00000105397.15,8520,582,2.22940268545601
ENSG00000105401.9,3042,3605,38.67685830374029
ENSG00000065989.16,6762,994,4.797515074335125
ENSG00000079999.14,3573,1890,17.263701493234883
ENSG00000130734.10,2278,559,8.008721991895909
ENSG00000129347.21,4254,259,1.9870436548670056
ENSG00000129355.7,1505,87,1.886634981410662
ENSG00000129353.15,4952,1956,12.8911999460965
ENSG00000267100.2,2014,449,7.2759885143840695
ENSG00000129351.18,10962,2773,8.255914789434458
ENSG00000213339.9,3430,241,2.293126707994216
ENSG00000079805.19,17565,2413,4.483470306524279
ENSG00000099203.7,1884,74,1.281905324204465
ENSG00000214212.9,1552,22,0.4626324522640939
ENSG00000267544.1,412,10,0.7921508891371071
ENSG00000142453.13,4420,2073,15.306720877616826
ENSG00000130733.11,2518,89,1.1535579349832978
ENSG00000142444.7,1785,103,1.8832333406959256
ENSG00000127616.22,15581,619,1.296583383318517
ENSG00000130164.15,7686,253,1.0742992464233083
ENSG00000197256.11,7635,664,2.8383383685587438
ENSG00000130158.14,12478,616,1.6111681235445157
ENSG00000267082.1,569,19,1.0897991494139323
ENSG00000105514.8,4384,50,0.3722241860452646
ENSG00000105518.14,1606,225,4.572377797198619
ENSG00000183401.12,4064,53,0.42562516769679787
ENSG00000105520.11,3273,409,4.078330645484742
ENSG00000173928.4,1703,29,0.5557615280921993
ENSG00000187266.14,3077,48,0.5091184915039138
ENSG00000205517.13,4344,36,0.2704691986114542
ENSG00000130175.10,5170,794,5.012277293261963
ENSG00000161914.10,3217,13,0.1318856127515805
ENSG00000130159.15,6294,1537,7.9698887454836065
ENSG00000130176.8,2837,46,0.5291802485345947
ENSG00000130165.11,4167,254,1.9893690003940476
ENSG00000198551.10,3811,168,1.4387172905409078
ENSG00000214223.4,962,60,2.035547814913647
ENSG00000197933.13,2459,57,0.7565218170189434
ENSG00000197044.11,4748,228,1.5672174794015012
ENSG00000177599.13,3449,53,0.5015194785502426
ENSG00000171295.13,6453,206,1.0418631684928643
ENSG00000171291.9,5207,28,0.1754993788570322
ENSG00000198429.10,3362,20,0.1941500097111767
ENSG00000196757.8,3319,86,0.8456610516392279
ENSG00000219665.8,5890,30,0.16623064498700582
ENSG00000197647.13,3096,105,1.1068619981935157
ENSG00000223547.10,6588,167,0.827309498727831
ENSG00000196646.12,5578,67,0.39201386059054677
ENSG00000197857.16,10467,385,1.2004487822196226
ENSG00000188868.14,2847,27,0.30951480473344495
ENSG00000198342.10,6596,16,0.0791670506548182
ENSG00000196466.10,5055,28,0.1807765115150478
ENSG00000180855.16,2663,36,0.44120097587989376
ENSG00000188033.10,6792,33,0.15857013381490145
ENSG00000173875.14,6642,715,3.5132762559772504
ENSG00000178464.6,645,696,35.217186319665686
ENSG00000104774.13,5374,176,1.068858304300519
ENSG00000123154.12,2358,28,0.38754252150490526
ENSG00000285589.1,5025,13,0.08443303805409641
ENSG00000095059.17,2984,16,0.1749952634447657
ENSG00000132004.13,2103,13,0.20174798679117187
ENSG00000105576.16,7022,769,3.574132468008136
ENSG00000123144.11,1311,700,17.426111092840706
ENSG00000198356.12,1451,542,12.190934675938836
ENSG00000095066.12,5950,729,3.9986711806815425
ENSG00000171223.6,1830,153,2.728635161073589
ENSG00000167815.12,2034,3981,63.87727178651854
ENSG00000105612.10,3834,114,0.9704158310117799
ENSG00000105607.13,4002,270,2.2018706873466214
ENSG00000179115.11,2434,283,3.794643593665987
ENSG00000179218.15,2802,1304,15.188489681910509
ENSG00000179262.10,2547,10596,135.7744757901168
ENSG00000179271.3,1769,452,8.339033757980136
ENSG00000008441.19,6486,11350,57.11156317889207
ENSG00000267417.1,523,26,1.6224704253225026
ENSG00000104903.5,3119,19,0.19881234883505206
ENSG00000104907.13,3364,217,2.105275210832756
ENSG00000160877.7,5007,285,1.8576863871076312
ENSG00000104915.15,1796,172,3.1255557131298413
ENSG00000160888.7,3079,65,0.6889834625232778
ENSG00000141837.22,43150,19,0.014370700255307702
ENSG00000104957.14,3222,263,2.664006882164505
ENSG00000037757.14,3466,92,0.8662921898976602
ENSG00000104979.9,1197,575,15.6775727348856
ENSG00000132003.10,4754,25,0.17162713837005056
ENSG00000267519.6,19049,251,0.43003783793084416
ENSG00000132024.18,8646,432,1.6306984021764845
ENSG00000132017.11,2944,210,2.328019528809188
ENSG00000132005.9,5473,155,0.9242966522984771
ENSG00000104998.4,2950,51,0.5642262536457251
ENSG00000228887.3,896,11,0.40067274883586707
ENSG00000141854.10,2342,38,0.5295437369910566
ENSG00000141858.12,2295,298,4.2377829004225465
ENSG00000072062.16,7330,6104,27.177886483556275
ENSG00000267169.2,3219,16,0.16221990249120252
ENSG00000072071.17,8487,53,0.20381061405912415
ENSG00000123146.20,5382,335,2.0314504964456246
ENSG00000123136.15,3861,124,1.0481586279263537
ENSG00000123143.13,4623,1254,8.85276168226061
ENSG00000123159.16,4440,458,3.3665699138877367
ENSG00000224543.4,222,15,2.2051767994897844
ENSG00000132002.9,8188,1822,7.262324805119897
ENSG00000099797.15,5899,3173,17.554837188465854
ENSG00000099795.7,535,2185,133.2916025082255
ENSG00000269378.1,609,121,6.484450923688516
ENSG00000160961.12,11603,251,0.7060062720627984
ENSG00000127507.18,8642,11,0.04154163190892582
ENSG00000127530.4,12208,10,0.026733794751350595
ENSG00000105137.13,3964,79,0.6504270216860383
ENSG00000105135.16,5616,172,0.9995544980023495
ENSG00000074181.9,9408,1271,4.409134751258763
ENSG00000141867.19,13884,1244,2.9242258060188933
ENSG00000105127.10,6299,381,1.9740515854838854
ENSG00000011243.19,8576,472,1.7962316989873874
ENSG00000279203.1,631,26,1.3447734270105687
ENSG00000011451.21,10037,532,1.7298674951143531
ENSG00000105122.13,4654,26,0.18232746722038443
ENSG00000186204.15,5090,52,0.3334192661861175
ENSG00000167460.17,12375,1048,2.7638928671358665
ENSG00000167461.12,4931,54,0.3574076856930107
ENSG00000105058.12,1921,450,7.645225135138971
ENSG00000072958.9,14094,300,0.694691712057233
ENSG00000127528.6,2820,571,6.608336204655415
ENSG00000127527.14,8431,1235,4.7807165865347265
ENSG00000280332.1,1999,122,1.991829529344049
ENSG00000105072.9,4338,96,0.722248777481578
ENSG00000085872.15,6015,311,1.6874460137475609
ENSG00000269399.2,2069,18,0.28393383247176346
ENSG00000127526.15,7290,948,4.244103232861655
ENSG00000279529.2,2793,10,0.11685147380038957
ENSG00000105085.11,5328,59,0.3614039754719368
ENSG00000268087.1,376,28,2.430386344969592
ENSG00000269427.1,533,16,0.9797108182348611
ENSG00000214046.9,5104,215,1.3747791097132627
ENSG00000269044.2,1473,111,2.4593784427710914
ENSG00000267904.1,546,73,4.363503688953777
ENSG00000072954.7,2987,8370,91.45245437348393
ENSG00000127511.10,8779,610,2.2677225362562674
ENSG00000127533.4,3334,11,0.1076792990272756
ENSG00000160111.15,10195,155,0.4961918173643516
ENSG00000131351.15,5533,49,0.2890284140592791
ENSG00000099331.14,9952,216,0.7083510040804806
ENSG00000053501.14,2431,218,2.9266896034034713
ENSG00000099330.9,1858,118,2.072723768906867
ENSG00000160113.6,2655,405,4.978466943932869
ENSG00000130307.12,5137,143,0.9085139533658128
ENSG00000105393.16,2581,246,3.110657765045489
ENSG00000127220.6,2162,106,1.6001301401663153
ENSG00000130312.7,1523,1814,38.87250332978473
ENSG00000130311.11,4593,347,2.4656882149923223
ENSG00000074855.11,5005,231,1.5063053830360986
ENSG00000130299.17,4528,94,0.6775269353909426
ENSG00000130300.9,2295,222,3.157006053334917
ENSG00000269720.3,4815,17,0.1152279299588016
ENSG00000130303.14,1101,267,7.914601853645623
ENSG00000282851.2,3045,18,0.1929258126056087
ENSG00000141971.14,3280,121,1.2039727477214348
ENSG00000130304.17,8204,707,2.8125411944345813
ENSG00000269439.7,3040,88,0.9447441656761497
ENSG00000130313.7,2840,81,0.9308330800099835
ENSG00000130309.12,6108,398,2.126616473430685
ENSG00000130479.11,4933,217,1.435667101001701
ENSG00000105639.21,8369,12,0.046796439190988845
ENSG00000105640.13,3493,4979,46.52096026709494
ENSG00000007080.11,1661,544,10.688934044582872
ENSG00000105643.11,4637,817,5.750294541451516
ENSG00000099308.13,7249,57,0.2566267275554673
ENSG00000254858.10,2099,101,1.5704136635909143
ENSG00000105649.10,1786,91,1.6628959202423523
ENSG00000105650.23,7196,33,0.14966764158849508
ENSG00000130518.18,9144,36,0.12849061666318426
ENSG00000130522.6,1929,815,13.788928229883762
ENSG00000130520.11,2861,623,7.10682004963845
ENSG00000130517.14,7509,1468,6.38041726147754
ENSG00000175489.10,2427,87,1.1699158001743082
ENSG00000130511.16,2974,144,1.5802531254447303
ENSG00000105655.19,3150,116,1.2018563585282735
ENSG00000105656.13,4918,374,2.4819224523253056
ENSG00000105701.16,2819,1440,16.671418215936956
ENSG00000105700.11,4112,453,3.5954249354327112
ENSG00000221983.8,4306,5742,43.520541733284034
ENSG00000006016.12,2967,77,0.8469900507915598
ENSG00000006015.18,3371,410,3.969449071285675
ENSG00000105696.9,2626,12,0.1491391468352573
ENSG00000167487.12,4744,115,0.791149011958603
ENSG00000105662.16,6964,208,0.9747869413482699
ENSG00000005007.14,8934,830,3.0320563918661865
ENSG00000223802.9,3767,30,0.259914653297973
ENSG00000269694.1,683,12,0.5734105411264797
ENSG00000105669.14,2875,241,2.7357998637983174
ENSG00000105671.12,3306,234,2.310032756198736
ENSG00000051128.19,3422,597,5.693763918635867
ENSG00000269019.2,1665,39,0.7644612904897918
ENSG00000064607.17,8468,1910,7.361353066600994
ENSG00000105676.14,4052,249,2.0055571425172145
ENSG00000181035.14,4666,706,4.9381593104391035
ENSG00000064545.15,3281,326,3.2427726370552605
ENSG00000254901.8,5372,227,1.3790975382661725
ENSG00000064490.14,2503,197,2.56868297107168
ENSG00000184162.15,1791,17,0.3097836307937631
ENSG00000105705.16,5021,308,2.002007154509905
ENSG00000129933.21,10996,1921,5.701613364035482
ENSG00000167491.18,7416,326,1.4346732769927601
ENSG00000186010.19,2708,13,0.15667504291795956
ENSG00000250067.12,2959,68,0.7500134947639469
ENSG00000105726.17,8359,210,0.8199173935655281
ENSG00000181896.12,6560,50,0.2487546999424452
ENSG00000105708.9,2963,96,1.057413161226826
ENSG00000266904.8,4334,55,0.4141702618331067
ENSG00000081665.14,9537,366,1.2524904778731532
ENSG00000267481.1,921,40,1.4174426333311099
ENSG00000256771.5,3630,350,3.1467812180047057
ENSG00000267565.1,403,23,1.862635688700552
ENSG00000184635.17,5579,36,0.21059655830223287
ENSG00000197124.12,4967,50,0.32853449398478773
ENSG00000213988.11,6088,11,0.058968919670981744
ENSG00000256229.8,4273,27,0.20622247813623162
ENSG00000237440.9,8978,57,0.20720507329578772
ENSG00000188171.17,6835,42,0.2005468761613533
ENSG00000288815.1,828,10,0.3941620366237779
ENSG00000118620.13,6831,60,0.2866632993627475
ENSG00000160352.16,9842,103,0.34155369977059813
ENSG00000196705.8,14132,381,0.8798861404587458
ENSG00000182141.10,4325,134,1.0111691627163328
ENSG00000172687.14,9622,25,0.0847968630026211
ENSG00000196268.12,11218,305,0.8873389260917174
ENSG00000268119.8,6224,39,0.20450322118661687
ENSG00000197013.11,7571,184,0.7931762594598575
ENSG00000268555.2,2262,38,0.54827207428517
ENSG00000198521.12,8631,36,0.13612770232512536
ENSG00000293107.1,2887,12,0.1356561827465832
ENSG00000167232.14,10308,698,2.209968801848008
ENSG00000267934.1,5134,84,0.5339843780922671
ENSG00000197372.10,6785,36,0.17316406761505632
ENSG00000240231.1,252,21,2.719718052704067
ENSG00000288920.1,12195,110,0.29438522587694704
ENSG00000268362.6,12224,43,0.11480485235563634
ENSG00000213096.11,7609,190,0.8149503430365715
ENSG00000261824.8,33198,623,0.6124649726494248
ENSG00000267575.9,14163,68,0.15669631652944424
ENSG00000281468.1,635,16,0.8223399466443795
ENSG00000267423.1,579,58,3.2692983845976356
ENSG00000169021.6,3086,9488,100.3422613767577
ENSG00000267498.2,1606,10,0.20321679098660528
ENSG00000287272.1,5303,16,0.09846989743903091
ENSG00000105171.10,4308,222,1.6818312192208995
ENSG00000166289.6,2298,385,5.467840471493816
ENSG00000131943.20,5327,948,5.808055672528904
ENSG00000105176.18,5448,2078,12.448401131099232
ENSG00000266910.2,759,13,0.5589934337573577
ENSG00000121297.8,8280,85,0.33503773113021124
ENSG00000168813.17,11239,497,1.4432243497043382
ENSG00000178904.19,10781,141,0.42684008396023393
ENSG00000105185.12,2132,1096,16.777547762271997
ENSG00000105186.16,7849,344,1.4303728018298367
ENSG00000267557.1,573,66,3.7591914445752557
ENSG00000186326.4,2453,242,3.2197559009590755
ENSG00000213965.4,3103,1002,10.538797894203578
ENSG00000121289.18,9233,226,0.7988601060254987
ENSG00000076650.7,4469,106,0.7741063689952055
ENSG00000166359.11,1845,15,0.26533834660527483
ENSG00000289378.1,1103,20,0.5917790867171134
ENSG00000130881.14,5346,331,2.0207108315264786
ENSG00000245848.3,2601,37,0.46426559607866424
ENSG00000267296.2,2198,71,1.054231019519502
ENSG00000153879.9,4056,1854,14.918216774299824
ENSG00000124299.16,9517,283,0.9704909642726713
ENSG00000153885.15,6388,98,0.5006869802723831
ENSG00000257103.9,4521,59,0.4259147050020968
ENSG00000166398.14,7424,313,1.3759780449833616
ENSG00000105220.17,10680,5923,18.099876433894597
ENSG00000126249.8,1416,75,1.728634355532246
ENSG00000126261.13,4815,1768,11.983704715715366
ENSG00000142279.13,13613,103,0.24693833197254295
ENSG00000268751.2,754,10,0.4328463744356606
ENSG00000205209.8,7135,47,0.21498542140505872
ENSG00000089335.22,5032,1369,8.879079525004453
ENSG00000274104.2,1204,16,0.4337091911288878
ENSG00000197841.15,6266,842,4.385577913265544
ENSG00000153896.19,6799,60,0.28801250153653896
ENSG00000261754.2,2757,10,0.11837728194577006
ENSG00000270876.3,1094,24,0.7159769645144162
ENSG00000168661.15,2745,57,0.6777002360836364
ENSG00000280106.1,2168,18,0.2709682192730989
ENSG00000180884.10,4414,19,0.14048385047950326
ENSG00000089351.15,5906,664,3.6692708167873365
ENSG00000269303.1,565,10,0.5776392324327222
ENSG00000105711.14,8200,3206,12.760121088247669
ENSG00000105707.15,3383,112,1.080491002906966
ENSG00000227392.3,4862,10,0.067125908334942
ENSG00000153902.14,4532,252,1.8147456732959177
ENSG00000279619.1,1936,52,0.876603339301311
ENSG00000266964.6,1910,58,0.9910595626607491
ENSG00000089327.15,2991,99,1.0802490961592885
ENSG00000105699.17,2916,40,0.44769021443688345
ENSG00000105698.16,4968,2320,15.240932082786077
ENSG00000236144.9,4919,41,0.27202709533043323
ENSG00000105677.12,1927,506,8.569864045676749
ENSG00000249115.9,5090,124,0.7950767116745878
ENSG00000126254.12,2206,307,4.541904490553846
ENSG00000126267.11,1369,3642,86.8243665269383
ENSG00000272333.8,10807,467,1.4103173838580172
ENSG00000161265.15,2875,68,0.7719269325240066
ENSG00000205155.8,1359,55,1.3208343743816664
ENSG00000267796.8,2820,11,0.1273059514031691
ENSG00000004776.13,1724,5657,107.09126466923603
ENSG00000167595.16,7412,41,0.18053174337970873
ENSG00000004777.19,5260,47,0.2916199585028696
ENSG00000167604.15,3198,16,0.16328513637247682
ENSG00000011600.12,907,20,0.7196607857210321
ENSG00000126243.9,5115,115,0.7337655743365812
ENSG00000205138.4,1125,101,2.9300429154465153
ENSG00000181392.17,2548,11,0.14089591167854665
ENSG00000239382.11,4293,13,0.09882972658323654
ENSG00000105270.15,3765,49,0.4247527795458145
ENSG00000161277.11,1803,90,1.6291156388909553
ENSG00000075702.19,12217,1170,3.125549763441524
ENSG00000105258.9,1137,214,6.14268773908887
ENSG00000105254.12,3373,251,2.428636458566454
ENSG00000126247.11,3100,2742,28.86761380844343
ENSG00000161281.11,586,9373,522.018784464066
ENSG00000196357.12,3737,56,0.4890689139462492
ENSG00000167635.12,4143,1862,14.667965283519111
ENSG00000232677.11,12167,120,0.3218865781124235
ENSG00000142065.14,7819,126,0.5259257827968473
ENSG00000181007.9,9214,35,0.12397238790272501
ENSG00000186017.16,6481,275,1.3848278929059439
ENSG00000254004.7,5571,176,1.031061663491472
ENSG00000186020.13,8177,264,1.0536953394847115
ENSG00000233527.10,3661,15,0.13372008999910737
ENSG00000161298.19,11319,33,0.09515048580888864
ENSG00000197808.14,4769,115,0.7870016592014285
ENSG00000225975.8,4833,58,0.3916664110660109
ENSG00000189042.14,4736,47,0.32388534242506206
ENSG00000267041.6,7850,48,0.19956147749777617
ENSG00000267254.8,7948,43,0.17656951625507028
ENSG00000197863.9,3854,111,0.9399752065910268
ENSG00000251247.13,8842,108,0.398637705983315
ENSG00000185869.15,7742,33,0.13911241912565364
ENSG00000198453.15,18608,304,0.5331863422326116
ENSG00000197050.11,4077,139,1.1127028972063733
ENSG00000196967.11,10758,183,0.5551683253149406
ENSG00000245680.11,7538,135,0.5844976446511791
ENSG00000188283.12,8419,312,1.2094814573374542
ENSG00000286449.1,4086,12,0.09584909436842527
ENSG00000181666.19,7337,485,2.1573884512386083
ENSG00000267682.1,375,11,0.9573407545518318
ENSG00000189164.15,6436,145,0.7352873542114787
ENSG00000196437.12,5016,153,0.9954948853199097
ENSG00000171827.11,6246,112,0.5852227125895398
ENSG00000188227.14,12007,86,0.2337593928866992
ENSG00000267470.6,7599,18,0.0773074219481614
ENSG00000171817.17,4386,109,0.8110787079199543
ENSG00000180479.15,4389,59,0.43872416981418993
ENSG00000120784.17,7708,127,0.5377335641309027
ENSG00000198182.13,4703,35,0.2428836024103143
ENSG00000189144.15,4689,45,0.31321129205805
ENSG00000267422.2,1094,12,0.3579884822572081
ENSG00000291089.1,6901,12,0.05675110847549423
ENSG00000105738.11,10352,190,0.5990105448382219
ENSG00000167641.11,1442,66,1.493770248087116
ENSG00000167645.17,4723,247,1.7068059090016632
ENSG00000099337.5,6168,25,0.132282006454478
ENSG00000099341.13,4313,2866,21.68711877315054
ENSG00000130244.13,4640,23,0.16177633244532813
ENSG00000171777.17,4183,14,0.1092308469649255
ENSG00000196218.14,16282,61840,123.95580226941617
ENSG00000268055.2,571,126,7.20177529892916
ENSG00000104814.13,3919,63,0.5246508925349005
ENSG00000178982.10,2798,3734,43.55436973036592
ENSG00000130402.14,6125,1259,6.708489851469886
ENSG00000171747.9,2226,23,0.33721571542961476
ENSG00000104823.9,2303,3681,52.1647354859071
ENSG00000268756.1,566,14,0.8072661357849529
ENSG00000104824.18,6492,1695,8.521112937769676
ENSG00000187994.14,4201,35,0.27190706549290844
ENSG00000068903.21,6206,5474,28.78711560522474
ENSG00000104825.17,2324,190,2.66822597253239
ENSG00000262484.2,1085,18,0.5414369579576761
ENSG00000104835.15,3098,32,0.33711159852755385
ENSG00000128626.12,1754,258,4.800596973302048
ENSG00000269190.6,4792,14,0.0953490469228471
ENSG00000130669.17,7101,198,0.9100197286614369
ENSG00000130755.13,1388,17,0.39972801350981974
ENSG00000179134.16,8220,604,2.3981163559609584
ENSG00000006712.15,2850,655,7.500696103247006
ENSG00000063322.15,3839,391,3.3240211261493835
ENSG00000128016.7,1976,436,7.201196787321701
ENSG00000090924.15,9116,218,0.7804719642248618
ENSG00000105193.9,2674,4845,59.134034249893226
ENSG00000196235.14,8568,906,3.4510708063723876
ENSG00000105197.11,7192,813,3.6893172027504
ENSG00000176401.6,1866,31,0.5421945957159233
ENSG00000176396.11,1455,139,3.1178623449555904
ENSG00000291086.1,2572,20,0.25378395515123486
ENSG00000276445.1,584,127,7.09734642520719
ENSG00000105204.14,3192,2602,26.604159297503692
ENSG00000105202.9,2138,523,7.983606407282847
ENSG00000013275.8,2550,868,11.10924832822179
ENSG00000187187.14,9028,159,0.5747919854407798
ENSG00000269069.1,2039,15,0.24009281485371853
ENSG00000128000.17,9239,741,2.6175703998965862
ENSG00000197782.15,7977,87,0.3559465522155003
ENSG00000130758.8,4884,344,2.2987297546196537
ENSG00000105221.18,15902,2664,5.467485015019722
ENSG00000205041.1,1462,10,0.2232326719045746
ENSG00000160392.14,4886,1240,8.282727102790938
ENSG00000105223.21,13563,1212,2.9164328952685947
ENSG00000279759.1,4765,97,0.6643760363793357
ENSG00000105227.16,7402,96,0.42327954562484266
ENSG00000197019.5,2084,114,1.7853043647308846
ENSG00000167565.13,1848,227,4.008935051713138
ENSG00000090013.11,1613,758,15.336984133537628
ENSG00000160460.17,11766,112,0.3106664170350388
ENSG00000160410.15,3934,66,0.5475385606867365
ENSG00000090006.18,8110,909,3.65803754856917
ENSG00000105245.9,5823,62,0.34749617571901525
ENSG00000123815.13,12278,93,0.24720682088432472
ENSG00000086544.4,3376,93,0.8990537164744488
ENSG00000188493.15,3736,244,2.131513505973637
ENSG00000077312.9,2353,287,3.9807517949480693
ENSG00000167578.18,3935,12,0.09952716635054275
ENSG00000269858.6,6574,56,0.2780119457586147
ENSG00000279108.1,1881,12,0.20820808058978504
ENSG00000167601.12,5134,165,1.048897885538382
ENSG00000105323.18,6691,1702,8.301826559322652
ENSG00000105329.11,3264,90,0.8999067086153164
ENSG00000142039.4,3828,456,3.887747435840297
ENSG00000142046.15,2487,18,0.23621194185125796
ENSG00000123810.9,1479,12,0.26480013494887467
ENSG00000077348.10,3712,155,1.3627897570122751
ENSG00000248098.12,2251,30,0.43496157217834924
ENSG00000105341.19,4381,888,6.615228388407792
ENSG00000204978.3,948,22,0.7573898374618921
ENSG00000267107.9,8213,66,0.262269170551762
ENSG00000268034.1,747,28,1.2233269955937973
ENSG00000105372.8,3461,1719,16.209865354284744
ENSG00000076928.20,8624,250,0.9460985804861087
ENSG00000105404.11,1930,68,1.149891155961927
ENSG00000105737.10,5722,11,0.0627407869550746
ENSG00000105732.13,4669,148,1.0345297197692063
ENSG00000028277.22,9072,15,0.05396265977587435
ENSG00000160570.14,2631,194,2.4065008083219572
ENSG00000167625.12,4250,82,0.6296947209084239
ENSG00000105723.13,5782,533,3.0085293436691822
ENSG00000105722.10,3269,242,2.416048095764029
ENSG00000079432.9,11031,628,1.8580178809879295
ENSG00000079462.8,1419,24,0.5519935159822209
ENSG00000105429.13,11372,648,1.8597016864075648
ENSG00000079435.10,5161,137,0.8663469247520803
ENSG00000079385.23,5527,112,0.6613535485497135
ENSG00000176531.11,4553,31,0.22221285209881683
ENSG00000105755.8,1590,60,1.2315704389603321
ENSG00000176472.11,3238,39,0.39309081181763544
ENSG00000073050.12,2745,181,2.151995486511196
ENSG00000167378.10,9870,732,2.4204664007044103
ENSG00000124444.16,3481,117,1.0969503435784287
ENSG00000131116.12,1553,126,2.647916095098873
ENSG00000105767.3,2257,119,1.7207609123887497
ENSG00000011422.12,4457,17,0.12448339303379623
ENSG00000105771.14,7908,191,0.7882642611023927
ENSG00000167637.18,7200,116,0.5258121568561196
ENSG00000176222.10,2471,76,1.0037971930660095
ENSG00000278917.1,4179,16,0.12495474183277838
ENSG00000267058.1,2193,10,0.14882178126971637
ENSG00000267191.3,2140,10,0.15250755435723742
ENSG00000124459.12,4402,191,1.4160821846428262
ENSG00000204920.11,3455,20,0.18892397471750394
ENSG00000159882.13,6287,32,0.16611607002359818
ENSG00000159885.14,2001,19,0.30989291155248744
ENSG00000267680.6,7082,119,0.5483983873568777
ENSG00000256294.8,7191,82,0.37216000053689363
ENSG00000289428.2,895,38,1.3856887508749214
ENSG00000263002.8,5217,175,1.0947686238601766
ENSG00000167380.17,6922,141,0.6648025058039991
ENSG00000131115.16,5069,104,0.6696011303560221
ENSG00000159917.17,5989,75,0.40870700407975635
ENSG00000279103.1,1897,15,0.2580649707362847
ENSG00000159915.13,4051,25,0.2014108654187164
ENSG00000062370.17,3848,104,0.8820707197959138
ENSG00000267508.6,6866,48,0.22816160768388333
ENSG00000278318.5,5500,44,0.26109293305959047
ENSG00000167384.11,4783,85,0.5799942324395042
ENSG00000073008.16,10427,606,1.8967861973016185
ENSG00000186567.14,5173,347,2.1892337079953097
ENSG00000069399.15,3094,38,0.400837566914368
ENSG00000187244.12,4997,701,4.578400692284694
ENSG00000130202.10,3742,201,1.7530625182047594
ENSG00000130204.13,3610,471,4.258129206061881
ENSG00000130203.10,2154,60,0.9090979563356214
ENSG00000130208.10,1178,11,0.3047561824761773
ENSG00000104853.16,5095,1295,8.295273511093464
ENSG00000104856.15,2997,55,0.5989369085033982
ENSG00000104859.15,4926,302,2.000864438286549
ENSG00000007047.16,6656,1379,6.761702875022071
ENSG00000104866.11,7701,283,1.1993458650802509
ENSG00000007255.10,933,62,2.1687783828636933
ENSG00000189114.8,3376,52,0.502696701684638
ENSG00000283632.4,3191,16,0.16364333002794765
ENSG00000104879.5,1556,667676,14004.296688102113
ENSG00000104884.17,6937,180,0.8468489251608454
ENSG00000104881.16,5028,41,0.2661299287848849
ENSG00000117877.11,3197,59,0.6023022775459742
ENSG00000012061.17,5575,623,3.647105320540916
ENSG00000125740.15,5553,10,0.05877294549333478
ENSG00000125744.12,3227,2845,28.773217948347337
ENSG00000125753.15,3544,242,2.2285725804324525
ENSG00000125741.6,9619,796,2.7007741802088834
ENSG00000177464.5,3149,74,0.7669449446812359
ENSG00000125746.18,8173,65,0.25955953519015934
ENSG00000125743.11,1441,589,13.340018873360407
ENSG00000177051.6,3527,159,1.4712849573460052
ENSG00000279407.1,2995,42,0.45767542522966603
ENSG00000177045.11,3582,21,0.19133694843144192
ENSG00000267395.5,1027,12,0.3813431349458478
ENSG00000104936.20,8322,970,3.8040757189948744
ENSG00000185800.12,5701,315,1.803286132120922
ENSG00000125755.19,10532,1010,3.1297932775136057
ENSG00000170604.5,2534,291,3.7479303236158654
ENSG00000176182.6,1896,235,4.045150268262378
ENSG00000104967.8,9182,119,0.42297510120468396
ENSG00000104983.8,2588,39,0.49181918418296117
ENSG00000124440.16,8375,444,1.7302277952008682
ENSG00000011485.15,7089,1097,5.050411686527908
ENSG00000169515.9,3236,31,0.3126499121155479
ENSG00000291145.1,6471,20,0.10087039602054955
ENSG00000160014.17,5235,3976,24.787619432782513
ENSG00000197380.11,5466,30,0.17912522849862134
ENSG00000105287.13,5664,121,0.6972158567313392
ENSG00000090372.15,7637,497,2.1239228055947437
ENSG00000181027.11,5171,342,2.1585230880482484
ENSG00000105281.12,3332,39,0.3820012150856853
ENSG00000042753.12,1558,397,8.3162623896548
ENSG00000160007.20,17353,2112,3.972139360786715
ENSG00000130748.7,655,58,2.8899599460794363
ENSG00000130749.10,6526,358,1.7903629718689356
ENSG00000142230.13,3742,505,4.4044605556885745
ENSG00000105327.18,3185,17,0.1741985817116577
ENSG00000105321.14,3781,171,1.4760278878996949
ENSG00000257704.4,839,72,2.8007585191136046
ENSG00000134815.19,5662,142,0.818509283258165
ENSG00000105419.18,5126,16,0.10187004801388624
ENSG00000118162.14,2115,51,0.7869822450377727
ENSG00000268061.6,2696,10,0.1210556996752552
ENSG00000105402.8,5690,592,3.3955847181739354
ENSG00000279861.1,1882,22,0.3815119903899436
ENSG00000118156.13,4904,10,0.06655101270890866
ENSG00000063169.12,7496,102,0.44409483678092027
ENSG00000024422.12,3844,984,8.35443048031468
ENSG00000105373.19,5317,2138,13.123394086924119
ENSG00000178980.16,5156,8612,54.512517928364844
ENSG00000105499.14,6613,932,4.599625994471841
ENSG00000105486.15,11348,69,0.198442593200473
ENSG00000185453.13,3763,140,1.2142243764397642
ENSG00000105483.18,13219,996,2.4590415436809905
ENSG00000268583.2,2175,24,0.3601281835304696
ENSG00000268001.1,1969,58,0.9613630089802085
ENSG00000142227.11,1645,67,1.329272531534389
ENSG00000161558.11,3523,2359,21.853471085991124
ENSG00000105438.9,2244,796,11.576981657499664
ENSG00000105447.13,5627,247,1.43260073008972
ENSG00000182324.7,4275,39,0.29773755524339257
ENSG00000105443.17,9333,228,0.7972943953925135
ENSG00000063177.13,3857,3294,27.87270292644189
ENSG00000268093.1,1330,10,0.24538809498081807
ENSG00000063176.16,6009,69,0.3747589528438954
ENSG00000105516.11,6485,249,1.2531252955250198
ENSG00000063180.9,1946,105,1.7609685233335688
ENSG00000176909.12,2286,778,11.10729997377304
ENSG00000105538.10,4040,230,1.8580252043225804
ENSG00000182264.9,3415,11,0.10512526587318796
ENSG00000174951.12,4343,69,0.5185186616714178
ENSG00000105552.15,4553,396,2.838589981649402
ENSG00000105559.13,5396,173,1.0463555740203194
ENSG00000087074.9,3433,839,7.976149535282421
ENSG00000104805.17,7646,2236,9.5442682173889
ENSG00000087088.21,2587,40,0.5046249189400666
ENSG00000087086.15,871,4660,174.61151952607514
ENSG00000104812.15,4241,9965,76.68566016089422
ENSG00000183207.15,3519,512,4.748493241208807
ENSG00000196337.14,3387,13,0.12526602191373915
ENSG00000268108.1,520,14,0.8786781401043909
ENSG00000225950.9,2343,59,0.8218354166941868
ENSG00000104848.2,4151,1931,15.182198679175777
ENSG00000104852.15,4684,2519,17.551587808953574
ENSG00000104863.12,1753,126,2.3458150003927836
ENSG00000177380.14,6296,30,0.155511197422723
ENSG00000130528.12,2657,6397,78.57600173043848
ENSG00000130529.16,6604,470,2.322714993526793
ENSG00000063127.16,3589,17,0.1545897137786653
ENSG00000104894.12,4161,18,0.14118219163279946
ENSG00000074219.14,2980,170,1.8618204119182205
ENSG00000104888.10,5989,37,0.20162878867934644
ENSG00000104872.11,3331,423,4.1444877921122325
ENSG00000161618.10,4589,66,0.4693869465551582
ENSG00000142541.18,3228,10821,109.40546114613647
ENSG00000142534.7,1409,10375,240.3157541246674
ENSG00000104870.13,4052,546,4.397727710097989
ENSG00000142552.8,1703,56,1.0731946749366608
ENSG00000142546.14,4477,797,5.810003005597877
ENSG00000126464.15,7554,331,1.4300662040429646
ENSG00000126458.4,1102,245,7.255872118829362
ENSG00000126461.15,4464,565,4.1307545692951555
ENSG00000126456.16,3794,156,1.3419378478286805
ENSG00000126453.11,2833,119,1.3708991808194166
ENSG00000126457.22,4796,2180,14.834825742022183
ENSG00000169169.15,5864,10,0.055655894666522515
ENSG00000243829.1,584,13,0.726500027777114
ENSG00000196961.13,8714,1107,4.1460563015975245
ENSG00000010361.14,2953,261,2.884577358980406
ENSG00000104973.19,7683,738,3.134950289567515
ENSG00000268006.1,4203,19,0.14753645396538836
ENSG00000104960.15,5962,632,3.45963463799189
ENSG00000269352.1,1023,38,1.2123083402082646
ENSG00000039650.12,4545,128,0.9191390382735857
ENSG00000204673.11,5737,1620,9.215847820213886
ENSG00000104946.14,4492,1448,10.520440980361949
ENSG00000213024.13,6021,470,2.547618305472669
ENSG00000169136.13,2892,121,1.3655015949261085
ENSG00000105053.11,9795,310,1.0329097658049138
ENSG00000142528.16,6898,141,0.6671155327885303
ENSG00000105357.20,10396,2985,9.370940808759109
ENSG00000131398.15,6794,13,0.062448633532798725
ENSG00000131408.15,5341,1033,6.312230852147466
ENSG00000062822.16,4934,54,0.3571903725480818
ENSG00000269404.7,4282,20,0.15243632243086783
ENSG00000086967.10,3719,72665,637.6821047585083
ENSG00000142530.11,1661,19,0.37332674052771064
ENSG00000161671.17,10749,4822,14.640781970571044
ENSG00000289950.1,309,474,50.06393619346517
ENSG00000161677.12,1381,121,2.859544252372415
ENSG00000105472.14,1424,41,0.9396778665241581
ENSG00000293495.1,3273,11,0.10968615427954073
ENSG00000142544.7,2126,26,0.39913077725478313
ENSG00000105383.15,5975,15,0.0819329287843903
ENSG00000105379.10,6496,327,1.6428838729696364
ENSG00000105374.10,921,19,0.6732852508322772
ENSG00000105497.8,7413,184,0.8100819452813409
ENSG00000187474.5,2779,10,0.11744014621248221
ENSG00000161551.15,11744,263,0.7308779099398873
ENSG00000283236.1,2995,32,0.34870508588926935
ENSG00000198093.11,4354,119,0.8919975606939384
ENSG00000176024.18,3853,39,0.33034727450441304
ENSG00000256683.7,4542,69,0.49580064897379295
ENSG00000197619.15,4871,198,1.326637259951727
ENSG00000142556.19,5623,227,1.3175372533462348
ENSG00000256087.7,5986,147,0.8014671976227823
ENSG00000197608.12,4288,93,0.7078370678213011
ENSG00000204611.7,4907,77,0.5121295049314363
ENSG00000196267.14,4718,34,0.23519393079763873
ENSG00000105568.19,10346,2577,8.129186261533016
ENSG00000196214.11,7319,139,0.6198237070515623
ENSG00000269102.1,447,13,0.9491633472524261
ENSG00000198464.14,4844,341,2.2974992303189596
ENSG00000167554.15,3548,17,0.1563761225342812
ENSG00000221923.9,3719,107,0.9389938100758328
ENSG00000269834.8,5796,76,0.42794735404867307
ENSG00000167555.14,8530,217,0.830263283615638
ENSG00000198482.14,5008,217,1.4141664954555493
ENSG00000167562.14,6294,57,0.2955651649268481
ENSG00000289102.1,1554,58,1.2180976606705474
ENSG00000123870.11,1920,16,0.27197180527040676
ENSG00000167766.21,7961,319,1.3077604202677011
ENSG00000269825.3,4220,11,0.08507174951586183
ENSG00000288953.1,1308,12,0.2994185012151267
ENSG00000213020.10,7148,85,0.3880963085839604
ENSG00000189190.11,7228,28,0.12642850936753827
ENSG00000198538.11,5975,65,0.35504269139902467
ENSG00000204604.13,5279,59,0.3647585492166091
ENSG00000182986.15,11302,395,1.1406356016472552
ENSG00000213793.6,4435,23,0.16925415615475145
ENSG00000180257.14,3310,26,0.25636013064763413
ENSG00000293317.1,7534,12,0.05198293065959459
ENSG00000170949.18,8509,251,0.962720739774903
ENSG00000170954.12,3780,150,1.2951038346209844
ENSG00000197937.13,9133,159,0.5681837342121275
ENSG00000267809.1,907,483,17.379807975162926
ENSG00000197928.11,9348,107,0.3735684616679527
ENSG00000213799.13,6450,44,0.22263738477949574
ENSG00000203326.12,7193,13,0.0589845705855463
ENSG00000196417.13,12346,46,0.12160087194983356
ENSG00000293185.1,2920,22,0.2458923170937924
ENSG00000160336.17,5626,95,0.5510982189979802
ENSG00000198346.11,6246,14,0.07315283907369248
ENSG00000130844.19,8686,258,0.9694044544291724
ENSG00000268864.5,1356,19,0.45729772567590504
ENSG00000204595.3,948,17,0.5852557834932803
ENSG00000229000.1,775,13,0.5474529241572058
ENSG00000179820.16,4298,509,3.865062323386794
ENSG00000142408.7,8850,28,0.10325709217045952
ENSG00000130433.8,2501,1236,16.129091626432118
ENSG00000105619.14,1215,12,0.32233695439455606
ENSG00000088038.20,6821,23,0.11004869997746997
ENSG00000226696.8,2136,11,0.16807246393115022
ENSG00000125503.13,7803,365,1.5266391222406528
ENSG00000287170.1,3304,12,0.11853492723649689
ENSG00000105048.18,2119,64918,999.8602541506897
ENSG00000129991.13,2034,22,0.35300175315333027
ENSG00000180089.6,2147,12,0.18241238918928074
ENSG00000276570.1,3061,14,0.1492690731310955
ENSG00000105063.19,6606,720,3.5571244286047747
ENSG00000133265.11,2167,319,4.8043750372640375
ENSG00000133247.14,4776,66,0.4510085213026845
ENSG00000108107.15,6346,3092,15.901736310673133
ENSG00000108106.14,2799,51,0.5946650404626256
ENSG00000063241.8,4408,710,5.256805310580456
ENSG00000197483.11,3562,95,0.8704319427520035
ENSG00000179954.16,7315,42,0.18738727253080653
ENSG00000187550.9,2258,12,0.17344526111133113
ENSG00000218891.5,3320,334,3.2833222756740668
ENSG00000179943.8,6785,208,1.0005035017758808
ENSG00000171443.7,1441,201,4.552366372742685
ENSG00000261221.5,3763,593,5.14310753734843
ENSG00000276488.1,608,17,0.9125369782099173
ENSG00000179922.6,2024,449,7.240039954530392
ENSG00000213015.9,2604,76,0.9525279815922079
ENSG00000171425.10,1635,57,1.1377903046174813
ENSG00000173581.8,2709,208,2.505875326522463
ENSG00000063244.14,4040,662,5.3478812402676015
ENSG00000267523.1,561,14,0.8144610211306296
ENSG00000063245.15,17616,1848,3.4237322625320954
ENSG00000142409.6,3686,359,3.1786612509628656
ENSG00000167685.15,7143,241,1.1011374224303743
ENSG00000279794.1,674,10,0.4842227987010208
ENSG00000131848.10,8039,59,0.23952735182416712
ENSG00000290720.1,4690,153,1.0646913315063256
ENSG00000018869.18,3341,16,0.15629627839544472
ENSG00000198440.9,8060,51,0.20650960896462642
ENSG00000198046.13,8804,37,0.13715979275336276
ENSG00000166770.12,12171,110,0.2949657242272097
ENSG00000196263.8,6776,241,1.1607769492945932
ENSG00000196867.8,6972,114,0.5336451945064778
ENSG00000269696.3,2912,24,0.26898310411358906
ENSG00000197016.12,9670,74,0.24975280566713665
ENSG00000197951.10,6134,135,0.7182822375905753
ENSG00000268182.6,2543,10,0.1283390351256343
ENSG00000127903.14,3474,21,0.197285247346409
ENSG00000083844.11,12532,345,0.8984705344872996
ENSG00000105146.14,1741,32,0.5998688869835507
ENSG00000204524.7,10169,123,0.39475895818578066
ENSG00000267871.6,1612,39,0.7895955636882775
ENSG00000197714.9,4005,31,0.25261800639348636
ENSG00000268205.1,4258,631,4.836473718899764
ENSG00000178229.8,3690,90,0.7960150398158246
ENSG00000131845.15,4645,210,1.4754982761709905
ENSG00000152433.15,3568,32,0.2927050819053705
ENSG00000256060.3,1855,72,1.2667581657877705
ENSG00000188785.12,6161,183,0.9694044544291726
ENSG00000186272.13,3759,118,1.0245067205716838
ENSG00000186230.7,4637,59,0.41525994852587444
ENSG00000276449.1,3323,30,0.29464294281476505
ENSG00000178201.5,2351,100,1.3882014730943772
ENSG00000268545.1,209,15,2.3423409066350818
ENSG00000197128.13,6096,199,1.0654013631655697
ENSG00000105136.22,8009,143,0.5827239578524384
ENSG00000152439.13,8141,55,0.22049059265258375
ENSG00000121406.9,9279,130,0.4572432549001341
ENSG00000251369.10,6960,174,0.8159154158112202
ENSG00000083817.9,2545,62,0.7950767116745878
ENSG00000171649.12,5370,51,0.3099566942746535
ENSG00000183647.11,6096,37,0.19808970068907578
ENSG00000213762.12,5139,308,1.9560377355116234
ENSG00000121417.14,4562,195,1.3950329336535547
ENSG00000204519.11,4703,78,0.541283456800129
ENSG00000179909.16,6907,228,1.0773343842765786
ENSG00000083814.13,3532,178,1.6447672028810554
ENSG00000152443.13,5454,372,2.2260398583188405
ENSG00000083828.16,5480,228,1.3578738306931255
ENSG00000178935.5,2989,77,0.8407559319834588
ENSG00000269343.9,6079,243,1.3046056656826879
ENSG00000204514.11,13421,196,0.4766244586811688
ENSG00000198466.12,7353,275,1.2205996972560074
ENSG00000269867.1,679,21,1.0093798958489322
ENSG00000173480.11,5276,143,0.8845785023578808
ENSG00000196724.13,4512,78,0.5641968300822268
ENSG00000152454.4,2207,87,1.2865363149175562
ENSG00000177025.3,915,33,1.1770583047768421
ENSG00000166704.13,7612,260,1.114755691597043
ENSG00000176593.8,9172,89,0.31668762323244043
ENSG00000176293.20,6418,55,0.2796843120574454
ENSG00000121413.13,8175,148,0.5908525090645166
ENSG00000181894.15,4315,62,0.46893863991004076
ENSG00000171606.18,8333,175,0.6853963651360304
ENSG00000198131.15,7216,98,0.443235647170175
ENSG00000268516.4,2883,23,0.260368429603303
ENSG00000278129.2,9110,123,0.4406480621066085
ENSG00000142396.11,6117,39,0.2080804395398894
ENSG00000283103.5,4585,33,0.2348982222182793
ENSG00000182318.6,4654,56,0.39270531401313563
ENSG00000083845.9,3617,3249,29.31610932784799
ENSG00000171574.19,7649,207,0.883223904159616
ENSG00000232098.3,3417,42,0.4011524432434445
ENSG00000268912.1,2517,21,0.27229596713604487
ENSG00000131849.14,3660,117,1.0433016792340193
ENSG00000249471.8,4035,73,0.5904518002896562
ENSG00000083812.13,5653,51,0.29443966889348827
ENSG00000083838.17,4768,21,0.14374348768486261
ENSG00000083807.10,8025,25,0.10167170290482494
ENSG00000119574.13,3006,133,1.444002000038487
ENSG00000130726.12,4306,1389,10.527696354498698
ENSG00000130724.10,3654,959,8.565548809665684
ENSG00000130725.8,1743,1198,22.43182256206177
ENSG00000267858.8,3920,33,0.27474702777316595
ENSG00000099326.9,6654,205,1.0054863855804035
ENSG00000293115.1,9728,186,0.6240142571582522
ENSG00000196476.12,1730,27,0.5093576006220334
ENSG00000247315.4,2752,224,2.656468795664438
ENSG00000225377.6,6273,49,0.25493292124820527
ENSG00000177732.9,4673,31,0.21650655159553028
ENSG00000125841.13,2933,23,0.2559298269847673
ENSG00000101255.12,3291,10,0.09916930000744091
ENSG00000125826.22,10757,487,1.4775525053455953
ENSG00000125875.15,9775,830,2.7711909774867016
ENSG00000101266.19,29523,3734,4.127802950430642
ENSG00000125878.7,1006,76,2.4655893280975243
ENSG00000101276.18,5984,11,0.05999378057435442
ENSG00000125898.13,2722,13,0.15586921977290025
ENSG00000125818.18,10361,2918,9.191549786071384
ENSG00000101298.15,5709,95,0.543086106162662
ENSG00000125775.15,2553,17,0.21732177154392077
ENSG00000234684.8,5317,26,0.1595922573713878
ENSG00000088832.18,5973,1735,9.48008201193683
ENSG00000088833.18,5757,1876,10.635103839234665
ENSG00000198053.12,4957,118,0.7769055401712647
ENSG00000125834.13,6839,351,1.6750186340092894
ENSG00000125835.20,5153,231,1.4630425853086892
ENSG00000088876.13,4643,167,1.173877875860209
ENSG00000101361.17,4950,575,3.791122134072336
ENSG00000101365.21,2567,1899,24.143722238028936
ENSG00000088881.22,4060,31,0.24919584128224462
ENSG00000088882.8,2376,22,0.30219089474489635
ENSG00000132635.17,2320,93,1.308278166731784
ENSG00000215305.10,3364,274,2.658273768516936
ENSG00000132670.21,3911,383,3.19606856819941
ENSG00000125901.6,1016,266,8.544626008101753
ENSG00000185019.17,4738,177,1.2192235424110254
ENSG00000215251.5,5477,735,4.379754103496416
ENSG00000088899.16,5352,165,1.0061737190497109
ENSG00000289183.2,1790,24,0.4375859213289225
ENSG00000198171.13,1832,241,4.293354043897468
ENSG00000125877.13,1942,124,2.0839034307021898
ENSG00000088836.14,4319,58,0.438278250678868
ENSG00000088854.13,8584,2283,8.680032126267548
ENSG00000088812.18,8771,703,2.6158410093046984
ENSG00000149451.19,5386,162,0.9816435006417948
ENSG00000088827.14,8126,16,0.0642611206152081
ENSG00000132622.11,3133,255,2.6563476671798423
ENSG00000101220.18,1809,107,1.9304134768778454
ENSG00000125817.8,2890,1420,16.03598464293332
ENSG00000101224.18,3903,109,0.9114504773089726
ENSG00000125843.11,5491,353,2.098110666773708
ENSG00000088888.18,11771,4198,11.639496782178242
ENSG00000229539.2,1885,22,0.3809048095033813
ENSG00000125779.24,9125,218,0.7797021836574071
ENSG00000275582.1,669,23,1.1220361473039202
ENSG00000101236.17,7644,32,0.13662633859737858
ENSG00000226608.3,528,26,1.6071061220524032
ENSG00000088826.18,2946,35,0.3877398445810279
ENSG00000171867.18,2737,831,9.909034863560452
ENSG00000101265.16,5722,62,0.35362989011042045
ENSG00000089057.15,7526,205,0.8889857041791132
ENSG00000089063.15,3051,2034,21.757744421632538
ENSG00000132646.11,1403,222,5.164168847044643
ENSG00000101290.14,11800,751,2.0771270416075467
ENSG00000225022.1,444,10,0.7350589331632614
ENSG00000205181.8,8080,60,0.2423511136072931
ENSG00000125772.14,7472,943,4.118887778961352
ENSG00000171984.15,2185,57,0.8513899991073601
ENSG00000089195.15,3783,288,2.484627435935833
ENSG00000125885.13,7691,143,0.6068178622338031
ENSG00000088766.12,5367,64,0.38918268389728405
ENSG00000125845.7,3545,79,0.7273040095806644
ENSG00000238102.4,3740,21,0.1832537297543917
ENSG00000125827.9,6557,1755,8.73528476284088
ENSG00000182621.19,17406,1058,1.9837722852539836
ENSG00000101333.19,21611,338,0.5104426644656748
ENSG00000132623.16,5869,36,0.20019052628525424
ENSG00000125863.20,7040,676,3.1338569380021863
ENSG00000149346.15,6486,65,0.3270706261346242
ENSG00000101384.12,9298,397,1.3934971825212061
ENSG00000132640.15,6228,630,3.30139185588355
ENSG00000172296.13,8527,22,0.08420377224274349
ENSG00000101230.6,3090,40,0.42248047420645707
ENSG00000089123.16,2897,36,0.4055637551840377
ENSG00000089048.15,3249,839,8.427861297206693
ENSG00000101247.18,7158,555,2.530500451384337
ENSG00000172264.19,11426,52,0.14853002493325204
ENSG00000125848.10,5191,95,0.597279633997811
ENSG00000089177.20,7733,574,2.422529153889256
ENSG00000125870.11,2608,487,6.0943375383445435
ENSG00000125868.16,3639,1294,11.605326167185698
ENSG00000125844.17,6980,327,1.5289647047006818
ENSG00000089006.17,7953,1547,6.348402606613643
ENSG00000125871.14,2231,441,6.451254116947523
ENSG00000149474.15,5018,746,4.851916302871026
ENSG00000232838.4,1151,12,0.3402601212766166
ENSG00000125846.17,5730,206,1.173323390276519
ENSG00000089091.17,8411,25,0.09700575624910478
ENSG00000132664.13,6754,294,1.420664093861408
ENSG00000089050.16,3843,175,1.4861847282535885
ENSG00000101310.17,4347,86,0.6456749552313312
ENSG00000232388.5,1098,368,10.93831959994641
ENSG00000125821.13,6416,99,0.5035886918036833
ENSG00000179935.10,4134,17,0.1342095991174721
ENSG00000273148.2,1990,56,0.9184173524709212
ENSG00000185052.13,3922,1332,11.08413395064299
ENSG00000132669.14,8271,366,1.4442028397383948
ENSG00000236992.2,501,10,0.651429473701573
ENSG00000173418.12,2182,624,9.333294582331831
ENSG00000101343.15,4567,545,3.894669600325071
ENSG00000089101.19,7915,133,0.5484106142913066
ENSG00000188559.16,11649,2629,7.365582035085236
ENSG00000088970.16,5207,468,2.9333467608961095
ENSG00000088930.8,3408,849,8.13042474206251
ENSG00000125813.15,5850,10,0.055789088260596253
ENSG00000227063.5,81,98,39.48627691333312
ENSG00000178726.7,4040,226,1.8257117225082748
ENSG00000125810.10,6681,1908,9.3205604751852
ENSG00000279164.1,1854,139,2.4468660797790633
ENSG00000132661.4,1062,60,1.8438766459010623
ENSG00000125812.16,5462,330,1.9718204849337435
ENSG00000125814.17,5234,218,1.3593394011986704
ENSG00000101439.9,3615,1911,17.252717672091194
ENSG00000101474.12,2226,231,3.3868187071409137
ENSG00000154930.15,8691,403,1.5133536420293254
ENSG00000197586.13,6673,482,2.357387864055196
ENSG00000277938.1,2784,11,0.12895214905062388
ENSG00000100994.12,4456,227,1.6625924541216064
ENSG00000276952.1,674,10,0.4842227987010208
ENSG00000100997.20,4479,115,0.8379573370689021
ENSG00000101004.16,16583,198,0.38967919515316074
ENSG00000170191.5,3803,57,0.4891630681171659
ENSG00000213742.8,5991,52,0.2832755908675243
ENSG00000130684.14,4855,35,0.23527941959540846
ENSG00000175170.16,6836,13,0.06206495263631282
ENSG00000291100.1,6521,193,0.965935747594329
ENSG00000149531.15,761,106,4.545967625544774
ENSG00000088320.4,1660,25,0.4915153107296507
ENSG00000101294.19,8748,356,1.3281476361627544
ENSG00000235313.1,356,10,0.9167588941699103
ENSG00000125968.9,1233,534,14.134593091425515
ENSG00000131055.5,669,33,1.6098779504795375
ENSG00000171552.14,4197,302,2.348405580891003
ENSG00000088325.16,3605,15,0.1357972952806469
ENSG00000101306.11,2976,5232,57.37727762801484
ENSG00000179772.8,1302,33,0.8271953524353384
ENSG00000088356.6,1957,152,2.534882845238742
ENSG00000226239.2,6213,18,0.09455321091003999
ENSG00000101331.17,2599,89,1.1176063410111365
ENSG00000101336.18,3083,11,0.11644592376157537
ENSG00000101337.16,5207,699,4.381216636466625
ENSG00000293164.1,3884,23,0.19326523752479985
ENSG00000126003.7,5656,566,3.26596976908876
ENSG00000101346.15,6643,598,2.937934178263493
ENSG00000101350.8,6116,200,1.0672536505051933
ENSG00000171456.22,13673,1189,2.838070443646722
ENSG00000197183.15,9707,122,0.41018514774479803
ENSG00000149600.12,2046,587,9.363486785555938
ENSG00000088305.19,6876,22,0.10442198457153486
ENSG00000101367.9,2562,689,8.776982380857623
ENSG00000260257.2,2131,47,0.71981275538484
ENSG00000125997.6,1178,14,0.3878715049696802
ENSG00000101391.21,4567,429,3.0657124009898262
ENSG00000101400.6,2211,5472,80.77230493566707
ENSG00000078699.22,9457,544,1.8773733158562067
ENSG00000125967.17,4342,1075,8.080230971875281
ENSG00000101417.12,5719,291,1.6606496660329784
ENSG00000131061.15,5575,94,0.5502855539820964
ENSG00000101421.4,1602,1852,37.72972160005942
ENSG00000125970.12,7513,1647,7.154599706328122
ENSG00000125977.7,2556,2257,28.81879645517878
ENSG00000101444.13,3894,855,7.165975146570037
ENSG00000078747.17,12406,486,1.2785261714791325
ENSG00000101460.13,1152,369,10.453916265081258
ENSG00000101464.11,2707,226,2.7247415437508056
ENSG00000198646.14,11133,684,2.0051599547826267
ENSG00000078804.13,4179,2861,22.343469773973684
ENSG00000131067.17,2962,1883,20.747720836901113
ENSG00000131069.20,5248,2723,16.933976198581956
ENSG00000100983.12,6166,299,1.5826059638505017
ENSG00000078814.19,8245,3249,12.86068737887522
ENSG00000100991.12,3162,1234,12.736744125376921
ENSG00000088298.13,1884,67,1.160644009752691
ENSG00000101000.6,1697,30,0.5769584554940861
ENSG00000126005.17,5520,225,1.3302968736052505
ENSG00000279253.1,1461,23,0.5137865725847519
ENSG00000242372.9,1637,189,3.7680638628789396
ENSG00000101019.22,6672,1816,8.883107884371558
ENSG00000126001.17,19802,282,0.46477759268511076
ENSG00000125991.21,5995,638,3.473254614095469
ENSG00000214078.13,3608,367,3.3197445410500865
ENSG00000244462.8,6702,603,2.9364189539490644
ENSG00000244005.13,6023,484,2.622633646041047
ENSG00000125995.16,702,239,11.11132674523542
ENSG00000131051.24,11974,4004,10.913396776041843
ENSG00000025293.17,8372,1690,6.5881368978545725
ENSG00000171222.11,1996,162,2.6488636745775085
ENSG00000260032.2,5401,9336,56.414636711820414
ENSG00000088367.23,9676,347,1.1704119441359793
ENSG00000131043.13,7291,268,1.1996452143047975
ENSG00000080845.19,8785,1683,6.252410448766231
ENSG00000101335.10,2808,759,8.821649581206783
ENSG00000118707.11,3973,36,0.2957256981545827
ENSG00000101084.19,1472,125,2.771451820010938
ENSG00000101079.21,3260,328,3.283684127436567
ENSG00000149636.16,2739,67,0.7983400198517963
ENSG00000149639.15,14975,304,0.6625396631896119
ENSG00000101347.11,10835,592,1.7831912364014482
ENSG00000080839.12,5956,608,3.3316089510626044
ENSG00000101353.16,3708,143,1.2586397460734031
ENSG00000118705.18,3346,1227,11.968059954577013
ENSG00000101363.13,2034,151,2.422875669370585
ENSG00000197122.13,7139,21,0.09600349478658424
ENSG00000166619.15,7869,3853,15.980287696635564
ENSG00000053438.11,1329,122,2.995987380856851
ENSG00000276603.1,419,42,3.2714508318922433
ENSG00000132792.21,4069,254,2.037282040954042
ENSG00000101407.13,4472,353,2.576190892498754
ENSG00000101413.12,5330,954,5.841525753725358
ENSG00000198959.12,7948,817,3.3548208088463354
ENSG00000149633.12,8068,10,0.04045192939073972
ENSG00000129988.6,1825,13,0.23248000888867643
ENSG00000196756.15,11905,57,0.15626099521626058
ENSG00000174365.22,4525,42,0.3029255024448287
ENSG00000170471.15,12631,1184,3.059279082639489
ENSG00000101442.10,2547,84,1.0763548477132705
ENSG00000101445.10,6408,213,1.0848313581010605
ENSG00000101452.15,4998,221,1.443115701434811
ENSG00000204103.4,3389,822,7.915992585385931
ENSG00000198900.7,10127,760,2.449277045587152
ENSG00000226648.2,8401,37,0.1437394138079521
ENSG00000124181.15,9648,617,2.087146814077624
ENSG00000174306.22,11680,1538,4.297527087389235
ENSG00000132793.12,4667,49,0.34265999892650345
ENSG00000183798.5,3791,10,0.0860897299721678
ENSG00000124177.16,14022,615,1.4314305540547723
ENSG00000124193.16,4894,1648,10.990017206840136
ENSG00000185513.18,15556,146,0.3063092072729189
ENSG00000101052.13,2539,47,0.6041437501871185
ENSG00000149596.7,10658,5767,17.659539136735997
ENSG00000287570.1,1396,40,0.935146608379622
ENSG00000132823.11,2249,968,14.047240951627588
ENSG00000223891.7,9239,409,1.4447858212654572
ENSG00000197296.6,4628,539,3.80102341505832
ENSG00000124120.11,7056,75,0.3469028128449065
ENSG00000132824.14,4649,2315,16.251617015297693
ENSG00000168734.14,2466,223,2.9513242129100092
ENSG00000196839.14,12177,106,0.28409964383999126
ENSG00000064205.11,4981,104,0.6814310639981281
ENSG00000101098.13,5414,24,0.1446765421460605
ENSG00000166913.13,7907,2186,9.022846080502477
ENSG00000101104.13,5050,19,0.12279123089436185
ENSG00000025772.8,1973,200,3.308324037754567
ENSG00000101109.13,16570,167,0.32892667336264036
ENSG00000124145.6,2613,748,9.34259060125209
ENSG00000204070.10,6000,316,1.7188618093089707
ENSG00000244274.9,2482,92,1.2097376028143794
ENSG00000124155.19,19653,721,1.197323593954897
ENSG00000101457.13,1866,388,6.786177520573492
ENSG00000101470.10,847,72680,2800.5068439744737
ENSG00000124104.19,4078,477,3.8174757561741246
ENSG00000101473.17,4354,267,2.001372678195643
ENSG00000132801.7,2776,30,0.3527011883910174
ENSG00000168612.5,2769,178,2.097984023321014
ENSG00000149634.5,742,50,2.199232926714879
ENSG00000124257.7,1222,38,1.0148866055916979
ENSG00000064601.21,8633,610,2.3060739193552386
ENSG00000100979.15,2541,40,0.5137601988579111
ENSG00000285796.1,8538,59,0.2255282714118622
ENSG00000100982.12,3164,506,5.219383064481383
ENSG00000198026.8,7545,339,1.466376810921159
ENSG00000124160.12,3224,332,3.3608426556988222
ENSG00000101017.15,5619,219,1.2720090839128473
ENSG00000080189.15,7708,243,1.0288917801874753
ENSG00000273828.2,5580,30,0.17546568081961722
ENSG00000062598.18,6597,607,3.0029447166737038
ENSG00000198185.12,6865,43,0.20442454700587015
ENSG00000158296.14,6055,13,0.07007035775752841
ENSG00000172315.6,3185,195,1.9981602019866616
ENSG00000197496.6,4838,26,0.17539314436619863
ENSG00000064655.19,3618,14,0.1262887321321955
ENSG00000101040.20,7625,816,3.492653006174194
ENSG00000273451.1,1006,16,0.5190714374942156
ENSG00000224565.2,1216,13,0.3489111975508507
ENSG00000124151.19,8417,2099,8.138797470774628
ENSG00000196562.16,6980,255,1.192311925684018
ENSG00000124126.14,7509,263,1.1430856537933194
ENSG00000124198.10,12446,858,2.249896920347186
ENSG00000124207.17,3800,1577,13.544195902466255
ENSG00000124214.21,4094,2021,16.11104108797729
ENSG00000124228.15,5405,348,2.101302976520293
ENSG00000124201.15,9340,822,2.872301806410377
ENSG00000177410.13,8315,47,0.18447636581179724
ENSG00000158445.10,17725,491,0.9040665030483702
ENSG00000124212.6,5570,101,0.5917950233172943
ENSG00000158470.5,4722,1343,9.282290583942979
ENSG00000197818.12,6946,516,2.4244880769282444
ENSG00000158480.11,4291,289,2.198084876899954
ENSG00000124226.11,4337,1509,11.355465644077762
ENSG00000124216.4,1705,15,0.28712565952301
ENSG00000244687.13,4779,132,0.9014508046627417
ENSG00000240849.11,7931,278,1.1439893360006013
ENSG00000277449.1,2648,154,1.8980509672949835
ENSG00000172216.6,1839,1654,29.353433338809314
ENSG00000203999.10,5454,24,0.1436154747302478
ENSG00000233077.2,5435,38,0.22818609605024007
ENSG00000196396.10,4041,466,3.7635890499186195
ENSG00000042062.13,6023,207,1.1216635634927616
ENSG00000124171.9,4690,41,0.2853094417762049
ENSG00000124243.19,2084,11,0.17226621063192746
ENSG00000101126.18,8482,1628,6.264137217357541
ENSG00000259456.4,1049,34,1.0578121692118774
ENSG00000000419.14,9276,560,1.970300271040463
ENSG00000124217.5,5112,86,0.5490510622829807
ENSG00000101096.20,8286,248,0.9768140145845166
ENSG00000054793.14,8073,673,2.720728724592846
ENSG00000020256.20,6790,66,0.3172336815525215
ENSG00000182463.17,12630,106,0.27390984663812934
ENSG00000171940.14,6175,178,0.9407802041418442
ENSG00000101132.10,1743,321,6.010530085494014
ENSG00000101134.12,2606,569,7.1259535164479555
ENSG00000185834.10,497,20,1.3133447337001531
ENSG00000124098.10,3518,4165,38.63885965723402
ENSG00000087586.18,2928,171,1.9060319139852275
ENSG00000101138.12,4793,405,2.7577362270272827
ENSG00000022277.13,4063,946,7.598877512748357
ENSG00000101146.13,5642,230,1.3304540633575372
ENSG00000218018.4,2454,98,1.3033367685330004
ENSG00000132819.17,2697,3424,41.434102836301335
ENSG00000124225.16,5732,1072,6.103707786110453
ENSG00000278709.2,2625,31,0.385422901183205
ENSG00000291067.1,9660,86,0.2905537298540991
ENSG00000124209.4,9266,399,1.4053539862235132
ENSG00000124164.16,10478,3769,11.739588479452143
ENSG00000198768.11,4210,11,0.08527382017979498
ENSG00000124222.23,5077,965,6.203335641188319
ENSG00000254995.4,3859,38,0.3213763752353083
ENSG00000215440.12,7454,178,0.7793557500101808
ENSG00000087460.29,22221,29477,43.293710835457155
ENSG00000101160.15,19384,515,0.8670995442484076
ENSG00000124172.10,5081,2474,15.891161099917012
ENSG00000101166.16,2877,700,7.9407826356323135
ENSG00000124205.18,3292,21,0.20819226891902337
ENSG00000196074.13,6465,45,0.22716902528386643
ENSG00000196227.11,5373,1122,6.815239877462788
ENSG00000132825.7,3643,366,3.2788914870920296
ENSG00000124215.17,5752,31,0.17589275306083327
ENSG00000176659.11,4903,42,0.2795712621992351
ENSG00000228340.8,27017,25,0.030200074612696456
ENSG00000130699.20,10272,50,0.15886203578878896
ENSG00000283078.1,1608,10,0.20296403378388558
ENSG00000149657.20,3377,901,8.707607813395432
ENSG00000101182.15,1752,2411,44.91260428129799
ENSG00000184402.15,5150,457,2.8961036506852627
ENSG00000101181.18,5450,531,3.179824482904645
ENSG00000130703.17,13047,336,0.8404923115277688
ENSG00000130706.13,2142,811,12.356814233854333
ENSG00000130702.15,14291,435,0.9934174120156204
ENSG00000273619.2,702,13,0.6043817894897927
ENSG00000171858.18,1036,1119,35.251326266129546
ENSG00000149679.12,3783,138,1.19055064638592
ENSG00000174403.17,3788,300,2.5847373256955235
ENSG00000174407.15,1231,3815,101.14434805263379
ENSG00000226094.1,714,112,5.119469275678244
ENSG00000264490.3,1918,33,0.5615267720911421
ENSG00000101187.16,3991,34,0.2780368242303331
ENSG00000101189.7,2752,138,1.6365745259004127
ENSG00000060491.17,4702,195,1.3534964362670179
ENSG00000101190.13,3605,73,0.6608801703658149
ENSG00000101191.17,13283,880,2.1621789231766133
ENSG00000101193.8,4594,405,2.877194108868473
ENSG00000101194.18,5461,12,0.07171569302131216
ENSG00000149658.18,3206,1132,11.523596390496584
ENSG00000101199.13,6610,449,2.216919949768459
ENSG00000101210.14,4826,36652,247.86516220731738
ENSG00000125534.10,1053,1241,38.463476961888865
ENSG00000130589.16,12066,88,0.23802604538832212
ENSG00000101216.11,4767,172,1.1775745879549389
ENSG00000232442.3,1646,41,0.8129412405409484
ENSG00000197457.10,3029,25,0.2693679154213338
ENSG00000026036.23,9093,31,0.11126527170415847
ENSG00000101246.20,7627,264,1.1296796631659216
ENSG00000197114.12,3331,24,0.2351482435240983
ENSG00000125520.14,2874,1423,16.159326885168632
ENSG00000130584.12,7086,105,0.48360778244526176
ENSG00000268858.2,3082,84,0.8895119393658988
ENSG00000101150.18,4694,714,4.964325580649435
ENSG00000101152.12,6222,446,2.3394296075332957
ENSG00000198276.16,3185,895,9.171042978349037
ENSG00000207554.1,96,20,6.799295131760168
ENSG00000280213.1,3602,38,0.3443063387098986
ENSG00000196700.9,5982,332,1.811326767297393
ENSG00000130590.14,2450,18,0.23977922423839937
ENSG00000101161.8,3047,874,9.361471262474648
ENSG00000203883.7,1862,316,5.538759858138465
ENSG00000171703.17,4788,299,2.038084455535128
ENSG00000171700.14,2028,18,0.2896741121223267
ENSG00000203880.13,7880,594,2.4601713552886535
ENSG00000280071.5,1584,240,4.944941914007395
ENSG00000275464.6,3188,20,0.20474665390494856
ENSG00000280433.2,3634,33,0.2963699363981317
ENSG00000278903.5,5217,16,0.10009313132435901
ENSG00000275895.8,945,33,1.1396913744664663
ENSG00000280800.1,923,46,1.6265269394286512
ENSG00000278931.1,1693,33,0.6361537796047315
ENSG00000155304.6,4153,158,1.2416531249523024
ENSG00000235609.7,5929,40,0.2201829423676762
ENSG00000180530.11,8497,1817,6.9790199389383885
ENSG00000229425.5,21284,588,0.9016317693986046
ENSG00000155313.16,7861,4656,19.330376165968918
ENSG00000215386.15,58906,427,0.23657751845407327
ENSG00000154640.15,2304,15,0.21247797286750525
ENSG00000154642.11,6228,162,0.8489293343700557
ENSG00000154645.14,3093,18,0.1899318135739019
ENSG00000198618.5,498,57,3.7355163615453453
ENSG00000154654.15,8286,45,0.17724447845283567
ENSG00000260583.1,557,15,0.8789034999761796
ENSG00000154719.14,1199,719,19.57108203397055
ENSG00000154721.15,5947,437,2.3982178356112542
ENSG00000287109.1,3590,25,0.22727448908390535
ENSG00000154723.13,2009,5499,89.33238171320856
ENSG00000154727.11,5742,728,4.137836452180901
ENSG00000142192.22,6608,1985,9.803826273518597
ENSG00000166265.13,3271,639,6.375664331438333
ENSG00000154734.16,7303,599,2.676890779520311
ENSG00000154736.6,9765,94,0.31416712375321937
ENSG00000232079.7,4062,65,0.5222501430598652
ENSG00000156239.12,4865,339,2.2741650644193516
ENSG00000198862.14,8876,915,3.364410119275649
ENSG00000156253.7,3377,1184,11.442627803618416
ENSG00000156256.15,5694,1555,8.912880025194571
ENSG00000156261.13,3341,1629,15.912914844136216
ENSG00000231125.2,794,16,0.6576648187899004
ENSG00000286018.1,731,34,1.5179821689511073
ENSG00000156265.17,4594,254,1.8044624781545486
ENSG00000156273.16,7666,547,2.3287541479193186
ENSG00000248476.1,821,14,0.5565318305167885
ENSG00000273017.1,452,17,1.2274833689195348
ENSG00000174680.10,4605,16,0.11339541066648878
ENSG00000156299.15,9239,14,0.04945477138805966
ENSG00000230870.2,1474,11,0.24355684054066276
ENSG00000142168.15,1975,2489,41.13039939147599
ENSG00000273271.1,520,29,1.8201190045019526
ENSG00000156304.15,5977,490,2.6755800819641817
ENSG00000159055.4,1694,28,0.5394482088008068
ENSG00000142207.7,11447,390,1.1119315529531786
ENSG00000256073.4,886,81,2.9837087440500603
ENSG00000265590.10,19326,49,0.08274832945203309
ENSG00000166979.13,4353,61,0.45734748784272394
ENSG00000159079.19,5403,108,0.6523699049240184
ENSG00000159082.18,8062,292,1.182075422559545
ENSG00000238197.8,10292,85,0.2695406542710988
ENSG00000159086.15,7146,442,2.018665624341222
ENSG00000159110.22,13865,66,0.155356415271664
ENSG00000243646.11,8025,33,0.13420664783436892
ENSG00000142166.15,15676,1047,2.1797995416033364
ENSG00000159128.16,2539,82,1.0540380322413556
ENSG00000159131.17,7751,498,2.0968952500270293
ENSG00000159140.23,12752,4182,10.703131332881187
ENSG00000159147.18,3511,120,1.1154639692093011
ENSG00000205758.12,6177,425,2.245517576297676
ENSG00000205726.15,21748,1291,1.93736766932552
ENSG00000241837.7,3170,754,7.762778845699181
ENSG00000237945.9,14443,79,0.17851503939371707
ENSG00000243927.6,4273,416,3.1773537372100873
ENSG00000198743.7,11566,78,0.22009822733278633
ENSG00000227456.9,3280,48,0.4776090238894948
ENSG00000205670.12,7896,74,0.3058649481764453
ENSG00000159200.18,6964,217,1.0169652224643009
ENSG00000159212.13,4255,56,0.4295300896397493
ENSG00000159216.19,15574,27,0.05658075311905213
ENSG00000185917.14,7288,152,0.680675868294761
ENSG00000159228.13,2450,172,2.2912236982780385
ENSG00000226054.2,888,142,5.218918425459156
ENSG00000236830.8,8909,21,0.07692995277600459
ENSG00000142197.13,9030,1306,4.720201696786062
ENSG00000159256.13,6408,1091,5.556577519663178
ENSG00000228107.1,596,18,0.9856696298390579
ENSG00000159259.8,5104,412,2.634460433497043
ENSG00000230479.1,893,41,1.4984336863722296
ENSG00000233818.1,1178,50,1.3852553748917151
ENSG00000279365.1,1894,10,0.1723158217130349
ENSG00000159263.16,7670,242,1.0297341884032087
ENSG00000159267.17,10549,781,2.4162667162709752
ENSG00000185808.14,4247,412,3.166066883110174
ENSG00000182670.14,15931,3514,7.198862020364391
ENSG00000242553.1,520,10,0.6276272429317078
ENSG00000157538.14,9301,945,3.315944814284929
ENSG00000157540.22,26763,2226,2.7145353145697806
ENSG00000292434.1,5810,57,0.3201871167038868
ENSG00000157554.20,7568,391,1.6861676933519403
ENSG00000157557.13,4977,754,4.944345778755555
ENSG00000235888.5,7007,49,0.22822808833880287
ENSG00000183527.12,2152,176,2.6691656725422814
ENSG00000185658.14,22595,1292,1.8661875941192236
ENSG00000205581.11,5042,704,4.556957181523991
ENSG00000182093.16,8639,428,1.6169084290644855
ENSG00000157578.14,5957,86,0.4711682105742148
ENSG00000185437.16,1448,230,5.183992973386206
ENSG00000182240.16,9631,198,0.6709635648660434
ENSG00000183486.14,14562,79,0.17705622263174398
ENSG00000157601.15,17984,244,0.44280107085840237
ENSG00000141956.14,12998,155,0.38918876581239925
ENSG00000157617.17,8730,190,0.7103043711529522
ENSG00000173276.14,8062,251,1.0160990789809787
ENSG00000160179.19,6121,218,1.1623562205315863
ENSG00000160190.14,6854,187,0.8904358491782793
ENSG00000160191.18,5281,59,0.36462040926235173
ENSG00000160193.12,2738,52,0.6198334787755069
ENSG00000160194.18,6342,2930,15.07809629975954
ENSG00000160199.15,7621,390,1.6701588356718324
ENSG00000160201.12,11095,81,0.23826642156181643
ENSG00000142178.9,5210,15,0.09396338761741499
ENSG00000160208.13,5750,388,2.2022621310243715
ENSG00000160209.19,11912,309,0.846601287728902
ENSG00000160213.10,2740,481,5.729274671608714
ENSG00000160214.13,4251,161,1.2360609921957793
ENSG00000215458.8,4874,10,0.06696064142890605
ENSG00000160216.21,12315,2739,7.258765160883255
ENSG00000160218.13,11951,328,0.8957250653035904
ENSG00000241945.8,6839,19,0.09067052434808119
ENSG00000160221.18,7947,530,2.1765957990685627
ENSG00000141959.17,8926,200,0.7312708185625992
ENSG00000160226.16,6063,43,0.23146536618758018
ENSG00000184441.4,4354,12,0.08994933385148958
ENSG00000160233.8,5845,16,0.08933889925050144
ENSG00000184787.19,7195,2689,12.197340114614988
ENSG00000184900.16,2732,1372,16.38998463386521
ENSG00000183255.12,3537,1186,10.943462631067087
ENSG00000289009.2,1823,39,0.6982051830309948
ENSG00000160255.19,7300,68,0.3040123193159615
ENSG00000160256.14,1371,128,3.047036417909152
ENSG00000197381.18,10298,545,1.7272243216823266
ENSG00000186866.17,5862,158,0.8796631572717352
ENSG00000223768.4,7634,44,0.18810730047520927
ENSG00000182871.16,8464,221,0.8521611857007544
ENSG00000173638.19,11235,33,0.09586189131026353
ENSG00000142156.16,5536,1595,9.403071446668326
ENSG00000142173.17,5334,1434,8.774073537857442
ENSG00000160285.15,7238,106,0.47796095095876945
ENSG00000215424.10,10023,101,0.3288734191237483
ENSG00000160294.11,9570,1018,3.471690254110019
ENSG00000228137.1,390,11,0.9205199562998381
ENSG00000239415.1,2277,13,0.18633114458578587
ENSG00000182362.14,1802,164,2.970258117492566
ENSG00000160298.18,5315,32,0.19649515187927782
ENSG00000160299.19,17507,4262,7.945236767435699
ENSG00000160305.18,13758,631,1.4968531105593252
ENSG00000160310.19,7603,444,1.9059131638573288
ENSG00000290418.1,9653,105,0.3550030815712343
ENSG00000283633.1,3071,49,0.5207405454216839
ENSG00000241717.1,2907,29,0.3255802828830462
ENSG00000290931.1,4354,29,0.2173775568077665
ENSG00000177663.15,9288,98,0.34435706610464933
ENSG00000183307.4,5071,35,0.22525765768797246
ENSG00000069998.12,4936,539,3.563844482352088
ENSG00000093072.19,11032,166,0.4910875961735408
ENSG00000099954.19,10667,1738,5.317562548719979
ENSG00000286195.1,1500,11,0.23933518863795794
ENSG00000182902.14,4731,42,0.28973534106168886
ENSG00000131100.13,3143,1547,16.063902618644068
ENSG00000099968.18,7662,2382,10.146230855976645
ENSG00000015475.19,4420,189,1.3955476342834443
ENSG00000243156.9,22444,976,1.4192362249719317
ENSG00000286990.1,991,13,0.42812917883131635
ENSG00000235295.2,2381,283,3.879110670719451
ENSG00000225335.3,2235,42,0.6133055474554138
ENSG00000215193.14,18693,466,0.8136020623078769
ENSG00000183785.16,5424,19,0.11432443141897626
ENSG00000280007.1,20396,322,0.5152476248111647
ENSG00000184979.11,4095,44,0.35067426906660504
ENSG00000290425.1,4812,32,0.21703485707364126
ENSG00000070413.21,5596,452,2.6361241454372517
ENSG00000100056.12,6003,124,0.6741530005703235
ENSG00000100075.10,1999,86,1.4040765534720345
ENSG00000070371.16,10052,2405,7.808502089239891
ENSG00000286367.1,964,30,1.015662343333469
ENSG00000287146.1,866,16,0.6029859885902782
ENSG00000100084.14,4299,66,0.5010506391583208
ENSG00000242259.9,6504,1860,9.333349774962297
ENSG00000185608.9,1322,860,21.23108192428591
ENSG00000185065.6,2097,22,0.3423965502688955
ENSG00000070010.19,8722,542,2.0280951862860874
ENSG00000184113.10,3429,195,1.855975574023773
ENSG00000184058.16,3930,743,6.1702305745316695
ENSG00000215012.9,6803,228,1.0938039970892737
ENSG00000184470.21,8201,405,1.6117339027120798
ENSG00000232926.1,682,23,1.1006483615048717
ENSG00000093010.15,7376,424,1.8760744918869705
ENSG00000099889.14,5636,133,0.7701685614115846
ENSG00000183597.16,7395,175,0.7723337269342179
ENSG00000236540.7,2267,18,0.259135023989448
ENSG00000128191.17,7326,555,2.4724709570036976
ENSG00000099899.16,3954,269,2.220346452738677
ENSG00000099901.18,4620,408,2.882194715592882
ENSG00000099904.16,5545,290,1.7068744496681973
ENSG00000128185.10,1192,552,15.113600990865555
ENSG00000273343.1,631,10,0.5172205488502187
ENSG00000185252.19,6251,109,0.5690915394235994
ENSG00000244486.9,3572,24,0.219282978493497
ENSG00000099910.17,4607,317,2.2456712551522187
ENSG00000099917.17,10374,423,1.3307585150882828
ENSG00000241973.11,11407,769,2.200189198768575
ENSG00000099940.12,4925,610,4.042301755491121
ENSG00000099942.13,5342,2091,12.774834402555308
ENSG00000272829.2,883,30,1.1088318221670037
ENSG00000099949.22,8673,112,0.4214575190631
ENSG00000184436.12,2879,338,3.8316000075608536
ENSG00000099957.17,3787,692,5.963701798165983
ENSG00000290799.1,468,10,0.6973636032574531
ENSG00000169635.10,7252,67,0.30152417462411335
ENSG00000293427.1,7474,26,0.11353385502323642
ENSG00000185651.16,3947,1609,13.304361834712472
ENSG00000161179.14,1754,18,0.33492537023037544
ENSG00000128228.5,1059,15,0.46227502312250435
ENSG00000100023.20,13915,643,1.5081095576474728
ENSG00000100027.17,4681,119,0.829685404670243
ENSG00000286365.1,968,12,0.40458615660060504
ENSG00000100030.15,6179,1903,10.05138071719535
ENSG00000100034.14,10089,404,1.3068880086737356
ENSG00000224086.6,37876,60,0.05170020588095175
ENSG00000279278.1,8420,54,0.20930846771404224
ENSG00000274422.1,3293,48,0.4757235342719534
ENSG00000128266.9,3677,33,0.2929040927035112
ENSG00000186716.21,12234,76,0.2027450436542512
ENSG00000228315.12,7764,78,0.3278794561219741
ENSG00000291299.2,5789,44,0.24805858210878345
ENSG00000187792.5,6940,158,0.7430238368770765
ENSG00000250479.9,889,27,0.9912133285445643
ENSG00000099991.18,9388,331,1.150694514842411
ENSG00000099994.11,5047,14,0.09053153018709795
ENSG00000099998.19,6020,64,0.34696735290311026
ENSG00000100014.20,7461,290,1.2685456136456446
ENSG00000100024.15,6793,38,0.18256903165509414
ENSG00000138867.17,4395,3970,29.480629813611323
ENSG00000100028.12,3914,1649,13.750071749337781
ENSG00000178026.13,3422,34,0.3242679618653593
ENSG00000167037.19,8607,28,0.1061723324861818
ENSG00000197077.14,16453,1351,2.679880208499261
ENSG00000203280.4,957,64,2.1825950516998156
ENSG00000291087.1,6609,59,0.2913542716469178
ENSG00000272977.1,3754,22,0.19126413583214538
ENSG00000100077.16,9327,56,0.19595266767633035
ENSG00000133454.16,9710,6505,21.864180349544743
ENSG00000100099.22,22355,465,0.6788649847501094
ENSG00000100104.13,4319,673,5.085539012187555
ENSG00000100109.17,5436,646,3.878450026593438
ENSG00000261188.3,2066,56,0.8846323966201032
ENSG00000128294.16,6913,591,2.7901403775173215
ENSG00000213707.2,563,36,2.086888452518929
ENSG00000244625.7,7814,94,0.392608390510646
ENSG00000223704.2,9935,20,0.06570028511816568
ENSG00000227838.1,819,21,0.8368363239089438
ENSG00000169184.7,8257,3682,14.553472500990251
ENSG00000180957.19,5079,393,2.525337731158177
ENSG00000235954.9,14335,197,0.4485115784159341
ENSG00000100154.15,12620,554,1.4327009203151062
ENSG00000100209.11,1454,72,1.6161185677691292
ENSG00000159873.10,4326,870,6.563535938564601
ENSG00000100219.17,3028,600,6.46696498661469
ENSG00000183579.16,6989,59,0.275513003478964
ENSG00000183762.13,8020,926,3.768267705941097
ENSG00000100263.14,2997,136,1.4810076282993119
ENSG00000182944.18,10326,2540,8.027988209027694
ENSG00000185340.16,4447,81,0.5944605233254673
ENSG00000100280.17,6555,444,2.210626664348935
ENSG00000100296.14,7878,721,2.9869256907839032
ENSG00000184117.12,2983,62,0.6783339695648093
ENSG00000186575.19,7392,682,3.0111164154937886
ENSG00000100319.13,3200,116,1.1830773529262693
ENSG00000184076.13,975,1340,44.85442696151939
ENSG00000100325.15,5415,646,3.89349110702898
ENSG00000100330.16,9891,269,0.8875998255109421
ENSG00000279159.1,49287,140,0.09270449263584378
ENSG00000099992.16,6948,20,0.09394535587924238
ENSG00000099995.19,6301,1125,5.827042328440709
ENSG00000187860.11,6601,14,0.06921869911441952
ENSG00000099999.15,10643,43,0.13185892278448733
ENSG00000100003.18,5887,11,0.060982297087979774
ENSG00000100029.18,4527,310,2.2348909114334283
ENSG00000185339.10,4827,62,0.4191983076883833
ENSG00000100036.13,5402,153,0.924361781703937
ENSG00000167065.14,4447,15,0.11008528209730876
ENSG00000184792.16,6632,84,0.4133708982397014
ENSG00000133422.14,10817,608,1.8344331064554753
ENSG00000253352.10,10151,1345,4.324327590448592
ENSG00000183963.19,10202,2403,7.6872956055454305
ENSG00000198832.11,3187,65,0.6656354192372679
ENSG00000185133.14,4823,109,0.7375888892674517
ENSG00000138942.17,3447,498,4.715124770223239
ENSG00000182541.18,6170,166,0.8780678056704218
ENSG00000100100.13,3804,144,1.2354555192094185
ENSG00000100105.18,5807,246,1.382574081553712
ENSG00000185721.13,2198,1293,19.198883214629806
ENSG00000184708.18,6102,453,2.422875669370585
ENSG00000240591.2,2258,12,0.17344526111133113
ENSG00000198089.16,12176,71,0.19030878621089561
ENSG00000241878.12,4791,258,1.7575134817724465
ENSG00000183530.14,11809,352,0.9728248839547785
ENSG00000100150.20,17927,142,0.2585150645287963
ENSG00000128245.15,2392,657,8.96415431752461
ENSG00000232346.1,407,10,0.8018824725417397
ENSG00000100170.10,5081,52,0.3340098533531466
ENSG00000100220.12,2941,724,8.034311608940135
ENSG00000100225.18,8521,624,2.3900068980927185
ENSG00000100234.12,4597,4980,35.355743056253
ENSG00000133424.22,14081,1063,2.4637968525170857
ENSG00000100281.14,6006,257,1.3965385405493411
ENSG00000100284.22,5869,1485,8.257859209266737
ENSG00000100292.18,2306,266,3.764674771999732
ENSG00000100297.16,7268,139,0.6241730478687926
ENSG00000100302.7,3447,293,2.7741597543682914
ENSG00000288777.1,923,400,14.14371251677088
ENSG00000198125.13,2136,160631,2454.331632156781
ENSG00000221963.6,10065,446,1.4461928482933104
ENSG00000100320.24,12348,517,1.3664666989776508
ENSG00000279805.1,1921,11,0.18688328108117486
ENSG00000128284.20,5905,370,2.0449700514828213
ENSG00000100336.18,4420,20,0.14767699833687242
ENSG00000128335.14,3417,266,2.540632140541815
ENSG00000100342.22,3458,142,1.3401965187413911
ENSG00000100345.23,17034,2626,5.0313346998245025
ENSG00000228719.1,372,22,1.9301224890157895
ENSG00000100348.10,1650,2267,44.840733276219055
ENSG00000100350.16,7427,280,1.2304096751158835
ENSG00000100353.18,3813,1114,9.535061874783102
ENSG00000100360.15,8009,141,0.5745739724279287
ENSG00000100368.15,4990,20,0.1308080826951856
ENSG00000128311.14,1877,206,3.5818556346747226
ENSG00000128309.17,6759,601,2.901998312783212
ENSG00000100379.18,2783,17,0.1993612945568199
ENSG00000133466.14,7144,39,0.1781674200259663
ENSG00000128340.16,2616,13,0.16218502149152694
ENSG00000100055.21,6099,16,0.0856182761303789
ENSG00000100060.18,3034,70,0.75298719982578
ENSG00000100065.15,5754,230,1.3045571472824515
ENSG00000128283.7,2540,219,2.813944504923736
ENSG00000100083.19,9119,597,2.136644383109106
ENSG00000100097.12,1067,2076,63.49917162976919
ENSG00000273899.5,3587,46,0.4185348104523683
ENSG00000100106.22,12189,398,1.0656635835355341
ENSG00000189060.6,2204,3445,51.01322336605541
ENSG00000100116.17,2102,215,3.3381886660211673
ENSG00000100124.15,4390,147,1.092843427100222
ENSG00000100129.18,4296,2995,22.752948513543803
ENSG00000279738.1,19416,27,0.045384664661934374
ENSG00000100139.14,7015,378,1.758608850615203
ENSG00000278948.1,1849,18,0.31771719815255733
ENSG00000100142.16,7008,442,2.058416745368489
ENSG00000100151.16,4371,390,2.911983639134073
ENSG00000100156.12,2303,17,0.2409129321544202
ENSG00000128298.18,5825,47,0.26333407411589593
ENSG00000272720.1,1433,52,1.1843015107378492
ENSG00000184381.20,8150,132,0.5285930546605205
ENSG00000185022.12,5611,74,0.4304241010160777
ENSG00000198792.13,7056,627,2.9001075153834184
ENSG00000213923.13,7098,589,2.7082230482547685
ENSG00000291015.1,3699,64,0.5646778763116311
ENSG00000100196.11,1913,22,0.3753296214918315
ENSG00000100201.23,9997,15934,52.01879057931773
ENSG00000100206.11,2944,22,0.24388776016096256
ENSG00000100211.12,2348,118,1.6401706825506641
ENSG00000228274.5,4458,64,0.46853823788172355
ENSG00000100216.6,2182,733,10.963629693668642
ENSG00000100221.11,4327,481,3.6279668593038767
ENSG00000100226.16,8021,506,2.0588614905895892
ENSG00000100242.16,8354,572,2.234635469686464
ENSG00000100246.13,2430,43,0.5775203766235796
ENSG00000221890.6,5830,34,0.19033361329386952
ENSG00000183741.12,7993,300,1.2249449505485601
ENSG00000244509.4,2644,37,0.4567151344177783
ENSG00000128394.17,5215,17,0.10638973782389831
ENSG00000239713.9,5375,36,0.21858943232895947
ENSG00000100307.13,7467,1158,5.0613636079249655
ENSG00000279833.1,3671,11,0.09779427484525657
ENSG00000100311.17,3992,413,3.376483634569478
ENSG00000100316.16,4710,1386,9.603896104580476
ENSG00000100321.15,6940,424,1.993937385037218
ENSG00000100324.14,4419,398,2.93943729796665
ENSG00000128268.12,5789,71,0.4002763484028097
ENSG00000100335.15,7555,426,1.840264551346551
ENSG00000128272.18,2613,6677,83.39636022000026
ENSG00000187051.9,3669,193,1.7167803243561242
ENSG00000226085.3,820,191,7.601943630241125
ENSG00000100354.21,19998,1495,2.4398310763831863
ENSG00000239900.14,12109,1509,4.06711161106328
ENSG00000100359.21,4770,16,0.10947292790758512
ENSG00000196588.21,7326,211,0.9399844539239284
ENSG00000100372.15,3989,142,1.1617948262240487
ENSG00000100380.15,3764,7704,66.7992812264574
ENSG00000196236.13,9574,451,1.537404857033049
ENSG00000172404.5,2565,23,0.29264802438453125
ENSG00000100387.9,3092,635,6.702539314878717
ENSG00000100393.15,11692,1430,3.9916491433802426
ENSG00000100395.15,6374,226,1.1571815749817118
ENSG00000235513.2,4540,11,0.07907550285395085
ENSG00000100399.16,2596,14,0.17600640710873777
ENSG00000100401.21,6136,343,1.824374104454032
ENSG00000100403.12,10522,1052,3.2630413131853393
ENSG00000167074.15,4702,1214,8.426382941682869
ENSG00000273424.1,442,43,3.1750554642427575
ENSG00000183864.5,4341,3354,25.216128123757954
ENSG00000289841.1,815,30,1.201347851501183
ENSG00000100412.17,11812,9562,26.41985508292207
ENSG00000100410.8,1202,260,7.059501101860808
ENSG00000100413.17,6599,253,1.251259889075549
ENSG00000100417.12,5057,38,0.24524252165969043
ENSG00000100418.8,4919,715,4.743887150274628
ENSG00000196419.13,3244,2848,28.652615341927927
ENSG00000100138.15,2927,1327,14.796306891445017
ENSG00000100147.14,7135,111,0.5077315271481174
ENSG00000198911.13,8053,1124,4.555265999611629
ENSG00000198951.12,3726,189,1.655480553819867
ENSG00000182057.5,5964,18,0.09850085502751149
ENSG00000189306.11,5700,183,1.0478071655680932
ENSG00000183569.18,2821,11,0.12726082345159054
ENSG00000291035.1,5834,30,0.1678262768209572
ENSG00000100243.22,10450,1227,3.8320697232549943
ENSG00000128274.17,3358,51,0.49567225975428497
ENSG00000234009.1,891,193,7.069435477062424
ENSG00000242247.11,3273,414,4.128187988339079
ENSG00000100266.19,4558,557,3.988283340121541
ENSG00000100271.17,1868,40,0.6988568872044711
ENSG00000100294.13,2389,165,2.254098679093367
ENSG00000100300.18,1422,198,4.544339024771353
ENSG00000100304.13,4623,133,0.9389292693306708
ENSG00000186976.15,8557,20,0.0762805110025682
ENSG00000100347.15,6410,1773,9.027257611440207
ENSG00000188677.15,7368,2930,12.978459111437974
ENSG00000280434.1,14262,80,0.18306894759472056
ENSG00000138964.17,8621,19,0.07192851363142644
ENSG00000188636.4,5419,540,3.252218671622505
ENSG00000226328.8,3225,108,1.0929471616447972
ENSG00000093000.19,8236,410,1.6246980110859652
ENSG00000100364.19,8238,775,3.0703299211152983
ENSG00000100373.10,1084,254,7.647325299485236
ENSG00000100376.12,6425,489,2.4839386043996057
ENSG00000077942.19,7285,209,0.9363147393523406
ENSG00000280383.1,23112,40,0.05648427939156942
ENSG00000130638.18,5098,1403,8.981791513402447
ENSG00000273145.1,1207,17,0.45967065679505353
ENSG00000231711.2,4947,147,0.9697963705215231
ENSG00000241990.5,1093,175,5.225441821297842
ENSG00000197182.16,6457,92,0.4650098699373223
ENSG00000186951.17,13216,2964,7.319531756853682
ENSG00000205643.11,1637,89,1.7743792793451092
ENSG00000289858.1,1804,45,0.8141062907207296
ENSG00000130943.7,7681,15,0.0637350930200146
ENSG00000075234.17,3578,247,2.253002880999121
ENSG00000277232.2,1518,10,0.21499747452206064
ENSG00000100416.15,9219,243,0.8602557589418658
ENSG00000075275.18,16045,10,0.02034067724054148
ENSG00000075240.17,4901,212,1.4117450981593853
ENSG00000100422.14,4930,456,3.0187215384171715
ENSG00000260708.2,672,152,7.38209185733961
ENSG00000054611.14,5315,293,1.7991587343946376
ENSG00000100425.19,6211,548,2.8795469191083476
ENSG00000279345.1,1757,10,0.1857519444077906
ENSG00000100426.7,6893,246,1.1647479604790958
ENSG00000182858.14,5330,66,0.40413071252188015
ENSG00000184164.15,5166,143,0.9034138943941501
ENSG00000278869.2,2081,13,0.20388083432092
ENSG00000198355.5,2198,712,10.57200684363219
ENSG00000170638.10,3155,254,2.627480388159112
ENSG00000073169.15,2331,254,3.556285124256541
ENSG00000272836.1,478,19,1.2972713724195133
ENSG00000273137.1,640,13,0.6629312753466163
ENSG00000128159.12,7720,616,2.604165264972599
ENSG00000188130.14,9315,2657,9.309231389416691
ENSG00000185386.15,2688,99,1.202018246507601
ENSG00000196576.16,7271,124,0.5565865028776856
ENSG00000100239.16,5349,1033,6.30279023767426
ENSG00000100241.22,17923,1456,2.6512812484988824
ENSG00000100258.18,3065,270,2.875003749024854
ENSG00000025770.19,4459,257,1.8810519117603375
ENSG00000025708.14,3600,65,0.5892722447525479
ENSG00000177989.14,2421,58,0.7818768131689513
ENSG00000205560.13,4102,52,0.4137260031417206
ENSG00000205559.5,4154,17,0.13356342868358925
ENSG00000100299.18,4501,128,0.9281241788388018
ENSG00000289244.2,1429,10,0.22838780008711548
ENSG00000286508.1,239,13,1.7752134569951235
ENSG00000251322.11,14290,936,2.1377098088154014
ENSG00000291064.1,5709,38,0.21723444246506476
ENSG00000079974.19,6297,126,0.6530433056516675
ENSG00000124343.14,3357,19,0.18471722252503048
ENSG00000006756.16,7026,46,0.21367554299639127
ENSG00000101825.8,9804,121,0.4027979000944824
ENSG00000183943.6,6523,148,0.7404904586237043
ENSG00000285756.2,16206,21,0.04229106190802326
ENSG00000286431.1,3009,15,0.1626949981677408
ENSG00000146938.16,7439,13,0.05703401212822079
ENSG00000130021.15,3821,499,4.262149096988211
ENSG00000101846.9,12317,245,0.6491817061743896
ENSG00000006757.12,3411,1131,10.82146391418927
ENSG00000285679.2,3023,13,0.1403493272318341
ENSG00000011201.12,7082,606,2.792684224691327
ENSG00000101849.18,13858,223,0.5251815203518605
ENSG00000047644.20,7416,407,1.7911411771044583
ENSG00000073464.13,7562,3366,14.527221844065417
ENSG00000101871.18,14370,50,0.11355816503983579
ENSG00000004961.15,2343,1282,17.85750854579572
ENSG00000047648.23,8893,549,2.0147871956836156
ENSG00000282840.1,1893,36,0.6206646586202625
ENSG00000005302.19,9780,893,2.9800100871959905
ENSG00000101911.13,2758,21,0.248502157099864
ENSG00000205542.11,1703,1262,24.185208567322604
ENSG00000197582.5,606,23,1.238683469548387
ENSG00000176896.9,5600,137,0.7984315140438369
ENSG00000123595.8,2113,243,3.75328814088266
ENSG00000196459.15,6215,134,0.7036696104180434
ENSG00000046651.16,15550,310,0.650633514859108
ENSG00000046653.15,5767,52,0.2942784922641474
ENSG00000046647.14,4001,89,0.7259832242659194
ENSG00000233247.3,547,34,2.0286013994575125
ENSG00000130150.12,5676,191,1.0982370995062936
ENSG00000288980.1,1783,141,2.580910232852093
ENSG00000165192.14,3124,3879,40.52414722063666
ENSG00000165195.16,6294,106,0.5496474996885246
ENSG00000165197.5,2185,188,2.8080933303891875
ENSG00000087842.11,2512,82,1.0653672626834403
ENSG00000102010.15,2828,11,0.12694582141334404
ENSG00000290746.1,2197,25,0.37137706682349575
ENSG00000169239.14,8522,37,0.14169852328099106
ENSG00000169249.14,7485,365,1.5914983394580915
ENSG00000182287.15,5428,2898,17.42463430376504
ENSG00000182798.10,1611,10,0.20258607468931597
ENSG00000047230.15,5531,189,1.1152270011811292
ENSG00000169895.6,6442,651,3.298111988159605
ENSG00000086712.13,4455,245,1.7948307687878693
ENSG00000102054.18,7340,1398,6.216074938986844
ENSG00000169891.18,11336,23,0.06621755315334532
ENSG00000188158.17,13931,15,0.03514099845572695
ENSG00000047634.15,5497,863,5.123776633400641
ENSG00000131831.18,2622,146,1.8172944425391022
ENSG00000102098.19,4327,59,0.4450104879395608
ENSG00000008086.13,19056,134,0.2294976190568923
ENSG00000044446.12,8547,389,1.4853918181844608
ENSG00000286724.1,5260,32,0.19854975898067717
ENSG00000173698.18,10157,11,0.03534535620330185
ENSG00000131828.14,4953,5415,35.68085585800733
ENSG00000180815.15,5820,15,0.08411499132074435
ENSG00000147010.19,16293,683,1.3681218412792326
ENSG00000173681.17,8784,335,1.2446797099123803
ENSG00000184368.16,4366,11,0.08222693150639873
ENSG00000173674.11,4414,2228,16.473579940438594
ENSG00000177189.14,9801,3990,13.28640958713098
ENSG00000149970.16,31865,138,0.14134169450111206
ENSG00000185915.5,3641,1367,12.253297153682372
ENSG00000091482.8,1324,8774,216.27921022137903
ENSG00000012174.12,8945,439,1.6017299834147596
ENSG00000102172.16,2130,482,7.385375219173862
ENSG00000174028.6,681,37,1.7732082458158676
ENSG00000165186.12,12883,12,0.030399705005773943
ENSG00000123131.13,1855,99,1.7417924779581844
ENSG00000123130.17,6244,533,2.7859251545636154
ENSG00000130066.17,2482,409,5.3780726038161
ENSG00000184831.14,2357,548,7.587978750352967
ENSG00000238103.4,580,12,0.6752403441196305
ENSG00000174010.10,6771,194,0.935091364155231
ENSG00000130741.11,4081,1509,12.067790859682736
ENSG00000005889.16,9037,1010,3.647558127561502
ENSG00000067992.17,17456,119,0.22248839248747757
ENSG00000101868.13,15547,245,0.5143095822312959
ENSG00000232472.1,678,280,13.478248756763517
ENSG00000004848.8,3114,413,4.328491544380654
ENSG00000198814.14,5355,80,0.487568502445547
ENSG00000157625.16,12571,757,1.965310539397323
ENSG00000198947.18,55038,8329,4.93895817311069
ENSG00000285900.1,2089,42,0.6561694105135711
ENSG00000289215.1,2574,20,0.2535867648208921
ENSG00000233928.7,14444,25,0.05648818996200638
ENSG00000147027.4,4040,1318,10.647292257813744
ENSG00000223723.1,1230,12,0.31840601592632983
ENSG00000130962.18,6143,684,3.6339648016596104
ENSG00000219186.2,528,14,0.8653648349512941
ENSG00000147036.12,10298,24,0.0760612545327997
ENSG00000047597.7,5174,273,1.7220325358829771
ENSG00000165168.9,4806,47,0.3191679113035984
ENSG00000165169.11,3120,288,3.0126107660721972
ENSG00000101955.15,1987,52,0.854103706536154
ENSG00000156313.15,8358,75,0.2928626761705743
ENSG00000156298.13,2938,1652,18.351154076516483
ENSG00000165175.17,4829,2475,16.7271953127585
ENSG00000289127.1,704,10,0.46358830443819327
ENSG00000228232.1,1005,1015,32.96135908650303
ENSG00000183337.18,9965,554,1.8144190280357892
ENSG00000182220.15,9541,319,1.091193869170021
ENSG00000185753.13,6050,116,0.6257599222089358
ENSG00000180182.11,9668,2710,9.14824483594707
ENSG00000234636.2,900,31,1.1241501284510145
ENSG00000216866.5,883,19,0.7022601540391022
ENSG00000124486.15,14265,4481,10.251992928847045
ENSG00000215301.11,15836,4331,8.925813755691827
ENSG00000147044.23,19788,216,0.3562517279466819
ENSG00000228847.1,420,52,4.040723964017471
ENSG00000189221.11,13010,132,0.3311324669856451
ENSG00000069535.14,2895,2482,27.980684795073554
ENSG00000069509.6,1257,189,4.907176247838366
ENSG00000214016.3,878,10,0.3717154513946333
ENSG00000147050.18,27742,376,0.4423389753370611
ENSG00000147113.17,6721,541,2.627050974282816
ENSG00000270069.3,2866,14,0.15942520336855662
ENSG00000235587.2,1006,140,4.541875078074386
ENSG00000147121.16,3685,88,0.7793818897301208
ENSG00000251192.8,6205,57,0.2998045363496506
ENSG00000230844.3,2566,76,0.9666340078199958
ENSG00000147119.4,2396,30,0.40863877252648756
ENSG00000065923.10,9980,370,1.2099747649304669
ENSG00000102218.6,3700,67,0.5909873822632621
ENSG00000102221.14,5149,54,0.3422756453975987
ENSG00000130988.13,2811,155,1.7995999921841215
ENSG00000288759.2,1884,21,0.3637839433553211
ENSG00000147123.12,3396,3186,30.618451292986425
ENSG00000182872.16,3537,373,3.4417466790792774
ENSG00000130985.17,6437,3823,19.383219727489788
ENSG00000224975.1,945,37,1.2778357834927048
ENSG00000102225.17,6531,3438,17.180322765634514
ENSG00000102226.10,5093,557,3.5693295629833073
ENSG00000147124.13,5613,1000,5.814469380446964
ENSG00000196741.5,1253,107,2.7870055703687333
ENSG00000235636.1,882,27,0.9990801009933308
ENSG00000078061.14,3409,2296,21.981129887973733
ENSG00000008056.14,3733,41,0.3584519908733997
ENSG00000102265.12,1446,82,1.8507624922965438
ENSG00000126767.18,3398,345,3.3136058676264972
ENSG00000126756.12,1264,293,7.565291671920491
ENSG00000197779.15,11814,115,0.31769179894460914
ENSG00000147118.12,3598,127,1.1519873019235682
ENSG00000221994.12,4340,24,0.18047898598589202
ENSG00000068438.15,2872,221,2.5113831043771544
ENSG00000102312.24,5795,73,0.4111256279842559
ENSG00000147155.11,1768,38,0.7014657421001441
ENSG00000068354.16,3966,188,1.5470710859557175
ENSG00000102317.18,5827,979,5.483310053744187
ENSG00000101940.18,7872,936,3.8805733191021448
ENSG00000101945.17,3233,58,0.5855007004893383
ENSG00000094631.22,14472,764,1.7229391312320956
ENSG00000102103.18,3810,264,2.261434853272043
ENSG00000126768.13,2601,434,5.445709964814602
ENSG00000102100.16,3745,41,0.35730341306552765
ENSG00000102096.10,2761,28,0.33097619185388144
ENSG00000068308.15,3333,532,5.209324947033532
ENSG00000068400.14,16204,401,0.8076575703290527
ENSG00000068323.17,4207,372,2.8858619888925494
ENSG00000147144.13,5318,32,0.1963843046706209
ENSG00000243279.4,1662,31,0.608745556922932
ENSG00000196998.19,4691,347,2.4141773548198118
ENSG00000068394.11,1658,272,5.354137348628513
ENSG00000269313.6,5398,48,0.2902107444159953
ENSG00000102007.11,1303,222,5.560497998774855
ENSG00000012211.13,3656,233,2.07995942980322
ENSG00000102003.12,6977,17,0.07952164006759778
ENSG00000101997.13,2507,169,2.2000750741459303
ENSG00000049769.14,4378,368,2.743324559328726
ENSG00000273820.2,3075,52,0.5519037609389716
ENSG00000171365.17,11457,268,0.7634296288292118
ENSG00000158352.18,15184,472,1.014520748848514
ENSG00000189369.9,2791,179,2.0931402283082536
ENSG00000179222.18,6013,776,4.2118766849792575
ENSG00000286118.1,1857,13,0.22847389134186027
ENSG00000184194.6,4910,12,0.07976362517095431
ENSG00000184205.14,4948,537,3.5420095253890476
ENSG00000232593.8,9923,575,1.8911674456976784
ENSG00000126012.13,12325,1254,3.320593692258889
ENSG00000124313.19,14927,471,1.0298014627107515
ENSG00000072501.19,10830,1156,3.483649937868035
ENSG00000158423.17,2993,12,0.13085178736698486
ENSG00000072506.14,2822,307,3.5504753033883
ENSG00000086758.17,17780,5768,10.587626813046382
ENSG00000172943.21,10104,387,1.2500366821810855
ENSG00000184083.12,8799,141,0.522987037751481
ENSG00000196632.12,11484,12,0.03410304768280962
ENSG00000158526.8,4076,475,3.8033348627117722
ENSG00000102302.8,4343,27,0.20289860674098958
ENSG00000130119.17,11949,717,1.9583608775182688
ENSG00000102313.9,5493,43,0.2554841644265972
ENSG00000102316.17,2943,860,9.537033742407738
ENSG00000067445.22,6716,1084,5.2677326428788716
ENSG00000158571.11,2168,1626,24.4774624743366
ENSG00000169188.5,3239,72,0.7254820616042957
ENSG00000182518.14,3868,332,2.801281468969236
ENSG00000187601.5,1440,107,2.4250819303277935
ENSG00000247746.5,4643,13,0.09137971488732168
ENSG00000083750.13,2715,236,2.8369213721023643
ENSG00000102349.18,12729,272,0.6973964745090797
ENSG00000188021.9,4242,1327,10.209521516091364
ENSG00000204272.13,2506,97,1.2632688800269491
ENSG00000237748.1,336,38,3.691045928669805
ENSG00000204271.13,15841,99,0.20396597731282318
ENSG00000186787.10,1479,19,0.41926688033571824
ENSG00000286977.1,1984,21,0.3454480591136215
ENSG00000198455.5,5467,174,1.0387362893810304
ENSG00000198205.7,5029,173,1.122715187395833
ENSG00000235437.10,14146,461,1.0635854847701753
ENSG00000186767.7,4105,18,0.1431081849900313
ENSG00000131089.17,14543,262,0.5879662764011269
ENSG00000184675.11,8407,257,0.9976936451218441
ENSG00000198881.10,1267,977,25.166514956513407
ENSG00000126970.17,5651,27,0.1559349936429159
ENSG00000228158.2,589,13,0.7203327949436918
ENSG00000001497.18,12555,446,1.159373239193323
ENSG00000147065.18,11407,1598,4.572044654918313
ENSG00000274536.9,4488,14,0.1018076276413287
ENSG00000155659.15,2333,19,0.2657932773324163
ENSG00000089472.18,9888,16,0.052810059275807134
ENSG00000169083.18,12818,1150,2.9280784153000567
ENSG00000079482.14,20704,327,0.5154643372686805
ENSG00000181704.12,8608,1194,4.5269656434879035
ENSG00000130052.14,5558,277,1.6265460250428785
ENSG00000213740.2,1160,65,1.8287759319906658
ENSG00000090776.6,3303,145,1.4327306726324787
ENSG00000181191.12,2845,142,1.6289629391239826
ENSG00000158813.18,7002,26,0.12118709403651372
ENSG00000089289.16,1864,1095,19.172261380113433
ENSG00000120500.19,1719,10,0.189858153766427
ENSG00000120509.12,5117,248,1.5817629323524143
ENSG00000130055.14,2638,12,0.14846072766845553
ENSG00000284391.1,1529,16,0.34152116816166184
ENSG00000082458.12,7883,29,0.12006366641393065
ENSG00000230629.2,330,17,1.6812802507625142
ENSG00000147164.12,2595,588,7.39511775717915
ENSG00000184481.17,3790,1613,13.889937368902356
ENSG00000184634.17,17341,713,1.3419011394346345
ENSG00000147130.14,6916,350,1.6516506392939678
ENSG00000147140.17,11222,1781,5.179630566956988
ENSG00000147166.11,2185,389,5.810363327241458
ENSG00000147133.17,11234,741,2.1527268047573944
ENSG00000147162.15,9803,5357,17.83478070998962
ENSG00000147174.12,3595,46,0.4176034395250751
ENSG00000204131.11,17675,151,0.278819185940581
ENSG00000242732.6,4806,29,0.1969333920809437
ENSG00000102309.15,4357,201,1.5056139415015402
ENSG00000186871.7,4344,17,0.1277215660109645
ENSG00000198034.11,2930,7172,79.88730869894978
ENSG00000147099.21,22888,125,0.17824087203146194
ENSG00000067177.15,6350,6040,31.043332985825323
ENSG00000231944.1,598,10,0.5457628199406155
ENSG00000186462.9,2553,47,0.6008307801508398
ENSG00000230311.2,435,16,1.2004272784348986
ENSG00000204116.12,6951,391,1.8358390308282957
ENSG00000230590.13,42249,989,0.7639852741956464
ENSG00000225470.9,22568,134,0.1937835266194674
ENSG00000234969.1,1182,23,0.6350610681440969
ENSG00000228492.2,1762,10,0.18522483900368222
ENSG00000271533.1,3685,216,1.9130282747921146
ENSG00000147100.11,4292,79,0.6007205764127344
ENSG00000131263.13,10627,634,1.947079603366194
ENSG00000131269.19,5364,918,5.585461235754662
ENSG00000094841.14,3689,216,1.9109539692623863
ENSG00000232186.1,1228,14,0.37207869124941634
ENSG00000102383.14,6820,39,0.1866316786899565
ENSG00000215105.4,6081,140,0.751377459059831
ENSG00000102390.11,1207,230,6.2190735919330775
ENSG00000198934.5,3633,26,0.23356785919176135
ENSG00000085224.23,22740,3720,5.338971586310887
ENSG00000102158.22,6801,651,3.1240166780950114
ENSG00000131174.7,3025,8034,86.67853819011363
ENSG00000165240.22,28126,143,0.16593316427647656
ENSG00000102144.15,5437,9384,56.3292276032554
ENSG00000187325.5,2735,673,8.030874951970036
ENSG00000173198.6,5567,10,0.058625142145587936
ENSG00000078596.11,2051,616,9.802123766742303
ENSG00000165288.11,14234,160,0.36685813272388706
ENSG00000289132.1,2810,19,0.22067463203435136
ENSG00000073905.8,848,205,7.889748124589628
ENSG00000198157.11,2389,89,1.2158471662988464
ENSG00000131171.13,2145,321,4.884081090450381
ENSG00000072133.12,8988,12,0.043573586959210694
ENSG00000165259.14,7258,10,0.04496640483941693
ENSG00000155008.16,6480,1529,7.700831301082442
ENSG00000147180.17,5045,42,0.2717022593781665
ENSG00000188419.14,8644,503,1.8991460164416647
ENSG00000237506.3,861,59,2.2364232071016024
ENSG00000227581.2,622,33,1.7315246766411747
ENSG00000174740.8,3450,18,0.17027799982147204
ENSG00000229132.2,1216,24,0.6441437493246475
ENSG00000234322.1,1027,24,0.7626862698916956
ENSG00000147202.19,9475,844,2.907156141191218
ENSG00000165194.15,9756,26,0.08697745310000705
ENSG00000000003.16,4530,112,0.8069097268949815
ENSG00000102359.9,7707,28,0.11857081428682582
ENSG00000102362.16,10275,41,0.13022883522436993
ENSG00000101811.15,2743,106,1.2612035592561333
ENSG00000188917.15,4055,485,3.903516415964901
ENSG00000102384.14,6981,21,0.09817632850328391
ENSG00000126953.8,3082,155,1.641361316687075
ENSG00000241343.10,3965,20,0.1646235391296283
ENSG00000102393.15,6195,193,1.0167662647397289
ENSG00000126945.9,2296,1093,15.536507830691004
ENSG00000196440.12,13347,165,0.40346457963243076
ENSG00000126947.13,2125,594,9.12289424925863
ENSG00000198960.11,2489,62,0.8129651390967563
ENSG00000102401.20,4239,1043,8.030193712584124
ENSG00000261101.2,656,12,0.5970112798618684
ENSG00000207291.1,107,10,3.0501510871447484
ENSG00000184867.14,3548,153,1.4073851028085307
ENSG00000166432.16,7514,204,0.8860619900212345
ENSG00000125962.16,4911,150,0.9968422917669154
ENSG00000271147.8,4244,40,0.3076024187789709
ENSG00000198932.13,6789,263,1.2643143576865572
ENSG00000158301.20,3706,264,2.3248965976703952
ENSG00000223546.9,12055,20,0.054146191011943276
ENSG00000239407.5,1133,12,0.3456658425325558
ENSG00000102409.10,1312,43,1.0696452097525142
ENSG00000180964.17,1211,237,6.387182610974704
ENSG00000133134.12,1137,10,0.2870414831349939
ENSG00000182916.8,1144,37,1.055554908566963
ENSG00000185222.10,1974,106,1.7525234868488213
ENSG00000166681.14,1112,152,4.461120259111707
ENSG00000133142.19,2511,643,8.357365390149177
ENSG00000279894.1,2297,13,0.18470875760637112
ENSG00000196507.11,2305,78,1.1044061159787448
ENSG00000172465.14,1601,388,7.909436135783971
ENSG00000123562.18,2648,3278,40.40137058956465
ENSG00000231154.1,2086,18,0.2816198942397309
ENSG00000288597.1,12466,11,0.028798554705353512
ENSG00000123570.4,3772,457,3.9541181869112156
ENSG00000269743.3,6827,50,0.2390260482821796
ENSG00000123575.9,7624,738,3.1592107915460677
ENSG00000123572.17,9577,29,0.09882655135648068
ENSG00000157502.13,4343,322,2.4197537544666163
ENSG00000147231.14,4850,37,0.24898037430940329
ENSG00000133135.14,3418,262,2.501695013955994
ENSG00000133138.20,9515,44,0.15092077055467654
ENSG00000133131.15,6019,464,2.5159312373245135
ENSG00000089682.17,9177,900,3.200714282358497
ENSG00000213569.4,611,79,4.21979167588127
ENSG00000147224.13,3390,558,5.372044861624317
ENSG00000157514.18,4957,2220,14.616358467628878
ENSG00000080561.14,7554,800,3.4563533632458356
ENSG00000101843.19,2390,247,3.3729055682907343
ENSG00000101844.18,2927,509,5.67544853635683
ENSG00000197565.17,9282,53,0.18635430742510092
ENSG00000188153.14,11871,314,0.8632716386647228
ENSG00000101888.12,3104,46,0.48366120009427993
ENSG00000068366.21,9971,716,2.343578127452948
ENSG00000157600.12,6583,970,4.808980424346855
ENSG00000101935.13,6804,56,0.2686141286621301
ENSG00000133136.6,1276,12,0.3069274291452866
ENSG00000101938.15,3920,65,0.5411683880380542
ENSG00000077274.9,3532,113,1.0441499658739284
ENSG00000229939.1,287,19,2.1606122509286667
ENSG00000225031.1,1813,225,4.050324733756747
ENSG00000101901.13,8188,372,1.4827578636139418
ENSG00000126016.17,8518,3519,13.483007035640682
ENSG00000130224.15,4953,32,0.21085639657548189
ENSG00000102024.19,4092,976,7.784295658179383
ENSG00000228532.4,288,17,1.9264669539987143
ENSG00000003096.15,6928,110,0.5181910839447703
ENSG00000131725.14,4202,293,2.2757088703730366
ENSG00000147251.16,6804,84,0.4029211929931951
ENSG00000131724.11,4650,943,6.618565480515962
ENSG00000203650.9,6388,39,0.19925298194513205
ENSG00000175556.17,4041,113,0.9126299627485065
ENSG00000101856.10,1919,196,3.333390755581014
ENSG00000077713.19,2839,32,0.36786605573735887
ENSG00000224281.6,3143,84,0.8722481059897232
ENSG00000005022.6,1555,249,5.226056296771546
ENSG00000077721.17,5998,1344,7.313039805603734
ENSG00000018610.15,2581,239,3.022143113194601
ENSG00000186416.18,4552,115,0.8245190933065935
ENSG00000125354.24,6245,123,0.6428028576126826
ENSG00000198918.8,2128,3761,57.68153907642855
ENSG00000286366.1,2006,15,0.24404249725161126
ENSG00000125351.14,2531,271,3.4944777192388883
ENSG00000125352.6,1259,74,1.918276116601439
ENSG00000125356.7,421,2311,179.15254403227837
ENSG00000101882.10,7873,371,1.5379378598550117
ENSG00000258545.7,2641,121,1.495278535602539
ENSG00000293328.1,3886,11,0.0923836291705962
ENSG00000177485.7,5313,402,2.469399564510525
ENSG00000125355.16,3858,19,0.16072983826244877
ENSG00000101892.12,4773,932,6.372790006587532
ENSG00000005893.17,10628,4435,13.619062360266321
ENSG00000158290.19,33815,723,0.6978049334691849
ENSG00000232119.8,10764,598,1.8131453684693783
ENSG00000171155.8,1808,165,2.978452292231224
ENSG00000182890.5,2485,15,0.19700171005502298
ENSG00000125676.20,10277,878,2.7882601346005695
ENSG00000101966.14,9523,1114,3.817829563010393
ENSG00000101972.20,15987,1555,3.174450419932313
ENSG00000009694.14,13547,46,0.1108204299913372
ENSG00000102038.16,4363,826,6.17874062305815
ENSG00000122126.18,7992,664,2.711550731224475
ENSG00000171388.12,3224,43,0.4352898620332812
ENSG00000287024.1,351,10,0.9298181376766043
ENSG00000122122.10,2741,11,0.13097511235203826
ENSG00000188706.13,5243,231,1.4379283696539524
ENSG00000156697.13,4087,201,1.6050795065138759
ENSG00000085185.16,7984,123,0.5027935678596196
ENSG00000102034.18,5237,73,0.4549308791614976
ENSG00000156709.15,13092,1437,3.582250084084092
ENSG00000056277.16,4638,68,0.47850149439554096
ENSG00000102078.16,3009,46,0.4989313277144051
ENSG00000134597.17,2782,175,2.052986308655119
ENSG00000165675.19,5331,224,1.371337858876108
ENSG00000134602.16,3317,10,0.09839197055305639
ENSG00000123728.10,4118,767,6.078748168307001
ENSG00000232160.7,5859,122,0.6795813669839144
ENSG00000076770.16,13009,53,0.13296492286261716
ENSG00000171004.19,5122,149,0.9494056771251215
ENSG00000076716.9,4959,921,6.061368001307795
ENSG00000147257.16,3281,19,0.188995951239417
ENSG00000227008.2,416,10,0.7845340536646348
ENSG00000203952.10,2703,18,0.21733595981652923
ENSG00000156531.18,16534,277,0.5467728805605613
ENSG00000165704.15,1612,153,3.0976441344693963
ENSG00000156504.17,4404,177,1.3116896330480106
ENSG00000156500.16,7919,54,0.2225504859391635
ENSG00000101928.13,2659,519,6.370215882753265
ENSG00000184785.6,1483,42,0.9243006733397504
ENSG00000212747.5,2030,65,1.0450148182803807
ENSG00000134590.14,1192,1028,28.146343874293102
ENSG00000286964.1,2227,12,0.17585963160726792
ENSG00000203950.7,1265,125,3.22496211783091
ENSG00000196972.9,2817,21,0.2432974615837504
ENSG00000186376.15,6838,211,1.0070672871375692
ENSG00000173275.13,5591,366,2.136469627522136
ENSG00000178947.9,5230,15,0.09360406299937515
ENSG00000165359.16,7177,102,0.4638337601379098
ENSG00000169446.6,5186,807,5.078625071806052
ENSG00000198689.13,11402,451,1.2909238818833901
ENSG00000022267.19,5862,270054,1503.5224954041846
ENSG00000129680.16,6885,419,1.9861644689899856
ENSG00000102241.12,3055,3709,39.62330968568007
ENSG00000129675.16,5278,4401,27.21366991273346
ENSG00000225125.2,655,17,0.8470572255750072
ENSG00000232611.1,3018,249,2.6926830820012433
ENSG00000225400.1,651,16,0.8021288266039645
ENSG00000147274.14,5882,2625,14.564964070074485
ENSG00000129682.16,20720,795,1.2522253968531276
ENSG00000101974.15,7409,103,0.45371460563398935
ENSG00000182195.9,4983,18,0.11789265490348758
ENSG00000179542.16,9238,646,2.282231472673948
ENSG00000231686.1,988,17,0.5615612173599491
ENSG00000102081.16,10289,406,1.2878283946714175
ENSG00000219507.4,514,58,3.682731059692667
ENSG00000010404.18,9294,124,0.43543581476475707
ENSG00000241769.7,3604,17,0.15394630487004154
ENSG00000197620.11,5126,280,1.7827258402430093
ENSG00000269556.9,5158,144,0.9111424573618898
ENSG00000197021.9,2398,99,1.3473832554680698
ENSG00000235703.7,9404,30,0.10411511048207829
ENSG00000013619.15,6664,225,1.1019265819779385
ENSG00000171100.16,11492,434,1.2325349476577427
ENSG00000063601.17,6328,506,2.6096915322406913
ENSG00000102181.22,5751,3132,17.773932062742073
ENSG00000029993.15,3914,107,0.8922120540807414
ENSG00000160131.14,5107,373,2.3836808309973376
ENSG00000130032.17,6524,72,0.36018338404909783
ENSG00000102287.19,9612,115,0.390471380850147
ENSG00000147400.10,1887,212,3.6666469136614452
ENSG00000147383.11,1996,91,1.487941940657736
ENSG00000147394.20,4968,55,0.36131520023846303
ENSG00000063587.15,8147,238,0.9534202477627122
ENSG00000182492.16,2404,276,3.7469659694491977
ENSG00000262919.8,1677,150,2.9191964787521294
ENSG00000130822.16,5077,20,0.1285665417862864
ENSG00000130821.17,5697,4434,25.4012213705947
ENSG00000185825.17,3301,678,6.703309929354829
ENSG00000101986.12,4238,290,2.233274852149635
ENSG00000184343.11,4744,1602,11.021049714414627
ENSG00000067829.20,2699,1045,12.636259496446463
ENSG00000180879.14,4564,282,2.0165481793055573
ENSG00000067840.13,4341,25,0.18795563598507717
ENSG00000126895.16,2293,40,0.5693260642380952
ENSG00000089820.17,5580,26,0.15207025671033494
ENSG00000102030.16,4946,179,1.1811472659135334
ENSG00000172534.14,9011,972,3.520451821855537
ENSG00000177854.8,1496,25,0.5453980052214038
ENSG00000184216.15,4264,565,4.324504783614817
ENSG00000169057.25,18999,1165,2.001245243265586
ENSG00000196924.19,10860,1593,4.78730481542274
ENSG00000102119.12,1995,762,12.465715225025559
ENSG00000147403.18,4602,13715,97.26449307128105
ENSG00000013563.14,4132,581,4.589030557466786
ENSG00000102125.17,6144,497,2.640038812878753
ENSG00000197180.4,647,19,0.9584168717411551
ENSG00000071553.18,5683,597,3.4284814586612598
ENSG00000203879.12,5256,901,5.5946711540784575
ENSG00000071859.15,2552,549,7.0209649416984306
ENSG00000130827.6,11710,86,0.23968821779595195
ENSG00000196976.8,967,78,2.6325295732481973
ENSG00000102178.13,2575,1544,19.569295565243088
ENSG00000126903.16,2247,130,1.8881887682324634
ENSG00000071889.17,5098,357,2.2854594228686196
ENSG00000160211.20,5062,48,0.3094740415562115
ENSG00000269335.7,5425,26,0.1564151211877731
ENSG00000160219.12,5272,87,0.5385784611196976
ENSG00000130826.19,9198,426,1.5115458453384638
ENSG00000130830.15,5396,478,2.891086499316258
ENSG00000185010.15,10956,1028,3.0622893298792784
ENSG00000288722.1,1707,119,2.275194715443121
ENSG00000165775.18,10094,4028,13.02360727120109
ENSG00000214827.11,2462,16,0.2120982396909752
ENSG00000185515.16,3166,622,6.411868460323171
ENSG00000155959.12,1948,1615,27.057564610577423
ENSG00000155962.13,2840,95,1.0917178098882523
ENSG00000277150.2,1707,13,0.2485506831996687
ENSG00000185973.12,5111,543,3.467361148781002
ENSG00000124333.16,2615,37,0.46178004413025076
ENSG00000292358.1,2941,74,0.8211865456651519
ENSG00000292327.1,9045,25,0.09020623723728251
ENSG00000292332.1,1710,20,0.3817148144146059
ENSG00000292334.1,1553,10,0.2101520710395931
ENSG00000292339.1,3506,24,0.22341095241836034
ENSG00000292343.1,4070,19,0.15235766978293053
ENSG00000292345.1,4764,28,0.1918189054803876
ENSG00000292348.1,4858,71,0.4769863690621378
ENSG00000129824.16,2159,926,13.997918944718664
ENSG00000067646.12,5557,308,1.8089037111380657
ENSG00000273906.1,2110,16,0.24748145313705258
ENSG00000293442.1,7674,86,0.3657478538429238
ENSG00000291032.1,2196,10,0.14861847282535887
ENSG00000114374.13,18224,783,1.4022426922304332
ENSG00000067048.17,5720,1226,6.995190907584307
ENSG00000183878.16,9716,524,1.7601468830180298
ENSG00000215414.4,741,44,1.9379367501049225
ENSG00000165246.15,8593,36,0.1367296868111436
ENSG00000176728.10,22334,195,0.2849529973729523
ENSG00000291033.1,12446,430,1.127570717656515
ENSG00000267793.1,570,10,0.5725722216219089
ENSG00000260197.1,2666,115,1.4078060437853013
ENSG00000012817.16,9463,1194,4.11794571057211
ENSG00000288049.1,5922,15,0.08266620220985008
ENSG00000229236.3,8045,11,0.044624335979731124
ENSG00000198692.10,4023,1379,11.187147485992272
ENSG00000211459.2,954,111813,3825.155152540879
ENSG00000210082.2,1559,1415836,29639.57456473367
ENSG00000198888.2,956,685679,23408.203614979986
ENSG00000198763.3,1042,478402,14984.09085431552
ENSG00000210135.1,73,388,173.4658527861663
ENSG00000210140.1,66,36,17.80179089042662
ENSG00000198804.2,1542,2318298,49067.05775990454
ENSG00000198712.1,684,758083,36171.43895698346
ENSG00000228253.1,207,50211,7916.508008366604
ENSG00000198899.2,681,639521,30648.75433979485
ENSG00000198938.2,784,1059653,44111.59276074525
ENSG00000198840.2,346,252217,23790.48999186804
ENSG00000212907.2,297,202498,22252.018837837102
ENSG00000198886.2,1378,1111899,26334.268067491434
ENSG00000198786.2,1812,475049,8556.287027940492
ENSG00000198695.2,525,101300,6297.312885461074
ENSG00000198727.2,1141,623177,17825.055953689352
ENSG00000210196.2,68,6211,2980.970969178522
